frame,timestamp,lm_0_x,lm_0_y,lm_1_x,lm_1_y,lm_2_x,lm_2_y,lm_3_x,lm_3_y,lm_4_x,lm_4_y,lm_5_x,lm_5_y,lm_6_x,lm_6_y,lm_7_x,lm_7_y,lm_8_x,lm_8_y,lm_9_x,lm_9_y,lm_10_x,lm_10_y,lm_11_x,lm_11_y,lm_12_x,lm_12_y,lm_13_x,lm_13_y,lm_14_x,lm_14_y,lm_15_x,lm_15_y,lm_16_x,lm_16_y,lm_17_x,lm_17_y,lm_18_x,lm_18_y,lm_19_x,lm_19_y,lm_20_x,lm_20_y,lm_21_x,lm_21_y,lm_22_x,lm_22_y,lm_23_x,lm_23_y,lm_24_x,lm_24_y,lm_25_x,lm_25_y,lm_26_x,lm_26_y,lm_27_x,lm_27_y,lm_28_x,lm_28_y,lm_29_x,lm_29_y,lm_30_x,lm_30_y,lm_31_x,lm_31_y,lm_32_x,lm_32_y,lm_33_x,lm_33_y,lm_34_x,lm_34_y,lm_35_x,lm_35_y,lm_36_x,lm_36_y,lm_37_x,lm_37_y,lm_38_x,lm_38_y,lm_39_x,lm_39_y,lm_40_x,lm_40_y,lm_41_x,lm_41_y,lm_42_x,lm_42_y,lm_43_x,lm_43_y,lm_44_x,lm_44_y,lm_45_x,lm_45_y,lm_46_x,lm_46_y,lm_47_x,lm_47_y,lm_48_x,lm_48_y,lm_49_x,lm_49_y,lm_50_x,lm_50_y,lm_51_x,lm_51_y,lm_52_x,lm_52_y,lm_53_x,lm_53_y,lm_54_x,lm_54_y,lm_55_x,lm_55_y,lm_56_x,lm_56_y,lm_57_x,lm_57_y,lm_58_x,lm_58_y,lm_59_x,lm_59_y,lm_60_x,lm_60_y,lm_61_x,lm_61_y,lm_62_x,lm_62_y,lm_63_x,lm_63_y,lm_64_x,lm_64_y,lm_65_x,lm_65_y,lm_66_x,lm_66_y,lm_67_x,lm_67_y,lm_68_x,lm_68_y,nose_tip_mean,nose_tip_std,left_eye_mean,left_eye_std,right_eye_mean,right_eye_std,forehead_mean,forehead_std
1,2026-02-11T17:44:04.747776,200,203,200,231,201,245,207,277,214,290,221,301,239,318,260,329,275,330,289,329,308,317,323,300,329,290,335,276,340,245,341,231,342,203,210,199,216,193,226,190,241,191,258,193,294,192,310,191,323,191,332,194,337,199,277,212,277,220,277,227,277,234,278,241,278,250,277,256,277,260,277,261,277,263,225,216,233,213,243,213,254,216,245,218,234,219,297,216,307,213,317,213,324,216,315,219,305,218,247,287,259,281,267,280,276,282,284,280,292,282,302,288,293,301,285,305,275,306,265,305,257,301,250,288,263,287,275,288,288,287,299,289,282,292,275,293,268,292,170.38,22.22,71.91,10.22,85.45,16.9,93.98,22.61
2,2026-02-11T17:44:04.778412,200,202,200,230,201,244,207,277,214,290,221,301,239,318,260,329,275,330,289,329,308,317,323,300,329,290,335,276,340,245,341,231,341,203,210,199,216,193,226,190,241,191,258,193,294,192,310,191,323,190,332,194,337,199,276,212,277,220,277,227,277,234,277,241,278,250,277,256,277,260,277,261,277,263,225,216,233,213,243,212,254,216,245,218,234,219,296,216,306,212,317,213,324,216,315,219,305,218,247,287,259,281,267,280,276,282,284,280,292,282,302,288,292,301,285,305,275,306,265,305,257,301,250,287,263,287,275,288,287,287,299,289,282,292,275,293,268,292,170.43,22.22,72.08,10.04,86.3,16.71,95.57,23.63
3,2026-02-11T17:44:04.811118,200,202,200,230,201,244,207,277,213,290,221,301,239,318,260,329,275,330,289,328,308,317,323,300,329,290,334,276,340,245,340,231,341,203,210,199,216,193,226,190,240,191,258,193,294,192,310,191,323,190,332,194,336,199,276,212,277,220,277,227,277,234,277,241,277,250,277,256,277,260,277,261,277,263,225,215,232,213,243,212,254,216,245,218,234,219,296,216,306,212,317,212,323,215,315,219,305,218,247,287,259,281,267,280,276,282,284,280,292,282,302,288,292,301,285,304,275,305,265,304,257,301,250,287,263,287,275,288,287,287,299,288,282,292,275,292,268,292,170.21,22.26,72.02,9.92,86.51,16.46,95.8,23.69
4,2026-02-11T17:44:04.844444,200,202,200,230,201,244,207,276,213,290,221,301,239,318,260,329,275,330,289,328,308,317,323,300,329,290,334,276,339,245,340,230,341,203,210,199,216,193,226,190,240,190,258,193,294,192,310,191,323,190,332,193,336,199,276,212,277,220,277,227,277,234,277,241,277,250,277,256,277,260,277,261,277,263,225,215,232,212,243,212,254,216,245,218,234,219,296,216,306,212,316,212,323,215,315,218,304,218,247,287,259,281,267,280,276,281,284,280,291,282,302,288,292,301,285,304,275,305,265,304,257,301,250,287,263,287,275,287,287,287,299,288,282,292,275,292,268,291,171.19,23.0,71.83,9.73,87.09,16.76,96.25,23.15
5,2026-02-11T17:44:04.878146,200,202,200,230,201,244,207,276,213,290,221,301,239,317,260,329,275,330,289,328,308,316,323,300,329,290,334,276,339,245,340,230,341,203,210,199,216,193,226,190,240,190,257,193,293,192,310,191,323,190,332,193,336,199,276,211,277,220,277,227,277,234,277,241,277,250,277,256,277,259,277,261,276,263,225,215,232,212,243,211,254,216,245,218,234,218,296,216,306,211,316,212,323,215,315,218,304,218,247,287,259,281,267,279,276,281,284,280,291,282,302,288,292,301,284,304,275,305,265,304,257,301,250,287,263,286,275,287,287,287,299,288,282,292,275,292,268,291,171.84,23.22,72.72,9.79,87.99,16.87,95.72,23.54
6,2026-02-11T17:44:04.935149,200,202,200,230,201,244,207,276,213,290,220,301,239,317,260,329,274,330,289,328,308,316,323,300,329,290,334,276,339,245,340,230,340,203,210,198,216,193,226,190,240,190,257,192,293,192,310,190,323,190,332,193,336,199,276,211,276,219,277,227,277,233,277,241,277,249,277,256,277,259,277,261,276,262,225,215,232,212,243,211,254,216,245,218,234,218,296,216,306,211,316,211,323,215,315,218,304,218,247,286,259,281,267,279,276,281,284,279,291,281,302,287,292,300,284,304,275,305,265,304,257,300,250,287,262,286,275,287,287,287,299,288,282,292,275,292,268,291,171.18,23.1,72.59,9.77,87.31,16.46,94.59,22.44
7,2026-02-11T17:44:04.965086,199,202,199,230,200,244,207,276,213,290,220,301,238,317,259,328,274,329,289,327,308,316,323,299,329,289,334,276,339,244,340,230,340,202,210,198,216,192,226,189,240,190,257,192,293,192,310,190,323,189,332,193,336,198,276,211,276,219,277,226,277,233,277,240,277,249,277,255,277,259,277,260,276,262,224,215,232,211,243,211,254,216,245,218,234,218,296,215,306,210,316,211,323,214,315,218,304,218,246,286,258,280,267,278,276,280,284,279,292,280,302,287,292,300,284,304,275,305,265,304,257,300,250,286,262,286,275,287,287,286,299,287,282,291,275,292,268,291,172.24,22.7,73.1,10.15,87.88,16.17,96.51,22.93
8,2026-02-11T17:44:04.998361,199,202,199,230,200,244,207,276,213,290,220,300,238,316,259,327,274,328,289,327,308,315,323,299,329,289,334,275,339,244,340,230,340,202,210,198,216,192,226,189,240,189,258,192,293,191,310,189,323,189,331,192,336,198,276,210,276,218,277,225,277,232,277,239,277,248,277,254,277,258,277,260,276,261,224,214,232,211,243,210,254,215,245,217,234,218,296,215,306,210,316,211,323,214,315,218,304,217,246,286,258,279,267,277,276,279,284,277,292,280,302,286,292,300,285,304,275,305,265,304,257,300,250,286,262,286,275,286,287,286,299,287,282,291,275,291,268,290,171.91,22.67,74.1,10.29,89.48,16.28,97.66,22.43
9,2026-02-11T17:44:05.029386,199,202,199,230,200,244,207,276,213,289,220,300,238,316,259,327,274,328,289,326,308,315,323,299,329,289,334,275,339,244,340,230,340,202,210,198,216,192,226,188,240,189,258,191,293,191,310,189,323,189,331,192,336,198,276,210,276,218,277,225,277,231,277,239,277,247,277,253,277,257,277,259,276,260,224,214,232,210,242,210,254,215,245,217,233,218,296,215,306,210,316,211,323,214,315,218,304,217,247,285,258,278,267,276,276,278,284,277,292,279,302,286,292,300,285,304,275,305,265,304,257,300,250,285,262,285,275,286,287,286,299,286,282,291,275,291,268,290,171.73,22.65,74.84,10.92,89.07,16.09,98.48,22.04
10,2026-02-11T17:44:05.059287,199,202,199,230,200,244,207,276,213,289,220,299,238,315,259,326,274,328,289,326,308,315,323,299,329,289,334,275,339,244,339,230,340,202,210,197,216,191,226,188,240,189,258,191,293,191,309,189,322,189,331,192,336,198,276,210,276,218,277,225,277,231,277,238,277,247,277,253,277,256,277,258,276,260,224,214,231,210,242,210,254,215,244,217,233,218,296,215,306,210,316,211,323,214,315,218,304,217,247,284,258,278,267,276,276,277,284,276,292,278,301,286,292,299,285,303,275,304,265,303,257,299,250,284,263,284,275,285,287,285,298,286,282,290,275,290,268,289,171.76,22.67,76.52,11.07,89.17,16.09,97.19,21.64
11,2026-02-11T17:44:05.091034,199,202,199,230,200,244,207,276,213,289,221,299,239,315,260,326,274,327,289,326,308,314,323,298,329,289,334,275,339,244,339,230,340,202,210,197,216,191,226,187,241,188,258,190,293,190,309,189,322,188,331,192,336,198,276,209,276,217,277,224,277,230,277,237,278,246,277,252,277,255,277,257,277,259,224,214,232,210,242,210,254,215,245,217,233,218,296,215,306,210,316,210,323,214,315,217,304,217,248,284,259,277,267,275,276,276,284,275,292,277,301,285,292,298,285,302,275,303,266,302,258,298,251,284,263,283,275,284,287,284,298,285,282,289,275,289,269,288,171.96,22.66,79.74,11.38,90.28,16.98,100.94,22.02
12,2026-02-11T17:44:05.123184,200,202,200,230,201,244,207,275,214,289,221,299,239,315,260,326,274,327,289,325,308,314,322,298,328,289,333,275,339,244,339,230,340,202,210,197,216,190,227,187,241,188,258,190,293,190,309,188,322,188,331,192,336,197,276,209,277,217,277,223,277,230,277,237,278,245,278,251,277,255,277,257,277,258,224,213,232,210,243,209,254,215,245,217,234,217,296,215,306,210,316,210,323,214,315,217,304,217,249,283,259,276,267,274,276,275,284,274,292,277,301,285,292,297,285,301,275,302,266,301,258,297,252,283,264,282,276,283,287,283,298,285,282,288,276,288,269,287,171.23,22.71,80.47,11.18,90.28,17.15,99.42,22.34
13,2026-02-11T17:44:05.153124,200,202,200,230,201,244,207,275,214,288,221,299,239,315,260,325,275,327,289,325,308,314,322,298,328,288,333,275,338,244,339,230,340,202,211,196,217,190,227,187,242,187,259,190,294,190,310,188,322,188,331,191,336,197,276,208,277,216,277,223,277,229,278,236,278,244,278,251,277,254,277,256,277,258,225,213,232,209,243,209,254,214,245,216,234,217,296,214,306,209,316,210,323,213,315,217,304,216,249,282,260,275,268,273,276,275,285,273,292,276,301,284,292,296,285,300,276,301,266,299,259,295,252,282,264,281,276,282,287,282,298,284,282,287,276,287,269,286,171.63,23.1,82.35,11.29,89.66,16.61,99.91,21.73
14,2026-02-11T17:44:05.183366,201,201,200,229,201,243,208,275,214,288,221,298,239,314,260,325,275,326,289,324,307,313,322,298,328,288,333,275,338,244,339,230,340,203,212,196,218,190,228,187,243,187,259,189,294,190,310,188,322,188,331,191,336,197,277,208,277,216,277,222,278,229,278,236,278,244,278,250,278,254,277,256,277,257,225,213,233,209,243,209,255,214,245,216,234,216,296,214,306,209,316,210,323,213,315,217,304,216,249,282,260,275,268,273,277,274,285,273,292,276,301,283,292,295,285,299,276,299,267,298,259,295,252,282,264,281,276,282,288,282,298,283,282,286,276,287,270,286,172.13,22.69,84.52,11.89,90.13,16.99,100.54,21.75
15,2026-02-11T17:44:05.213501,202,201,201,229,202,243,208,274,215,288,222,298,240,314,260,324,275,325,289,324,307,313,322,297,328,288,333,275,338,244,339,230,340,203,213,196,219,190,229,187,243,187,260,189,294,190,310,188,322,188,331,191,336,197,277,208,277,216,278,222,278,228,278,235,279,243,278,250,278,253,278,255,277,257,226,212,233,209,244,209,255,214,246,216,235,216,296,214,306,209,316,210,323,213,315,217,304,216,250,281,260,274,269,272,277,274,285,273,292,275,302,283,293,295,285,298,276,299,267,298,259,294,253,281,265,280,277,281,288,281,299,283,283,286,277,286,270,285,170.92,22.94,84.79,11.49,90.96,17.19,101.41,21.95
16,2026-02-11T17:44:05.250872,202,201,202,229,202,243,209,274,215,287,223,297,240,313,261,324,275,325,289,323,307,313,322,297,328,287,333,275,338,244,339,230,340,203,213,196,219,190,230,187,244,187,260,189,294,189,310,188,322,188,331,191,336,197,277,208,278,215,278,222,278,228,279,235,279,243,279,250,278,253,278,255,278,257,226,212,234,209,244,209,255,214,246,216,235,216,296,214,306,209,316,209,323,213,315,216,305,216,250,281,261,274,269,272,277,274,285,273,293,275,302,282,293,294,286,297,277,298,268,297,260,294,253,281,265,281,277,281,288,281,299,282,283,285,277,285,270,284,169.78,23.16,84.99,11.42,90.72,17.59,100.96,22.25
17,2026-02-11T17:44:05.280887,203,201,202,229,203,242,209,274,216,287,223,297,241,313,261,323,276,325,290,323,308,312,322,296,328,287,333,274,338,244,339,230,340,203,214,196,220,190,230,186,244,187,261,189,294,189,310,188,323,188,331,191,336,197,278,208,278,215,278,222,279,228,279,235,279,243,279,249,279,253,278,255,278,256,227,212,234,209,245,208,256,213,246,215,236,216,296,214,306,209,316,209,323,213,315,216,305,216,250,281,261,274,269,272,278,273,286,272,293,274,302,282,293,294,286,297,277,298,268,297,260,294,253,281,265,280,277,281,289,281,300,282,284,285,277,285,271,284,170.64,22.95,86.39,11.54,90.74,17.64,102.96,22.3
18,2026-02-11T17:44:05.310470,203,201,203,228,204,242,210,273,216,286,224,296,241,312,262,323,276,324,290,323,308,312,322,296,328,287,333,274,338,244,339,230,340,203,215,196,221,190,232,186,246,187,262,189,295,189,310,188,323,188,331,191,336,197,279,208,279,215,279,222,280,228,280,235,280,243,280,249,280,253,279,255,279,256,228,212,235,208,246,208,257,213,247,215,237,215,297,213,307,209,317,209,323,213,315,216,305,216,251,281,262,273,270,271,279,273,287,272,294,274,303,282,294,294,287,298,278,299,268,298,261,294,254,281,266,279,278,280,289,280,300,282,284,285,278,285,271,285,169.95,22.93,86.3,11.39,89.18,17.0,102.72,22.27
19,2026-02-11T17:44:05.339274,204,200,203,228,204,241,211,272,217,286,224,296,242,312,263,323,277,324,291,322,309,311,322,296,328,286,333,273,338,243,339,229,340,202,216,196,222,190,232,186,247,187,263,189,296,189,311,188,323,188,331,191,336,197,280,207,280,215,280,222,281,228,281,235,282,243,281,249,281,252,281,254,280,256,229,211,236,208,247,208,258,213,249,215,238,215,297,213,307,208,317,209,323,212,315,216,305,215,252,281,263,273,271,271,280,273,288,272,295,274,303,282,295,294,288,298,279,299,269,298,261,294,255,281,267,279,279,279,290,279,300,283,285,287,279,287,272,286,170.49,22.53,86.46,11.64,91.07,17.25,103.34,23.2
20,2026-02-11T17:44:05.371461,205,200,204,227,205,241,211,272,218,285,225,296,243,312,263,322,278,324,292,322,309,311,323,296,328,286,333,273,338,243,339,229,340,203,218,196,224,190,235,186,249,187,265,189,298,189,313,188,324,188,333,192,337,198,282,207,282,215,283,222,283,228,284,234,284,242,284,248,283,252,283,254,282,255,230,211,238,208,248,208,259,213,250,214,240,215,299,213,308,209,318,209,324,213,317,216,307,215,253,281,264,272,273,270,281,272,289,271,296,273,304,282,296,294,289,298,280,299,270,298,262,294,256,281,268,278,281,278,292,279,301,282,287,288,280,288,273,287,170.01,22.59,85.96,10.61,89.76,16.36,104.56,23.44
21,2026-02-11T17:44:05.402270,207,200,206,227,206,240,212,271,219,285,226,295,244,311,264,322,279,323,293,322,310,311,323,295,328,286,333,273,338,243,339,229,340,203,220,196,226,190,237,186,251,187,267,189,300,189,314,188,326,188,334,192,338,198,284,208,284,215,284,222,285,228,285,234,286,242,285,248,285,252,284,254,284,255,232,211,240,209,251,209,262,212,253,214,242,214,300,213,309,209,319,210,326,213,318,216,308,215,254,280,266,272,275,270,283,271,291,270,298,273,305,282,298,295,290,299,281,300,272,298,263,294,257,281,270,277,282,278,293,278,302,282,288,288,282,288,275,287,170.28,22.32,83.86,10.0,89.52,16.38,105.1,23.39
22,2026-02-11T17:44:05.433266,209,200,207,226,207,240,213,271,219,285,227,295,244,311,265,322,280,323,294,321,311,310,324,295,329,286,334,273,338,243,339,230,341,203,221,195,228,190,238,186,252,187,268,189,301,190,315,189,327,189,335,193,338,198,285,207,285,215,286,221,286,227,287,234,287,242,286,248,286,251,285,253,285,255,234,211,242,209,252,209,263,212,254,214,243,214,301,213,311,209,320,210,327,213,319,216,309,215,255,280,267,271,276,269,284,271,292,270,299,272,306,282,299,295,291,299,282,300,272,298,264,295,259,280,271,277,283,277,294,278,303,282,289,288,283,288,276,287,171.09,22.29,83.9,9.81,91.68,17.12,104.32,23.12
23,2026-02-11T17:44:05.465753,209,200,207,226,208,240,214,271,220,284,227,294,245,310,266,321,281,323,294,321,311,310,324,295,329,286,334,273,339,243,339,230,341,204,222,195,229,190,239,187,253,187,270,189,302,190,317,189,328,189,336,193,339,198,286,207,287,215,287,221,288,227,288,234,288,241,288,247,287,251,287,253,286,254,235,211,243,209,253,209,263,212,254,213,244,214,302,213,312,209,321,210,328,213,320,216,310,215,257,280,268,271,277,268,286,270,294,269,300,272,307,282,300,295,293,299,284,300,274,298,266,294,260,280,272,276,285,277,295,277,304,282,290,288,284,288,277,287,171.63,22.18,84.53,10.11,92.57,17.07,104.5,23.67
24,2026-02-11T17:44:05.496757,210,199,208,226,209,239,214,270,220,284,228,294,245,310,266,321,281,322,295,321,312,310,324,295,329,286,334,273,339,244,340,230,342,204,223,195,230,190,241,187,255,187,271,189,303,190,318,189,329,190,337,193,340,199,287,207,288,214,288,221,289,227,289,233,289,241,289,247,288,250,288,252,287,254,236,210,244,208,254,208,264,211,256,213,245,213,303,213,312,210,322,211,328,213,321,216,311,215,257,279,269,270,278,268,287,270,294,269,301,271,308,281,300,295,293,298,284,299,275,298,267,294,260,279,273,276,286,276,296,277,305,281,291,288,285,288,278,287,171.57,22.3,83.89,10.42,91.31,16.7,102.03,22.74
25,2026-02-11T17:44:05.528477,210,198,208,225,209,238,215,270,221,283,228,294,246,310,267,320,282,322,296,320,312,309,325,295,329,286,334,273,339,243,340,230,342,204,224,195,231,189,242,186,256,187,272,189,304,190,319,189,330,190,337,193,341,199,288,206,289,213,289,220,290,226,290,232,291,240,290,246,289,250,289,252,288,253,237,209,245,207,256,207,266,210,257,211,246,212,304,212,313,209,323,211,329,213,321,215,312,214,259,278,270,270,279,267,288,269,295,268,302,271,308,280,301,294,294,298,286,299,276,297,268,293,262,278,274,275,287,276,297,276,305,280,292,287,286,287,279,286,171.89,21.79,84.22,10.57,91.72,16.88,102.05,22.9
26,2026-02-11T17:44:05.558336,210,197,209,224,209,238,215,269,221,283,228,293,246,309,268,320,282,321,296,320,312,309,325,294,329,285,334,273,339,243,340,230,342,204,225,194,232,189,243,186,257,187,273,189,304,190,318,189,329,190,337,193,340,199,288,206,289,213,289,219,290,225,290,232,291,239,290,245,290,249,289,251,288,252,237,208,245,207,256,206,266,209,257,211,247,211,304,211,313,209,323,210,329,213,321,215,312,214,259,277,271,269,279,267,288,269,296,268,302,270,308,279,302,294,295,297,286,298,276,297,268,292,262,277,274,275,287,275,297,275,305,279,293,286,287,287,279,286,171.42,22.01,84.35,10.74,92.83,16.85,101.23,22.46
27,2026-02-11T17:44:05.590219,210,197,208,224,209,237,215,269,221,283,228,293,246,309,267,319,282,321,295,319,312,309,325,294,329,285,334,273,339,243,340,230,342,203,225,194,232,188,243,186,257,186,273,188,304,190,318,189,329,190,337,193,340,199,288,205,289,212,289,219,290,225,290,231,291,239,290,245,290,249,289,251,288,252,237,207,245,206,256,206,266,208,257,210,247,210,304,211,313,209,323,210,329,212,321,214,312,213,258,276,271,268,280,266,288,268,296,267,302,269,308,278,301,293,294,296,286,297,276,296,268,292,261,277,274,274,287,274,297,275,306,278,292,285,286,286,279,285,171.31,21.75,83.65,11.0,92.03,16.68,101.51,21.75
28,2026-02-11T17:44:05.633440,210,197,208,224,209,238,214,269,221,283,228,293,246,308,268,318,282,319,295,318,312,308,325,294,329,285,334,273,339,243,340,230,342,203,224,193,231,188,242,185,256,186,272,188,304,190,318,189,329,190,337,193,340,199,288,205,288,212,289,218,289,224,290,231,290,238,290,244,289,248,289,250,288,251,237,207,245,205,256,205,266,209,257,210,246,210,304,211,313,208,323,210,329,212,321,214,312,213,258,276,271,268,279,266,288,267,296,266,302,268,308,277,301,292,295,295,286,296,277,294,268,290,261,276,274,273,287,273,297,274,306,277,293,284,287,284,280,283,172.33,21.76,83.88,11.44,91.86,16.61,101.89,22.78
29,2026-02-11T17:44:05.696196,210,197,208,224,209,238,214,269,221,283,228,293,246,308,268,318,282,319,295,318,312,308,325,294,329,285,334,273,339,243,339,230,342,203,224,193,231,188,242,185,256,186,272,188,303,190,318,189,329,190,336,193,340,199,288,205,288,212,289,218,289,224,290,231,290,238,290,244,289,248,288,250,288,251,237,207,245,205,255,205,266,209,257,210,246,210,303,211,313,208,322,210,329,212,321,214,311,213,258,275,271,268,279,266,288,267,295,266,302,268,308,277,302,291,295,295,286,296,277,294,269,290,261,276,274,273,287,273,297,274,306,277,293,284,287,284,280,283,172.39,21.68,83.87,11.53,93.57,17.34,103.24,23.4
30,2026-02-11T17:44:05.759184,210,197,208,224,209,238,214,269,221,282,228,292,246,308,267,318,282,319,295,318,312,308,324,294,329,285,333,273,338,243,339,230,342,204,225,193,232,188,243,185,257,186,273,188,304,190,318,189,329,190,336,193,340,199,288,205,289,212,289,218,290,224,290,231,290,238,290,244,289,248,288,250,288,251,237,207,245,205,256,205,266,209,257,210,247,211,303,211,313,209,322,210,329,212,321,214,311,213,258,275,270,267,279,265,288,267,295,266,302,268,308,277,302,292,295,295,286,296,276,294,268,291,261,276,274,273,286,273,297,274,305,277,292,284,286,284,279,283,171.66,21.62,83.02,10.95,93.61,17.47,103.7,23.26
31,2026-02-11T17:44:05.821388,210,197,208,224,209,238,214,269,220,282,228,292,246,307,267,317,282,319,295,317,312,308,324,294,329,285,333,273,338,243,339,230,342,204,225,193,232,188,243,185,257,186,273,188,304,190,318,189,329,190,336,193,340,199,288,205,289,212,289,218,290,224,290,231,291,238,290,244,290,248,289,250,288,251,238,207,245,205,256,205,266,209,257,210,247,211,303,211,313,209,322,210,329,212,321,214,311,213,258,275,270,268,279,266,287,268,295,267,301,269,308,277,301,293,294,296,285,297,276,295,268,291,261,276,273,273,286,274,297,274,305,277,292,286,286,286,279,285,171.94,22.39,83.42,11.37,94.08,17.1,104.47,24.0
32,2026-02-11T17:44:05.851719,211,197,208,224,209,238,214,269,220,282,228,292,246,307,267,317,282,319,295,317,312,308,324,294,329,285,333,273,338,244,339,230,342,204,225,193,232,188,243,185,257,186,273,188,304,190,318,189,329,190,336,193,340,199,288,205,289,212,289,218,290,224,290,231,291,238,290,244,289,248,289,250,288,251,238,208,245,205,256,205,266,209,257,211,247,211,303,211,313,209,322,210,329,212,321,214,311,213,257,275,270,268,279,267,287,269,295,268,301,270,308,278,301,292,294,295,285,296,275,294,267,290,260,276,273,275,286,276,297,276,305,278,292,285,286,285,278,284,171.53,22.34,83.21,11.2,93.88,16.94,105.23,24.36
33,2026-02-11T17:44:05.878350,211,197,208,224,209,238,214,269,220,282,228,292,246,307,267,317,282,318,295,317,311,308,324,294,329,285,333,273,338,244,339,231,341,204,225,193,233,188,243,185,257,186,273,188,304,190,318,189,329,190,336,193,340,199,289,205,289,212,290,219,290,224,291,231,291,238,291,244,290,248,289,250,288,251,238,208,246,205,256,205,266,209,257,211,247,211,303,211,313,209,322,210,328,213,321,215,311,214,258,274,271,269,279,268,287,270,295,269,301,271,308,278,300,289,293,291,285,292,276,290,268,287,261,275,273,275,286,277,296,277,305,278,292,281,286,281,279,280,170.86,22.22,83.06,11.25,93.84,16.55,105.62,24.59
34,2026-02-11T17:44:05.910114,211,197,209,225,209,238,214,269,220,282,228,292,247,307,268,317,282,318,295,317,311,308,324,294,328,285,333,274,338,245,338,232,341,205,227,193,234,188,245,185,259,186,275,188,305,190,319,189,329,190,337,193,340,199,290,205,290,212,291,219,291,224,292,231,292,238,292,244,291,248,290,250,289,251,239,208,246,205,256,205,267,210,258,211,247,212,304,212,313,209,322,210,329,213,321,215,312,214,260,274,272,269,280,268,288,271,295,270,301,272,308,278,300,287,294,290,285,290,277,289,270,286,262,275,274,275,287,278,297,277,306,278,292,280,286,280,280,278,171.83,22.29,84.24,11.27,94.9,17.66,105.58,23.97
35,2026-02-11T17:44:05.938278,212,197,209,225,209,238,214,269,221,282,228,292,247,307,268,317,282,318,295,317,311,308,324,294,328,286,333,274,338,245,339,232,342,205,228,193,236,187,247,185,261,185,277,188,306,190,320,189,331,190,338,194,341,199,291,205,292,212,292,219,293,224,293,231,294,239,293,245,292,248,291,250,290,252,240,208,247,205,258,205,268,210,259,211,249,212,305,212,314,209,323,210,329,214,322,216,313,215,261,274,273,269,281,269,289,271,296,270,301,272,308,278,300,288,294,291,286,291,278,290,271,286,264,274,276,275,287,277,297,278,306,278,293,280,287,280,281,279,170.2,22.24,83.91,10.8,94.59,17.28,108.13,23.69
36,2026-02-11T17:44:05.968177,213,198,210,225,210,239,215,269,221,282,229,292,248,308,269,317,283,319,296,318,312,308,324,295,329,286,333,275,338,246,339,233,342,206,229,193,237,187,248,184,263,185,278,188,308,190,322,189,332,190,339,194,342,200,293,205,294,212,294,219,295,225,296,231,296,239,296,245,295,248,294,250,293,252,240,208,249,205,259,205,269,210,260,212,250,212,307,212,316,210,325,211,331,214,324,216,315,215,262,274,275,270,283,269,291,271,298,270,303,272,310,278,302,288,296,291,288,292,279,290,272,287,265,274,277,276,289,278,299,278,308,278,295,281,289,281,283,280,170.56,22.3,82.16,10.13,96.1,17.89,108.21,24.38
37,2026-02-11T17:44:05.997336,213,197,210,224,210,238,215,269,222,282,230,292,249,308,271,318,285,319,298,318,314,309,325,295,329,286,333,275,338,246,339,233,344,206,231,193,239,187,250,184,265,185,281,188,312,190,325,190,335,191,342,194,344,200,296,206,297,212,298,219,299,225,300,231,300,239,300,245,299,248,297,250,296,252,242,208,251,205,261,205,272,210,263,211,252,211,309,213,318,210,328,211,334,214,327,216,317,215,264,274,277,270,286,269,294,271,301,270,306,272,312,279,305,290,298,292,290,293,281,291,274,287,267,275,280,276,292,278,301,278,309,279,297,282,291,282,285,281,171.88,21.74,82.92,11.09,103.29,19.5,110.64,24.9
38,2026-02-11T17:44:06.027528,214,197,211,224,211,238,216,269,223,283,231,293,251,309,273,319,287,320,299,318,314,309,325,295,330,287,334,275,339,246,340,233,345,206,232,193,240,187,252,185,267,186,283,189,313,191,327,191,337,192,343,195,346,201,298,207,299,214,300,221,301,227,302,233,302,241,301,247,300,251,299,253,298,254,243,208,252,206,263,207,274,210,265,211,254,211,311,213,319,211,329,212,335,215,328,217,318,216,265,276,279,270,288,269,296,271,303,270,308,273,313,280,306,290,300,293,292,293,284,292,276,288,268,276,282,276,294,278,303,278,311,280,299,282,293,282,287,281,170.52,22.15,81.34,11.15,96.94,17.09,111.68,25.23
39,2026-02-11T17:44:06.062540,215,197,211,224,211,238,217,270,223,283,232,294,252,310,274,319,288,321,301,319,315,310,326,296,330,287,334,275,339,247,340,233,345,207,234,194,242,188,254,186,269,188,285,191,315,193,328,193,338,194,344,197,346,202,300,209,301,216,302,222,303,229,303,235,304,244,303,250,302,253,301,255,299,256,245,208,254,207,265,208,275,211,266,212,255,212,311,214,320,212,330,214,336,216,329,218,319,217,267,278,281,272,290,271,298,273,304,272,309,274,314,281,307,291,301,293,294,293,285,292,278,289,270,278,283,278,296,279,304,280,312,281,300,282,295,282,289,282,170.67,21.94,80.76,11.32,97.72,18.46,108.31,24.93
40,2026-02-11T17:44:06.091486,216,198,212,225,212,239,217,271,224,285,232,295,253,311,275,321,289,322,302,321,316,311,326,297,330,288,334,276,340,247,341,234,346,208,235,195,244,190,256,188,271,189,286,192,316,195,329,195,339,195,345,199,347,204,301,210,302,218,303,225,304,231,305,238,306,246,305,252,304,255,302,257,301,258,245,210,254,209,266,209,276,213,267,214,256,214,312,216,321,213,331,215,337,218,330,220,320,219,268,280,282,274,291,272,299,275,306,274,311,276,316,283,309,294,303,296,295,297,286,296,279,292,271,280,284,280,297,281,306,282,313,283,302,285,296,285,290,284,172.06,21.98,81.53,12.1,101.71,19.04,113.59,24.57
41,2026-02-11T17:44:06.120803,216,199,212,227,212,241,218,273,225,287,233,298,253,313,276,323,290,324,302,323,316,313,326,299,330,290,334,277,339,249,341,236,346,210,236,196,245,191,257,189,272,191,287,194,317,196,329,196,339,197,345,200,347,205,302,212,303,219,304,226,305,232,306,239,307,247,306,253,305,257,303,258,302,260,246,212,255,210,267,211,277,215,268,216,257,216,313,218,322,215,331,216,337,219,330,221,321,220,269,282,283,275,292,274,300,276,307,275,312,277,316,285,310,297,304,301,296,301,287,300,279,296,272,282,285,280,298,281,307,282,314,285,302,290,297,290,290,289,171.35,22.04,80.86,11.89,99.68,18.38,110.56,25.22
42,2026-02-11T17:44:06.152967,216,200,212,228,212,242,218,274,225,288,233,299,254,314,276,324,290,325,302,323,316,314,326,299,330,291,334,278,339,250,341,237,346,210,236,197,244,192,257,190,271,191,288,194,318,197,330,197,340,198,346,201,348,206,302,213,303,220,304,227,305,233,306,240,307,248,306,254,305,257,303,259,302,260,247,213,256,211,267,212,277,216,268,217,257,217,314,219,323,216,332,217,338,220,331,223,321,222,270,283,284,276,293,274,301,276,308,275,313,278,317,286,311,299,304,303,296,304,287,302,280,298,273,284,286,281,299,282,307,283,314,286,303,292,298,292,291,291,171.22,21.92,79.75,11.7,96.99,17.59,108.7,24.84
43,2026-02-11T17:44:06.193158,215,201,212,229,212,242,218,274,225,288,233,299,254,315,276,324,290,325,303,324,316,314,326,300,330,291,334,279,339,250,341,237,346,211,235,198,244,193,256,191,271,192,287,195,318,198,331,198,340,199,346,202,348,207,302,214,304,221,304,228,306,234,307,241,307,249,306,255,305,258,304,260,302,261,247,214,256,212,267,212,278,217,268,218,257,218,314,220,323,217,332,218,337,221,331,224,321,222,271,285,284,276,293,274,301,276,308,275,313,278,317,287,311,301,305,304,297,305,288,304,280,300,274,285,287,282,299,282,308,283,314,287,303,293,298,293,291,292,169.96,21.4,79.13,12.17,95.85,16.75,105.76,25.05
44,2026-02-11T17:44:06.257817,215,202,212,229,212,243,218,275,225,289,233,299,254,315,276,324,291,325,303,324,316,314,326,300,330,291,334,279,339,250,341,237,346,211,235,199,243,194,255,191,271,193,287,196,318,199,331,199,341,200,346,203,348,208,303,214,304,221,305,228,306,234,307,241,308,249,307,255,306,258,304,260,303,261,246,214,256,213,267,213,278,217,268,218,257,218,314,220,323,218,332,219,338,222,331,224,322,223,271,285,284,276,294,274,302,276,309,275,314,278,318,287,312,301,305,304,297,305,288,304,280,300,274,285,287,281,300,282,309,283,315,287,304,293,298,294,291,293,169.49,21.55,78.77,12.36,96.55,18.08,104.54,25.89
45,2026-02-11T17:44:06.321190,215,202,212,229,212,243,218,275,225,289,234,299,254,315,277,324,291,325,303,324,317,314,326,300,330,291,334,279,339,250,340,237,346,211,235,199,243,193,255,191,271,192,287,196,318,199,330,198,340,199,346,202,348,207,302,214,303,221,304,228,306,234,307,241,307,249,307,255,305,258,304,260,302,261,247,214,256,212,267,213,278,217,269,218,257,218,313,220,322,217,331,218,337,221,330,223,321,222,271,285,284,276,293,274,301,276,308,275,313,278,317,287,312,301,305,304,297,305,288,304,280,300,274,285,287,281,300,282,308,283,315,287,304,293,298,293,292,292,169.64,22.03,78.9,12.1,96.24,17.5,107.39,25.7
46,2026-02-11T17:44:06.349803,215,202,212,229,212,243,218,275,225,289,234,299,254,315,277,324,291,325,303,324,317,314,326,300,330,291,334,278,339,250,340,237,346,210,235,199,243,194,255,191,270,193,287,196,317,199,330,199,340,199,346,202,347,207,302,214,303,221,304,228,305,234,306,241,307,249,306,255,305,258,303,260,302,261,247,214,256,212,267,213,278,217,269,218,258,218,313,220,322,217,331,218,337,221,330,223,321,222,270,284,284,276,293,274,301,276,308,275,313,278,317,287,312,301,305,304,297,305,288,303,280,299,273,284,286,281,299,282,308,283,314,287,304,293,298,293,291,292,171.27,20.95,78.88,12.29,95.94,17.58,107.74,25.85
47,2026-02-11T17:44:06.378238,215,202,212,229,212,243,218,275,225,289,234,299,254,314,277,324,291,325,303,324,317,314,326,300,330,291,333,279,338,250,340,237,345,211,235,199,243,194,255,191,270,193,287,196,317,199,330,199,340,199,346,202,347,207,302,214,303,221,304,228,305,234,306,241,307,249,306,255,305,258,303,260,302,261,248,214,256,212,267,212,277,217,268,218,257,218,313,220,322,217,331,218,336,221,330,223,321,222,270,284,284,276,293,274,301,276,308,275,313,278,317,287,311,301,305,304,297,305,288,303,280,299,273,284,286,281,299,282,308,283,314,287,303,292,298,293,291,292,169.91,21.3,78.19,11.88,95.61,16.88,108.35,26.31
48,2026-02-11T17:44:06.407438,215,202,212,229,212,243,218,275,225,289,234,299,254,314,277,324,291,324,303,323,316,313,326,299,330,291,333,278,338,250,339,237,344,211,235,199,244,194,256,191,271,193,287,196,317,199,330,198,339,199,345,202,347,207,302,214,303,221,304,228,305,235,306,241,307,249,306,255,304,259,303,260,302,261,247,214,256,212,267,212,277,217,268,218,257,218,313,220,322,217,331,218,336,221,330,223,320,222,270,284,283,277,292,275,301,277,308,276,313,278,317,287,311,298,305,301,297,302,288,301,280,297,273,284,286,282,299,284,308,284,314,287,303,289,298,290,291,289,169.92,21.56,78.24,12.04,96.98,17.84,108.05,26.19
49,2026-02-11T17:44:06.437980,216,202,212,229,212,243,218,275,225,288,234,299,254,314,277,323,291,324,303,323,316,313,326,299,329,290,332,278,336,250,337,237,343,211,235,199,244,194,256,191,271,193,287,196,317,199,330,198,339,199,344,202,346,207,302,214,303,222,304,228,305,235,306,242,306,250,306,256,304,259,303,260,302,262,247,214,256,212,267,212,277,217,268,218,257,218,313,220,322,217,331,218,336,221,329,224,320,223,270,283,283,277,292,276,301,278,307,277,312,279,317,287,311,298,305,301,297,301,288,300,280,296,273,284,286,283,299,285,307,285,314,287,303,288,298,288,291,287,167.24,23.8,78.55,11.84,96.18,17.76,108.35,26.17
50,2026-02-11T17:44:06.467476,216,202,212,229,212,243,217,275,224,288,233,299,254,314,276,323,290,324,302,323,316,313,325,299,329,290,332,278,336,250,337,237,343,211,235,199,244,194,256,191,271,193,287,196,317,199,330,198,339,199,344,202,346,207,302,214,303,222,304,229,305,235,306,242,306,250,306,256,304,259,303,260,302,262,247,214,256,212,266,212,277,217,268,218,257,218,313,220,321,217,330,218,335,221,329,224,320,223,270,283,283,278,292,277,300,279,307,278,312,280,317,287,310,298,304,301,296,301,288,300,280,296,273,284,286,284,298,286,307,286,314,287,303,288,298,288,291,287,163.04,25.51,78.06,11.78,94.5,15.98,108.27,26.13
51,2026-02-11T17:44:06.497978,216,202,212,229,212,243,217,275,224,288,233,299,253,314,275,324,289,325,301,323,315,313,325,299,328,290,331,278,335,250,336,237,343,211,235,199,244,194,255,191,270,193,286,196,316,199,329,199,338,199,343,202,345,207,301,214,302,222,303,229,304,235,305,242,306,250,305,256,304,259,302,260,301,262,247,214,255,212,266,212,276,217,268,218,257,218,312,220,320,217,329,218,334,221,328,224,319,223,270,283,283,278,291,277,299,280,306,278,310,280,315,286,309,298,303,302,295,303,286,301,279,297,272,284,285,285,297,287,306,286,313,287,302,289,297,290,290,289,166.04,23.76,78.19,11.86,95.88,16.54,107.91,26.12
52,2026-02-11T17:44:06.526724,215,202,212,230,212,243,217,275,224,288,232,299,252,314,274,324,288,325,300,323,314,314,324,299,328,291,331,278,335,250,337,237,343,211,234,199,242,194,254,191,269,193,285,196,315,199,328,199,337,199,343,202,345,207,300,214,301,222,302,229,303,235,304,242,305,250,304,256,302,259,301,260,300,262,246,215,255,212,265,212,276,217,267,218,256,219,311,220,320,217,328,218,334,222,327,224,318,223,268,283,281,278,290,277,298,279,304,278,309,280,314,287,308,299,301,303,293,304,284,302,277,298,271,284,284,284,296,286,304,286,311,287,300,292,295,292,288,291,167.18,22.51,78.06,12.1,96.32,17.19,108.66,25.64
53,2026-02-11T17:44:06.562670,215,203,211,230,212,243,217,275,223,288,231,299,251,314,273,324,287,325,299,324,313,314,323,300,327,291,330,279,335,250,336,237,342,212,233,199,241,194,253,192,268,193,284,196,315,199,327,199,337,199,342,203,344,208,299,214,300,222,301,228,302,235,303,242,303,250,303,255,301,259,300,260,299,262,246,215,254,212,264,212,275,217,266,218,255,218,310,220,319,217,328,219,333,222,326,224,318,223,267,283,280,278,289,277,297,279,304,278,309,280,314,287,307,300,301,304,293,305,283,303,276,299,269,284,282,284,295,286,304,286,311,287,300,293,294,293,287,292,167.93,22.86,77.85,12.04,93.85,16.03,106.52,26.18
54,2026-02-11T17:44:06.590007,214,202,211,230,211,243,216,275,223,288,231,299,251,314,273,324,287,325,299,324,313,314,323,300,327,291,330,279,335,250,336,237,342,211,232,199,240,194,252,192,267,193,283,196,314,199,327,199,336,199,342,202,344,208,298,214,299,222,300,228,301,235,302,241,302,249,302,255,300,258,299,260,298,261,246,215,254,212,264,212,274,217,265,218,255,218,310,220,319,217,328,218,333,222,326,224,317,223,266,283,279,277,288,276,296,278,304,277,309,279,314,286,307,300,301,304,292,305,283,303,275,299,269,284,282,284,295,285,304,285,311,287,299,293,294,293,287,292,169.77,22.18,77.22,11.89,94.97,16.51,104.83,25.89
55,2026-02-11T17:44:06.623452,214,202,211,229,211,243,216,275,222,288,231,299,250,314,272,324,287,325,299,324,313,314,323,300,327,291,330,279,335,250,337,237,342,211,232,199,240,194,252,192,267,193,283,196,314,199,326,199,336,199,342,202,344,208,298,214,299,222,300,228,301,234,302,241,302,249,301,255,300,258,299,260,298,261,245,214,253,212,263,212,274,217,265,218,254,218,310,220,319,217,328,218,333,222,326,224,317,223,265,283,278,276,287,275,296,277,303,276,309,278,314,286,307,300,300,304,292,305,282,303,274,299,267,283,281,282,294,283,304,284,311,286,299,292,293,293,286,292,170.22,22.45,78.08,11.57,98.07,17.31,104.55,26.06
56,2026-02-11T17:44:06.652939,213,202,210,229,211,243,216,274,222,288,230,299,250,314,272,324,286,325,299,324,313,314,323,300,327,291,330,279,335,250,337,237,342,211,232,199,240,194,251,192,266,193,282,196,313,199,326,199,336,199,342,202,344,207,298,214,299,221,299,228,300,234,301,241,302,248,301,254,300,258,298,259,297,261,244,214,253,212,263,212,273,217,265,218,254,218,309,220,318,217,327,218,333,221,326,223,317,222,264,282,278,276,287,274,295,276,303,275,308,277,314,286,307,300,300,304,292,305,282,303,274,298,267,283,281,281,294,282,303,283,311,286,299,292,293,293,286,292,170.8,22.07,77.74,11.5,97.53,17.05,103.56,26.19
57,2026-02-11T17:44:06.696818,213,202,210,229,210,243,216,274,222,288,230,299,250,314,272,324,286,325,298,324,313,314,323,300,327,291,330,279,335,250,337,237,342,211,231,199,239,194,251,191,266,193,282,196,312,199,325,198,335,199,341,202,343,207,297,214,298,221,299,228,299,234,300,240,301,248,300,254,299,257,298,259,297,260,244,214,252,212,263,212,273,217,264,218,253,218,309,220,318,217,327,218,332,221,326,223,317,222,264,282,278,275,287,273,295,275,302,274,308,277,313,285,306,300,300,303,291,304,282,302,274,298,267,282,280,281,293,282,303,282,311,285,298,292,292,292,285,291,171.91,21.81,77.62,11.58,96.74,15.86,104.35,25.83
58,2026-02-11T17:44:06.724206,213,203,210,230,210,244,216,275,222,288,230,299,250,314,272,324,286,325,298,324,313,314,323,300,327,291,330,279,335,251,337,238,342,212,231,199,239,194,250,191,265,193,281,196,312,199,325,198,335,199,341,202,343,207,296,214,297,221,298,228,299,234,299,240,300,248,299,254,298,257,297,259,296,260,244,214,252,212,262,213,272,217,263,218,253,218,309,220,318,217,326,218,332,221,325,223,316,222,264,282,277,275,286,273,294,275,302,274,308,277,313,285,306,299,299,303,291,304,282,302,274,298,267,282,280,281,293,282,303,282,310,285,298,292,292,292,285,291,170.15,22.76,76.97,11.51,97.98,17.21,105.22,25.73
59,2026-02-11T17:44:06.754259,212,204,209,231,210,244,215,275,222,288,230,298,250,314,272,324,286,325,298,323,312,314,323,300,326,291,330,279,335,251,336,238,341,212,230,200,238,194,249,192,264,193,280,196,311,199,324,198,334,199,340,202,342,207,295,214,296,221,297,227,298,233,299,240,299,247,299,253,298,257,296,258,295,260,243,215,251,212,261,213,271,217,262,219,252,219,308,220,317,217,326,218,331,221,325,223,316,222,263,282,277,275,286,273,294,275,301,274,307,277,313,285,306,299,299,303,291,304,281,302,273,298,266,282,279,280,292,281,302,282,310,285,297,292,292,292,285,291,168.8,23.34,77.73,11.4,98.0,16.32,104.01,25.47
60,2026-02-11T17:44:06.783821,211,204,209,231,209,244,215,275,222,288,230,298,249,314,271,323,285,324,298,323,312,313,322,299,326,291,330,278,335,250,336,237,341,212,229,200,237,194,248,192,263,193,279,196,310,199,323,198,333,199,339,202,341,207,294,214,295,221,296,227,297,233,298,240,298,247,298,253,297,256,296,258,294,260,242,215,250,212,260,213,270,217,261,219,251,219,307,220,316,217,325,218,330,221,324,223,315,222,263,282,276,275,285,273,293,275,301,274,306,276,313,285,306,299,299,303,290,304,281,302,273,298,266,282,279,280,292,281,302,282,310,285,297,292,291,292,284,291,169.53,22.61,77.3,11.37,96.19,15.4,102.74,25.35
61,2026-02-11T17:44:06.813570,211,204,208,231,209,244,214,275,221,288,229,298,249,313,271,323,285,324,297,323,312,313,322,299,326,290,329,278,334,250,335,237,340,212,228,200,236,194,247,192,262,193,278,196,309,198,322,198,332,198,338,202,341,207,293,214,294,221,295,227,296,233,297,239,297,247,296,252,295,256,294,258,293,259,241,215,249,212,259,213,269,217,260,219,250,219,306,220,315,217,324,218,329,221,323,223,314,222,262,281,275,274,283,272,292,274,299,274,305,276,311,285,305,299,298,303,289,303,280,302,272,297,265,281,278,280,290,281,300,282,309,285,296,291,290,292,283,290,168.56,23.34,77.56,11.54,96.38,15.44,103.07,25.97
62,2026-02-11T17:44:06.843769,210,204,208,231,208,244,214,275,221,288,229,298,248,313,270,322,284,323,297,322,311,312,322,299,325,290,329,278,334,250,335,237,339,211,227,200,235,194,246,192,261,193,277,195,308,198,321,197,331,198,337,201,340,206,292,213,293,220,294,226,295,232,295,238,296,246,295,252,294,255,293,257,292,258,240,215,248,212,258,213,268,217,259,218,249,219,305,219,314,216,323,217,328,220,322,222,313,221,262,281,274,274,282,272,291,274,298,273,304,276,310,285,304,299,297,303,288,303,279,302,271,297,265,281,277,279,289,280,299,281,307,285,295,291,289,292,282,290,168.4,22.58,77.3,11.28,96.15,15.63,101.71,25.14
63,2026-02-11T17:44:06.873056,210,204,207,231,208,244,214,274,220,288,229,297,248,312,270,322,284,323,296,322,311,312,321,298,325,289,329,277,334,249,335,236,339,211,226,200,234,194,245,192,260,193,276,195,307,198,320,197,330,198,337,201,339,206,291,213,292,219,293,226,294,231,294,238,295,245,294,251,293,254,292,256,291,257,239,215,247,212,257,212,268,217,259,218,249,218,304,218,313,216,322,217,328,220,321,222,312,221,261,280,273,273,282,271,290,273,297,273,303,275,309,284,303,299,297,302,288,303,278,301,271,297,264,281,276,278,289,279,298,280,306,284,295,291,289,291,282,290,168.94,22.17,78.7,12.12,97.44,16.29,101.1,24.79
64,2026-02-11T17:44:06.904793,209,204,207,231,207,244,213,274,220,288,228,297,247,312,269,322,283,323,296,322,310,312,321,298,325,290,328,277,334,249,335,237,339,211,226,200,233,194,245,191,259,192,275,195,306,197,319,197,330,197,336,201,339,206,290,212,291,219,292,225,293,231,293,237,294,244,293,250,292,254,291,255,290,257,239,215,247,212,257,212,267,216,258,218,248,218,304,218,313,215,321,216,327,219,320,221,311,220,261,280,272,273,281,271,289,273,296,272,302,275,308,284,302,299,296,302,287,303,278,301,270,296,264,280,275,278,288,279,298,280,306,284,294,291,288,291,281,290,169.41,21.98,77.68,11.54,95.29,15.4,104.41,25.69
65,2026-02-11T17:44:06.934646,209,204,206,231,207,244,213,274,220,288,228,297,247,312,268,322,282,323,295,321,310,312,320,298,324,290,328,278,333,249,335,237,338,211,226,200,233,194,244,191,259,192,275,195,306,197,319,196,329,197,336,200,338,206,290,212,291,219,291,225,292,230,293,236,293,244,293,250,292,253,291,255,290,256,239,215,247,212,256,212,267,216,258,218,248,218,303,218,312,215,321,216,327,219,320,222,311,221,260,280,272,272,280,270,288,272,296,272,302,274,308,284,302,299,295,302,287,302,277,301,269,296,263,280,275,277,287,278,297,279,305,284,293,291,287,291,280,290,170.18,21.6,77.81,11.85,95.83,15.86,103.84,25.48
66,2026-02-11T17:44:06.965063,209,204,206,231,207,244,213,274,219,288,227,297,246,312,268,322,282,323,295,321,309,312,319,298,323,290,327,278,332,249,334,237,338,211,225,200,233,194,244,191,259,192,274,194,305,197,318,196,328,197,335,200,338,206,290,212,290,218,291,224,292,230,293,236,293,243,292,249,291,252,290,254,289,256,239,214,246,211,256,211,267,216,258,218,247,218,303,218,312,215,320,216,326,219,319,221,310,220,260,279,271,272,280,270,288,272,295,271,301,274,307,284,302,299,295,302,286,302,277,301,269,296,263,280,274,277,287,278,296,279,304,284,293,291,287,291,280,290,170.16,21.89,79.61,12.01,95.44,16.26,103.19,25.09
67,2026-02-11T17:44:06.996657,208,204,206,230,206,243,212,274,219,287,227,297,245,311,267,321,281,322,294,321,308,312,319,298,323,290,327,278,332,249,333,237,337,211,225,199,233,194,244,191,259,192,274,194,305,197,318,196,328,197,335,200,337,206,289,212,290,218,291,224,291,230,292,236,292,243,292,249,291,252,290,254,289,256,238,214,246,211,256,211,266,216,257,217,247,217,302,218,311,215,320,216,326,219,319,221,310,220,259,279,271,271,279,269,288,271,295,270,301,273,307,284,301,298,294,302,285,302,276,300,268,296,262,280,274,277,286,277,296,279,304,284,292,291,286,291,279,289,170.54,20.78,79.55,12.04,96.0,17.26,103.73,24.86
68,2026-02-11T17:44:07.038502,209,203,206,229,206,242,211,273,218,286,225,296,244,311,265,321,279,322,292,321,307,312,317,298,321,290,326,278,331,250,333,237,337,211,226,199,233,193,245,191,259,192,275,194,305,197,318,196,328,197,335,200,337,206,289,212,290,218,291,224,291,230,292,236,292,243,291,249,290,252,289,254,288,256,238,213,246,211,256,211,266,216,257,217,247,217,302,218,311,215,320,216,326,219,319,222,310,221,257,279,270,271,279,269,287,271,294,270,301,273,306,284,300,298,293,302,284,302,274,300,266,296,260,280,273,276,286,277,295,279,303,284,291,291,285,291,278,289,168.61,21.19,78.85,12.01,95.14,16.99,103.66,24.48
69,2026-02-11T17:44:07.067423,208,202,205,228,206,241,210,272,217,285,224,295,242,310,264,320,278,322,291,321,306,312,317,298,321,290,325,278,331,250,333,237,337,212,225,198,233,193,244,190,258,191,274,194,304,197,318,196,328,197,334,201,337,206,289,212,289,218,290,224,290,230,291,236,291,243,290,249,289,252,288,254,287,255,237,212,245,210,255,211,265,215,256,216,246,216,302,218,311,215,320,216,325,219,318,222,309,221,256,279,269,271,278,269,286,271,294,270,300,273,305,284,299,298,292,302,283,302,273,300,265,296,259,280,272,276,284,277,294,279,302,284,290,291,284,291,277,289,169.15,20.99,79.67,11.83,95.0,16.78,107.82,25.81
70,2026-02-11T17:44:07.096216,208,201,205,228,205,241,210,271,216,284,223,294,241,310,262,320,276,322,289,321,304,312,315,298,320,290,324,279,331,251,332,238,337,213,225,198,233,192,244,190,258,191,273,194,304,197,317,197,327,198,334,202,336,207,288,212,288,218,288,224,289,230,289,235,289,243,289,248,288,252,287,254,286,255,237,212,245,210,255,211,264,215,256,216,245,216,302,218,310,215,319,217,325,220,318,222,309,221,255,279,267,271,276,269,284,271,292,270,298,273,303,284,297,299,290,302,281,302,271,300,263,296,258,280,270,277,283,277,293,279,300,284,288,291,282,291,275,289,165.23,22.61,79.74,11.56,94.54,16.28,107.84,25.55
71,2026-02-11T17:44:07.126737,208,201,205,227,205,240,209,271,215,284,223,294,240,310,261,320,275,322,288,321,304,312,315,299,320,291,324,279,331,251,332,238,336,213,225,197,232,192,243,190,257,191,273,194,303,197,316,197,326,198,333,202,336,207,287,212,287,218,288,224,288,230,288,236,288,243,287,248,287,252,286,254,285,255,236,212,244,210,254,210,264,215,255,216,245,216,301,218,310,216,318,217,324,220,317,223,308,221,254,279,266,271,275,269,283,271,291,270,297,273,302,284,296,299,289,302,280,303,270,301,262,296,257,280,269,277,282,277,292,279,299,284,287,291,281,291,274,290,165.25,23.28,79.52,11.73,91.52,15.85,107.82,25.11
72,2026-02-11T17:44:07.157970,209,201,205,227,205,240,209,271,215,284,222,294,240,310,260,321,275,322,288,321,303,312,315,299,320,291,324,279,331,251,332,238,336,213,224,197,232,192,243,190,257,191,272,194,302,197,315,197,326,198,332,202,335,208,286,212,286,218,287,224,287,230,287,236,287,243,287,248,286,252,285,254,284,255,236,212,244,210,254,210,264,215,255,216,245,216,300,218,309,216,318,217,324,220,317,223,308,221,253,279,265,271,274,269,282,271,290,270,297,273,302,284,295,299,288,303,279,303,269,301,261,296,256,280,268,277,281,278,291,279,299,284,286,291,280,291,273,290,167.19,21.98,79.75,11.96,92.23,16.18,107.85,25.32
73,2026-02-11T17:44:07.188732,209,201,205,227,205,240,209,271,215,284,223,294,240,310,260,321,275,322,288,321,303,312,315,299,320,291,324,279,331,251,332,238,336,213,224,197,232,192,243,190,256,191,272,194,302,197,315,197,325,199,332,202,335,208,286,212,286,218,286,224,287,230,287,236,287,243,287,249,286,252,285,254,284,255,236,212,244,210,253,210,263,215,255,216,245,216,300,218,309,216,318,217,323,220,316,223,307,221,253,279,265,271,274,269,282,271,290,270,296,273,302,284,295,300,288,303,279,303,269,301,262,296,257,280,269,277,281,278,291,279,299,284,286,291,280,291,273,290,167.69,21.97,79.74,11.53,91.61,15.87,106.85,24.87
74,2026-02-11T17:44:07.217352,208,201,205,227,205,240,210,271,216,284,223,294,241,310,261,320,276,322,288,321,304,312,315,299,320,291,325,279,331,251,333,238,336,213,224,198,232,193,243,190,257,191,272,194,302,197,315,197,326,199,332,202,335,208,286,212,287,219,287,225,288,230,288,236,288,244,287,249,287,253,286,254,285,256,236,212,244,210,254,211,263,215,255,216,245,216,300,219,309,216,318,217,324,220,317,223,308,221,254,279,266,272,275,270,283,272,291,271,297,274,302,284,296,299,289,303,280,303,270,301,262,296,257,280,269,277,282,278,292,279,299,284,287,291,281,291,274,290,167.96,21.3,79.25,11.18,93.58,16.57,108.18,23.99
75,2026-02-11T17:44:07.247581,208,202,206,228,206,241,211,271,217,284,225,294,244,310,265,320,279,321,291,320,306,311,317,298,321,289,325,278,331,250,332,237,336,212,224,199,232,194,243,191,257,193,272,195,302,198,316,198,326,199,332,202,335,207,287,213,287,220,288,226,289,232,290,239,290,246,290,252,289,255,288,257,287,258,236,213,244,211,254,211,264,216,255,217,245,217,300,219,309,216,318,217,324,220,317,223,308,222,256,280,269,274,278,272,286,274,293,273,299,275,305,284,298,298,291,301,283,302,274,300,266,296,259,280,272,279,284,280,294,281,303,284,290,290,284,290,277,289,170.1,21.59,79.23,10.72,96.47,18.58,107.22,23.87
76,2026-02-11T17:44:07.279355,209,204,207,230,207,243,213,273,220,286,228,295,247,310,269,320,283,321,295,320,309,311,319,297,323,288,326,277,331,249,332,236,336,211,225,201,233,196,244,193,258,194,274,196,303,198,316,198,326,199,333,202,335,207,288,214,290,221,291,227,292,233,293,240,293,247,293,253,292,256,291,258,290,259,236,215,244,212,255,213,265,217,256,219,246,219,301,219,310,216,319,217,325,220,318,223,309,222,258,281,272,274,281,273,289,274,297,273,302,276,309,284,301,296,295,299,287,300,277,299,270,295,261,281,275,280,288,281,297,281,306,284,293,287,287,288,281,287,169.31,21.49,78.29,10.97,96.28,17.96,105.14,23.14
77,2026-02-11T17:44:07.307643,209,206,207,232,208,245,214,275,221,287,229,297,249,312,271,320,285,321,297,320,311,311,321,297,324,288,327,276,331,249,332,236,336,211,225,203,233,197,244,194,259,195,274,197,304,198,317,198,327,199,333,202,336,207,290,214,291,221,292,228,293,234,294,240,295,248,295,253,294,257,293,258,292,260,237,216,245,213,256,214,266,219,257,220,247,220,303,220,311,216,320,217,326,220,319,223,310,222,260,282,273,275,282,273,291,274,298,273,304,276,310,284,303,296,296,299,288,300,279,299,271,295,263,282,276,280,289,281,299,281,307,284,294,288,289,288,282,287,170.74,21.34,77.62,11.21,97.25,17.06,101.48,23.12
78,2026-02-11T17:44:07.348463,209,207,207,233,208,246,215,276,222,289,230,298,250,313,272,322,286,322,298,320,312,311,322,296,325,287,328,275,332,248,333,235,336,210,225,203,233,197,244,194,258,195,274,197,305,198,318,198,327,198,334,201,336,206,290,214,291,221,292,228,293,233,295,240,295,247,295,253,294,256,293,258,292,259,238,217,246,214,256,214,266,219,258,221,247,221,303,220,312,216,321,217,326,220,320,222,310,222,262,282,274,275,283,273,291,274,298,273,304,276,310,283,303,296,297,299,288,301,279,300,271,296,264,282,277,280,290,281,299,281,307,283,295,288,289,289,282,288,170.67,21.26,76.87,11.41,97.18,16.26,101.58,23.33
79,2026-02-11T17:44:07.377161,208,208,207,234,208,247,214,277,221,289,229,299,249,313,270,322,285,323,297,321,311,311,321,296,325,287,328,275,332,248,333,235,336,210,224,203,231,198,242,195,257,195,273,197,304,198,318,198,327,198,334,201,336,205,290,214,291,221,292,227,293,233,294,240,295,247,295,253,294,256,293,258,291,259,237,218,245,215,255,215,266,219,257,221,247,221,303,220,312,216,321,217,326,219,320,222,310,222,261,282,274,275,282,273,290,274,298,273,303,275,309,283,303,296,296,300,288,301,278,301,271,297,264,282,277,280,289,280,299,281,307,283,294,289,288,290,282,290,166.02,24.17,75.46,11.77,96.27,15.73,98.94,23.12
80,2026-02-11T17:44:07.405645,206,207,205,233,207,246,214,276,221,289,229,298,248,313,270,322,284,323,296,321,311,311,321,296,325,287,328,275,332,247,333,235,336,209,222,203,229,197,240,194,254,195,271,197,302,198,316,197,326,197,333,200,336,205,287,214,288,221,289,227,290,233,291,239,292,247,292,253,291,256,290,258,289,259,235,217,244,215,254,215,264,219,255,220,245,221,301,219,310,216,320,217,326,219,318,222,309,221,259,282,272,275,280,273,289,274,297,273,303,275,309,283,303,296,296,300,287,302,278,301,269,297,262,282,275,280,288,280,299,280,306,283,294,289,287,290,280,290,165.92,23.55,74.88,11.76,96.36,18.52,99.33,23.91
81,2026-02-11T17:44:07.436920,206,207,204,233,205,246,212,276,219,289,227,298,246,313,268,322,282,323,295,321,310,311,321,296,325,288,328,276,332,247,332,234,335,209,221,203,227,197,238,194,252,195,268,197,300,198,314,197,325,197,332,200,335,205,285,214,286,221,287,227,288,233,288,239,289,247,289,253,288,256,287,257,287,259,234,217,242,215,252,215,262,218,254,219,243,220,300,218,309,216,318,217,324,219,317,221,307,220,256,282,269,275,278,273,287,274,294,273,301,275,308,282,301,297,294,300,285,302,276,301,267,297,259,282,272,280,286,280,297,280,305,283,292,290,286,291,278,290,166.83,24.72,75.54,11.46,97.21,17.67,99.5,23.59
82,2026-02-11T17:44:07.468538,204,206,203,233,204,246,211,276,217,289,225,298,244,313,266,323,281,323,294,321,309,311,320,296,324,288,328,276,332,247,332,234,335,208,219,203,226,197,237,194,251,195,267,196,299,198,312,197,323,197,330,200,334,205,283,213,284,220,285,227,286,233,286,239,287,247,287,253,286,256,285,257,285,259,232,217,240,215,251,214,260,217,252,218,241,219,298,218,307,216,317,217,323,219,316,220,306,220,255,282,267,274,276,273,285,274,292,272,299,274,306,282,300,297,293,300,284,302,274,301,266,297,258,282,270,279,284,279,295,279,303,282,290,290,284,291,276,290,165.87,24.91,75.47,11.31,94.83,16.97,99.02,22.52
83,2026-02-11T17:44:07.499267,204,206,203,232,204,246,210,276,217,288,225,298,244,313,265,323,280,323,293,321,308,311,320,296,324,288,328,276,331,247,332,234,334,209,218,202,225,197,236,194,250,195,266,196,298,197,312,196,323,197,330,200,333,204,282,213,283,220,284,227,284,232,285,239,286,247,285,253,285,256,284,257,283,258,231,217,239,215,250,214,259,217,251,218,240,219,298,218,306,216,316,217,323,219,315,220,305,220,253,282,266,274,274,272,283,273,291,272,297,274,305,282,298,297,291,300,282,302,272,301,264,297,256,282,269,279,282,279,293,279,302,282,289,290,283,291,275,290,169.77,22.6,75.06,11.26,94.15,17.8,97.52,22.8
84,2026-02-11T17:44:07.529227,203,206,202,232,203,246,209,276,216,289,224,298,243,313,265,323,279,323,292,322,308,311,319,296,324,287,327,275,331,246,332,233,334,207,217,202,224,197,234,194,249,194,265,196,296,197,310,196,321,196,328,199,332,203,281,213,282,220,283,226,283,232,284,239,285,247,285,252,284,256,283,257,283,258,230,217,238,215,248,214,259,217,250,218,239,219,296,217,305,216,314,216,321,218,313,220,304,219,253,282,265,274,274,272,282,273,290,272,297,274,304,282,298,297,291,300,282,302,272,301,263,297,256,282,268,279,282,278,292,278,301,282,288,290,282,291,274,290,171.34,22.24,75.55,11.9,93.87,17.43,99.26,23.07
85,2026-02-11T17:44:07.558804,202,206,201,232,202,246,209,276,216,289,224,298,243,313,264,323,279,324,292,322,307,311,319,296,323,287,327,275,331,246,332,233,333,208,217,202,223,197,234,194,248,194,264,196,295,196,309,195,320,195,328,198,331,203,280,213,281,220,282,226,282,232,283,239,284,247,284,252,283,256,282,257,282,258,229,217,237,215,248,215,258,217,249,218,239,219,295,217,304,216,314,217,321,218,313,220,303,219,252,282,264,274,273,272,282,273,289,272,296,274,303,282,297,297,290,301,281,303,271,301,263,298,256,282,268,279,281,278,292,278,300,282,287,291,281,291,273,291,171.24,21.8,75.1,11.78,94.05,17.45,100.33,23.69
86,2026-02-11T17:44:07.589979,201,206,200,233,201,246,208,276,215,289,224,299,242,313,264,323,278,324,291,322,307,311,318,296,323,288,327,275,331,246,331,233,333,208,215,202,222,197,233,194,247,194,263,196,295,196,309,195,320,195,328,198,331,203,279,213,280,220,281,226,282,232,282,239,283,247,283,252,282,255,282,257,281,258,228,217,236,215,246,215,257,217,248,218,238,219,295,217,304,216,313,217,320,218,312,220,303,219,252,282,264,274,273,272,281,273,289,272,295,274,303,282,297,297,290,302,281,303,271,302,262,298,255,282,267,279,281,278,291,278,300,282,287,291,281,292,273,291,170.94,22.08,74.21,11.44,91.52,16.31,99.11,23.73
87,2026-02-11T17:44:07.625877,201,207,200,233,201,246,208,277,215,290,223,299,242,314,263,324,277,325,290,323,306,311,318,297,323,288,327,275,331,247,331,234,333,208,215,202,222,197,232,194,246,194,262,196,295,196,309,195,320,195,328,198,331,203,279,213,280,220,280,226,281,232,282,239,282,247,282,252,282,256,281,257,280,259,228,217,236,215,246,215,256,217,248,218,237,219,295,217,304,216,313,217,320,218,312,220,303,219,251,283,263,275,272,272,281,274,289,272,295,274,302,282,296,299,289,303,280,304,270,303,262,299,254,283,267,279,280,279,291,279,300,282,287,292,280,293,273,292,171.61,21.63,74.41,11.31,91.5,16.63,100.34,23.54
88,2026-02-11T17:44:07.653729,201,207,200,233,201,247,208,277,215,290,223,299,241,314,263,325,277,326,290,324,306,312,318,297,322,288,327,276,331,247,331,234,333,208,215,203,221,197,232,194,246,194,262,196,295,196,309,195,320,195,328,198,331,203,279,213,280,221,281,227,281,233,282,239,283,247,282,253,282,256,281,258,281,259,227,217,236,216,246,215,256,217,248,219,237,220,295,218,304,217,314,218,320,219,313,221,303,220,250,283,263,276,272,273,281,274,289,273,295,275,302,282,296,300,289,304,280,306,270,304,261,300,253,284,266,280,280,280,291,280,300,283,287,293,280,294,273,293,171.92,21.72,72.68,10.81,91.54,16.55,101.16,23.69
89,2026-02-11T17:44:07.683352,200,207,200,233,201,247,208,277,215,290,223,300,241,315,262,325,277,326,290,324,306,313,318,297,322,288,327,276,331,247,331,234,333,208,214,203,221,197,231,194,246,194,262,196,295,196,309,195,320,195,328,198,331,204,279,213,280,221,280,227,281,233,282,240,282,248,282,254,282,257,281,259,280,260,227,218,235,216,246,215,256,217,247,219,237,220,295,218,304,217,314,218,321,219,313,221,303,220,250,284,263,276,272,274,281,275,289,274,295,275,302,283,296,300,289,304,280,306,270,304,261,300,253,284,266,281,280,281,291,280,299,283,286,294,280,294,272,293,170.75,21.87,71.96,10.67,91.31,17.28,100.88,23.67
90,2026-02-11T17:44:07.720360,200,207,200,234,201,247,208,278,215,291,223,300,241,315,262,325,277,326,290,324,306,313,318,298,323,289,327,276,331,247,332,234,333,208,214,203,220,197,231,194,245,194,261,196,294,197,309,195,320,195,328,198,332,204,279,214,279,221,280,228,281,233,281,240,282,248,282,254,281,257,281,259,280,260,227,218,235,216,245,216,256,218,247,219,236,220,295,218,304,217,314,218,321,219,313,221,303,220,250,284,263,277,271,274,280,276,288,274,295,276,302,284,296,301,289,305,279,306,269,305,261,301,253,285,266,281,280,281,291,281,299,284,286,294,280,295,272,294,170.82,21.9,71.95,10.84,91.21,17.2,100.27,23.87
91,2026-02-11T17:44:07.747957,200,207,199,234,201,247,207,278,214,291,223,300,241,315,262,325,276,326,290,324,306,313,318,298,323,289,327,276,331,247,332,234,333,208,213,203,220,197,230,194,245,194,261,196,294,197,309,195,320,195,328,198,332,204,278,214,279,221,280,228,280,234,281,240,282,248,281,254,281,257,280,259,280,260,226,218,234,216,245,216,255,218,247,220,236,221,295,218,304,217,314,218,321,219,313,221,303,220,250,285,263,277,271,275,280,276,288,275,294,276,302,284,295,301,288,305,279,306,269,305,261,301,253,285,266,282,279,282,290,281,299,284,286,294,279,295,272,294,170.42,22.19,71.52,10.72,90.28,17.22,99.84,23.25
92,2026-02-11T17:44:07.782961,200,208,199,234,200,247,207,278,214,291,222,300,240,316,262,326,276,327,290,325,306,313,318,298,323,289,327,276,331,247,332,234,333,208,213,203,219,198,230,194,244,195,261,196,294,197,309,195,320,195,328,198,332,204,278,214,279,221,279,228,280,234,281,240,281,248,281,254,281,257,280,259,279,260,226,218,234,217,244,216,255,218,246,220,235,221,295,218,304,217,314,218,321,219,313,221,303,220,250,285,262,278,271,276,280,277,288,275,294,277,301,285,295,301,288,305,279,306,269,305,261,301,253,286,266,283,279,282,290,282,299,285,286,294,279,295,272,294,170.08,22.2,70.76,10.63,90.28,17.24,98.73,23.5
93,2026-02-11T17:44:07.814885,200,207,199,234,200,247,207,278,214,291,222,300,240,316,261,326,276,327,290,325,306,314,318,298,323,289,328,276,332,247,332,234,334,208,213,203,219,198,230,195,244,195,260,197,294,197,309,195,320,195,328,198,332,204,278,214,278,222,279,229,280,235,280,242,281,250,281,255,280,259,280,260,279,262,225,219,234,217,244,216,255,218,246,220,235,221,295,219,304,217,314,218,321,219,313,221,303,220,250,286,262,279,271,277,279,278,287,277,294,279,301,286,295,302,288,306,279,307,269,306,261,302,253,287,266,284,279,284,289,284,298,286,285,295,279,295,271,294,169.0,22.37,70.92,10.43,90.09,17.23,98.35,24.17
94,2026-02-11T17:44:07.847119,200,208,199,234,200,248,207,278,214,291,222,301,240,316,261,327,276,328,290,326,306,314,318,299,323,289,328,277,332,247,333,234,334,208,212,204,219,198,229,195,243,195,260,197,294,197,309,196,320,196,328,199,332,204,277,215,278,223,279,229,279,236,280,242,281,250,280,256,280,259,279,261,279,263,225,219,233,217,244,217,255,219,246,221,235,222,294,219,304,217,314,218,321,220,313,222,303,221,250,287,262,281,271,279,279,280,287,278,293,280,301,287,295,303,288,307,278,308,269,307,260,303,253,288,266,285,278,285,289,285,298,288,285,296,279,296,271,295,170.19,22.24,70.4,10.51,88.38,16.66,98.12,22.65
95,2026-02-11T17:44:07.877081,200,208,199,234,200,248,207,278,214,291,222,301,240,317,261,327,276,328,290,327,306,315,319,299,324,290,328,277,332,247,333,234,334,208,212,204,218,198,229,195,243,196,260,197,294,198,309,196,321,196,328,199,332,204,278,215,278,223,279,230,280,236,280,243,281,251,281,257,280,260,280,262,279,263,225,219,233,218,244,217,255,219,246,221,235,222,295,219,304,218,314,219,321,220,313,222,303,221,250,288,262,281,271,279,279,280,287,279,293,281,301,288,294,303,288,307,278,309,269,307,260,303,253,288,266,286,278,286,289,286,298,288,285,296,279,297,271,296,168.99,22.54,70.37,10.35,88.28,16.62,97.46,22.9
96,2026-02-11T17:44:07.909943,200,208,199,234,200,248,207,278,214,291,222,301,240,317,261,328,276,329,290,327,306,315,319,299,324,290,328,277,333,247,333,234,334,208,212,204,218,199,229,195,243,196,260,198,294,198,309,197,321,196,328,199,332,204,277,216,278,224,279,231,279,237,280,244,280,252,280,258,280,261,279,263,279,264,225,219,233,218,244,217,255,219,246,221,235,222,295,220,304,218,314,219,321,220,313,222,303,222,250,288,262,282,270,280,279,281,287,280,293,281,301,288,294,303,287,308,278,309,268,307,260,303,253,289,265,287,278,287,289,286,298,289,285,296,278,297,271,296,170.26,22.14,70.45,10.23,88.4,16.83,97.66,23.19
97,2026-02-11T17:44:07.940045,200,208,199,234,200,247,207,278,214,291,222,301,240,317,261,328,276,329,290,327,306,316,319,300,324,290,329,277,333,248,333,234,335,208,212,204,219,199,229,196,243,196,260,198,294,198,309,197,321,197,329,200,333,205,278,216,278,224,279,231,280,237,280,244,281,252,280,258,280,261,279,263,279,264,225,220,233,218,244,217,255,219,246,221,235,222,295,220,304,218,314,219,321,221,313,223,303,222,250,288,262,282,270,280,279,281,287,280,293,282,301,289,294,304,287,308,278,309,268,308,260,304,253,289,265,287,278,287,289,287,298,289,285,297,278,297,271,296,168.98,22.42,69.09,10.2,85.63,15.97,95.04,22.22
98,2026-02-11T17:44:07.971399,200,207,199,234,200,247,206,278,213,291,221,301,240,317,261,328,276,330,290,328,306,316,319,300,324,291,329,278,333,248,334,234,335,208,212,204,219,199,229,196,244,197,260,198,294,199,309,197,321,197,329,200,333,205,278,216,278,225,279,232,280,238,280,246,281,254,281,260,280,263,280,265,279,266,225,220,233,218,244,217,255,220,246,221,235,222,295,220,304,219,314,219,321,221,313,223,303,222,249,289,262,283,270,281,279,283,287,281,293,283,301,289,294,304,287,308,278,309,268,308,260,304,252,289,265,288,278,288,289,288,298,290,285,297,278,297,271,296,169.29,22.34,68.9,10.33,85.4,15.99,94.53,22.48
99,2026-02-11T17:44:08.002019,200,207,199,234,200,247,206,278,213,291,221,301,240,318,261,329,276,330,290,328,306,317,319,300,325,291,329,278,333,248,334,234,336,208,212,204,219,199,229,196,243,197,260,199,294,199,309,198,321,197,329,200,333,205,278,217,278,225,279,232,280,239,280,246,281,254,281,260,280,264,280,265,279,266,225,220,233,218,244,218,255,220,246,222,235,223,295,221,304,219,314,220,321,221,313,223,303,223,249,290,262,284,270,282,279,284,287,282,293,284,301,290,294,304,287,308,278,310,268,308,260,304,252,290,265,289,278,289,289,289,298,290,285,297,278,298,271,297,169.73,22.36,69.8,10.92,86.43,16.34,97.08,23.53
100,2026-02-11T17:44:08.031449,200,207,199,234,200,247,207,278,213,292,221,302,240,318,261,329,276,330,290,329,306,317,319,301,325,291,329,278,333,249,334,235,336,209,212,205,219,199,229,197,244,197,260,199,294,199,310,198,322,198,330,201,334,206,278,217,279,225,279,233,280,239,280,246,281,255,281,261,280,264,280,266,279,267,225,220,233,219,244,218,255,221,246,222,235,223,295,222,305,219,315,220,322,222,314,224,303,224,249,290,262,284,270,282,279,284,287,283,293,284,301,290,294,305,287,309,278,310,268,309,260,305,252,290,265,289,278,290,289,289,299,290,285,297,278,298,271,297,168.45,22.38,68.31,10.9,86.32,15.58,94.45,22.27
101,2026-02-11T17:44:08.060095,200,207,199,234,200,247,207,278,213,292,221,302,240,318,261,329,276,330,290,329,306,317,319,301,325,291,329,278,334,249,334,235,336,209,212,205,219,199,229,197,244,197,260,199,294,200,310,198,322,198,330,201,334,206,278,218,279,226,279,233,280,240,280,247,281,255,281,261,280,264,280,266,279,267,225,220,234,219,244,218,255,221,246,223,235,223,295,222,305,220,315,220,322,222,314,224,303,224,249,290,262,284,270,282,279,284,287,283,293,284,302,290,294,305,287,309,278,310,268,309,259,305,252,290,265,289,278,290,289,289,299,290,285,297,278,298,271,297,169.57,22.31,68.24,10.97,85.44,16.16,94.1,21.98
102,2026-02-11T17:44:08.091302,200,208,200,234,200,248,207,278,213,292,221,302,240,318,261,329,276,330,290,329,306,317,320,301,325,291,329,278,334,249,335,235,336,209,212,205,219,199,229,196,244,197,260,199,294,200,310,198,322,198,330,201,334,206,278,218,279,226,279,233,280,240,280,247,281,255,281,261,280,264,280,266,279,267,225,220,234,219,244,218,255,221,246,223,235,223,295,222,305,220,315,220,322,222,314,224,303,224,249,290,262,284,270,282,279,284,287,282,293,284,302,290,294,305,287,309,278,310,268,309,259,305,252,290,265,289,278,290,289,289,299,290,285,297,278,298,271,297,169.75,22.28,68.07,10.99,85.52,16.49,95.28,22.07
103,2026-02-11T17:44:08.123219,200,208,200,234,201,248,207,279,213,292,221,303,240,319,261,330,276,331,289,329,306,317,320,301,325,292,330,279,334,249,335,235,337,209,212,205,219,199,229,197,244,197,260,200,294,200,310,198,322,198,330,201,334,206,278,218,279,226,279,233,280,240,280,247,281,255,281,261,280,264,280,266,279,267,225,221,234,220,244,219,255,221,246,223,235,224,295,222,305,220,315,221,322,222,314,224,303,224,249,290,262,284,270,282,279,284,287,282,293,284,302,290,294,305,287,309,278,310,268,309,259,305,252,290,265,289,278,290,289,289,299,290,285,297,278,298,271,297,169.31,22.54,67.79,10.59,88.59,17.25,92.45,22.38
104,2026-02-11T17:44:08.153297,201,208,200,234,201,248,207,279,213,292,221,303,240,319,261,330,276,331,289,329,306,318,320,302,325,292,330,279,334,249,335,235,337,209,212,205,219,200,229,197,244,198,260,200,294,200,310,198,322,198,330,201,334,206,278,218,279,226,279,234,280,240,281,247,281,256,281,262,280,265,280,266,279,267,225,221,234,221,244,221,255,221,246,223,235,224,295,222,305,221,315,222,322,222,314,225,303,224,249,290,262,284,270,282,279,284,287,282,293,284,302,290,294,305,287,309,278,310,268,309,259,305,252,290,265,289,278,289,289,289,299,290,285,297,278,298,271,297,169.6,22.51,68.58,10.71,87.76,17.29,91.1,22.83
105,2026-02-11T17:44:08.184935,201,208,200,235,201,248,207,280,213,293,221,303,240,319,261,330,276,331,289,329,306,318,320,302,325,293,330,280,334,249,335,236,337,209,212,205,219,200,229,197,244,198,260,200,295,200,310,198,322,198,330,201,334,206,278,219,279,227,279,234,280,240,281,248,281,256,281,262,280,265,280,266,279,268,225,222,234,222,244,222,255,222,246,224,235,225,296,222,305,222,315,222,323,223,314,225,304,224,249,290,262,284,270,282,279,284,287,282,294,284,302,290,294,305,287,309,278,310,268,309,259,305,252,290,265,289,278,290,289,289,299,290,285,297,278,298,271,297,169.62,22.68,68.02,10.75,87.32,17.8,91.63,22.78
106,2026-02-11T17:44:08.214098,201,208,200,235,201,248,207,280,213,293,221,303,240,319,261,330,276,331,289,329,306,318,320,302,325,292,330,279,334,249,335,236,337,209,212,205,219,200,229,197,244,198,260,200,295,200,310,198,322,198,330,201,334,206,278,218,279,226,279,234,280,240,281,247,281,256,281,262,280,265,280,266,279,267,225,222,234,222,244,221,255,222,246,224,235,225,296,222,305,221,315,222,323,223,314,225,304,224,249,290,262,284,270,282,279,283,287,282,294,284,302,290,294,304,287,308,278,310,268,308,260,304,252,290,265,289,278,289,289,289,299,290,285,297,278,297,271,297,169.36,22.69,66.58,10.68,86.14,17.54,91.29,22.58
107,2026-02-11T17:44:08.254348,201,208,200,234,201,248,207,279,214,293,221,303,240,319,261,330,276,331,289,329,306,318,320,302,325,292,330,279,335,249,335,235,337,209,213,205,219,200,230,197,244,198,261,200,295,200,310,198,322,198,330,201,334,206,278,218,279,226,279,234,280,240,281,247,281,255,281,261,280,264,280,266,279,267,225,221,234,221,245,220,255,222,246,223,235,224,296,222,305,220,316,221,323,222,314,225,304,224,249,290,262,283,270,282,279,283,287,282,294,284,302,290,294,304,287,308,278,309,268,308,260,304,252,290,265,289,278,289,289,289,299,290,285,296,278,297,271,296,170.23,22.73,67.47,11.03,85.74,16.65,90.1,22.25
108,2026-02-11T17:44:08.281927,201,207,200,234,201,248,207,279,214,293,221,303,240,319,261,330,276,331,289,329,306,318,320,302,326,292,330,279,335,249,336,235,337,209,213,205,219,200,230,197,244,198,261,200,295,200,310,198,322,198,330,200,334,205,278,218,279,226,279,233,280,240,281,247,281,255,281,261,280,264,280,266,279,267,225,221,234,220,245,220,255,222,246,223,235,224,296,222,305,219,316,220,323,221,314,224,304,224,249,289,262,283,270,282,279,283,287,282,294,284,302,290,294,304,287,308,278,309,268,308,260,304,253,290,265,289,278,289,289,289,299,290,285,296,278,296,271,295,170.44,22.77,67.43,11.28,84.39,15.6,89.51,21.88
109,2026-02-11T17:44:08.310997,201,207,200,234,201,248,207,279,214,292,221,303,240,319,261,330,276,331,289,329,306,317,320,301,326,292,330,279,335,249,336,235,337,208,213,205,219,199,230,197,244,197,261,200,295,199,310,198,322,197,331,200,334,205,278,218,279,226,279,233,280,239,281,247,281,255,281,261,280,264,280,266,279,267,225,221,234,219,245,219,255,221,246,223,235,224,296,222,305,219,316,219,323,221,314,224,304,223,249,289,262,283,270,281,279,283,287,282,294,283,302,290,294,304,287,308,278,309,268,308,260,304,253,290,265,289,278,289,289,289,299,290,284,295,278,296,271,295,169.29,22.87,67.73,11.16,84.45,15.85,90.19,22.53
110,2026-02-11T17:44:08.342594,201,207,201,234,201,247,207,278,214,292,221,302,240,318,261,329,276,330,289,328,306,317,320,301,326,291,330,278,335,248,336,235,337,208,213,204,219,199,230,196,244,197,261,199,295,199,310,198,323,197,331,200,334,205,278,218,279,225,279,233,280,239,281,246,281,254,281,260,280,264,280,265,279,266,226,220,234,218,245,218,255,221,247,223,236,223,296,221,305,218,316,218,323,220,314,223,304,223,249,289,262,283,270,281,279,283,287,281,294,283,302,290,294,303,287,307,278,308,268,307,260,303,253,290,265,289,278,289,289,289,299,290,284,294,278,295,271,294,170.03,22.85,68.0,11.24,85.13,15.94,92.22,22.43
111,2026-02-11T17:44:08.374389,202,207,201,233,202,247,207,278,214,291,222,302,240,318,261,329,276,330,289,328,306,317,320,301,326,291,330,278,335,248,336,235,338,208,213,204,219,199,230,196,244,197,261,199,295,199,311,197,323,197,331,200,335,205,278,217,279,225,279,232,280,239,281,246,281,254,281,260,280,263,280,265,279,266,226,220,234,218,245,218,255,221,247,223,236,223,296,221,306,218,316,218,323,220,315,223,304,223,250,289,262,283,270,281,279,283,287,281,293,283,302,290,294,303,287,306,278,308,268,307,260,303,253,289,265,289,278,289,289,289,299,290,284,294,278,295,271,294,169.99,22.41,68.39,11.36,85.58,15.85,92.05,22.84
112,2026-02-11T17:44:08.404358,202,207,201,233,202,247,208,278,214,291,222,301,240,318,261,328,276,330,289,328,306,316,320,301,326,291,330,278,335,248,336,235,338,208,213,204,219,198,230,196,244,197,261,199,295,199,311,197,323,197,331,200,335,205,278,217,279,225,279,232,280,238,280,245,281,254,281,260,280,263,280,264,279,266,227,220,234,217,245,217,256,221,247,223,236,223,296,221,306,218,316,218,323,220,315,223,304,223,250,289,262,283,270,281,279,282,287,281,293,283,302,289,294,302,287,306,277,307,268,306,260,303,253,289,265,289,278,289,289,289,299,290,284,294,278,294,271,294,168.88,22.34,68.42,11.38,84.82,15.57,90.62,22.94
113,2026-02-11T17:44:08.437573,202,207,201,233,202,247,208,278,214,291,222,301,240,317,261,328,276,329,289,328,306,316,320,300,326,291,330,278,335,248,336,235,338,208,213,204,220,198,230,195,244,196,261,199,295,199,311,197,323,197,331,200,335,205,279,217,279,225,279,232,280,238,281,245,281,253,281,259,280,262,280,264,279,265,227,220,235,218,245,217,256,221,247,223,236,223,297,221,306,218,316,218,323,220,315,223,305,223,250,289,262,283,270,281,279,282,287,281,293,283,302,289,294,302,286,306,277,307,268,306,260,302,253,289,265,288,278,289,289,289,299,290,284,294,278,294,271,294,169.37,22.56,68.31,11.35,85.05,15.94,92.9,22.82
114,2026-02-11T17:44:08.469456,202,207,202,233,202,247,208,278,214,291,222,301,240,317,261,328,276,329,289,327,307,316,320,300,326,291,331,278,335,248,336,235,338,208,214,204,220,198,230,195,245,196,261,199,296,199,311,197,323,197,331,200,335,205,279,217,279,225,280,232,280,238,281,245,281,253,281,259,280,262,280,264,279,265,227,220,235,218,245,217,256,221,247,223,236,223,297,221,306,218,316,218,323,220,315,223,305,223,250,289,262,282,270,280,279,282,287,280,293,282,302,289,294,302,286,306,277,307,268,306,260,302,254,289,266,288,278,288,289,288,299,289,284,294,278,294,271,293,169.35,22.56,68.14,11.33,84.71,16.04,92.34,22.99
115,2026-02-11T17:44:08.498380,203,206,202,233,202,246,208,277,214,290,222,300,240,317,261,327,276,329,290,327,307,316,320,300,326,290,330,278,335,248,336,235,338,208,214,204,221,198,231,195,245,196,262,199,296,198,311,197,323,197,331,199,335,205,279,217,280,224,280,231,281,238,281,245,281,253,281,259,280,262,280,264,279,265,227,219,235,217,245,217,256,221,247,222,236,223,297,221,306,218,316,218,323,220,315,223,305,223,251,288,262,282,270,280,279,282,287,280,293,282,302,289,294,302,287,306,278,307,268,306,260,302,254,289,266,287,278,288,289,288,299,289,284,294,278,294,271,293,168.77,21.98,67.91,10.03,82.91,15.27,89.98,22.74
116,2026-02-11T17:44:08.529661,203,206,202,232,202,246,208,276,215,290,222,300,240,316,261,327,276,328,290,326,307,315,320,300,326,290,330,277,335,248,336,235,338,208,215,203,221,198,232,195,246,196,263,199,296,198,311,197,323,196,331,199,335,205,280,217,280,224,280,231,281,238,281,245,281,253,281,259,281,262,280,264,280,265,227,219,235,217,246,217,256,220,248,222,237,222,297,221,306,218,316,218,323,220,315,223,305,223,251,288,262,282,270,280,279,282,287,280,293,282,302,289,294,302,287,305,278,307,268,305,260,302,254,288,266,287,278,288,289,288,299,289,284,294,278,294,271,293,169.23,21.95,67.83,9.89,82.96,15.38,91.65,23.68
117,2026-02-11T17:44:08.559207,203,206,202,232,203,246,208,276,215,290,223,300,241,316,262,327,276,328,290,326,307,315,320,300,326,290,330,277,335,248,336,235,338,208,215,203,221,198,232,195,246,196,263,199,296,198,311,197,323,196,331,199,335,204,280,216,280,224,280,231,281,238,281,245,281,253,281,259,281,262,280,263,280,265,227,219,235,217,246,217,257,220,248,222,237,222,297,221,306,217,316,218,323,220,315,223,305,223,251,288,262,281,270,280,279,281,287,280,293,282,302,289,294,302,287,305,278,306,268,305,260,302,254,288,266,287,278,287,289,288,299,289,284,294,278,294,271,293,169.24,21.94,68.26,9.89,83.9,15.47,92.47,23.72
118,2026-02-11T17:44:08.592182,203,206,202,232,203,246,209,276,215,290,223,300,241,316,262,326,276,328,290,326,307,315,320,300,326,290,330,277,335,248,336,235,338,208,215,203,222,198,232,195,246,196,263,199,296,198,312,196,323,196,331,199,335,204,280,216,280,224,281,231,281,238,281,245,282,253,281,259,281,262,280,263,280,265,228,219,236,217,246,217,257,220,248,222,237,222,297,221,307,217,316,218,323,220,315,223,305,223,251,288,262,281,270,280,279,281,287,280,293,282,302,289,294,302,287,305,278,306,268,305,261,302,254,288,266,287,278,287,289,287,299,289,284,294,278,294,271,293,169.24,21.94,67.96,9.81,83.52,15.42,92.17,24.02
119,2026-02-11T17:44:08.621722,203,206,202,233,203,246,209,277,215,290,223,300,241,316,262,327,276,328,290,326,307,315,320,299,326,290,330,277,335,248,336,235,338,208,215,203,222,198,232,195,246,196,263,199,297,198,312,196,323,196,331,199,335,204,280,216,280,224,281,231,281,237,281,244,282,253,281,258,281,262,280,263,280,264,228,219,236,217,246,217,257,220,248,222,237,222,297,221,307,217,316,218,323,220,315,223,305,223,251,288,262,281,270,280,279,281,287,280,293,282,302,289,294,302,287,305,278,306,268,305,261,301,254,288,266,287,278,287,289,287,299,289,284,294,278,294,271,293,168.95,21.93,67.99,9.83,83.48,15.48,92.46,23.94
120,2026-02-11T17:44:08.653722,203,206,202,233,203,246,209,277,215,290,223,300,241,316,262,327,277,328,290,326,307,315,320,299,326,290,330,277,335,248,336,235,338,208,215,203,222,198,232,195,246,196,263,198,297,198,312,196,323,196,331,199,335,204,280,216,280,224,281,231,281,237,281,244,282,252,281,258,281,261,280,263,280,264,228,219,236,217,246,217,257,220,248,222,237,222,297,221,307,217,316,218,323,220,315,223,305,223,251,288,263,281,271,279,279,281,287,280,293,282,302,289,294,302,287,305,278,306,268,305,261,301,254,288,266,286,278,287,289,287,299,289,284,294,278,294,271,293,168.93,21.95,67.92,9.91,83.4,15.44,93.21,23.59
121,2026-02-11T17:44:08.684750,203,206,202,233,203,246,209,277,215,290,223,300,241,316,262,326,277,328,290,326,307,315,320,299,326,290,330,277,335,248,336,235,338,208,215,203,222,198,232,195,246,196,263,198,297,198,312,196,323,196,331,199,335,204,280,216,280,224,281,231,281,237,281,244,282,252,281,258,281,261,280,263,280,264,228,219,236,217,247,217,257,220,248,222,237,222,297,221,307,217,316,218,323,220,315,223,305,223,251,287,262,281,271,279,279,281,287,280,293,282,302,289,294,301,287,305,278,306,269,305,261,301,254,288,266,286,278,287,289,287,299,289,284,293,278,294,271,293,169.0,21.95,67.89,9.97,83.55,15.61,93.03,23.64
122,2026-02-11T17:44:08.714314,203,206,202,233,203,246,209,277,215,290,223,300,241,316,262,326,277,328,290,326,307,315,320,299,326,290,330,277,335,248,336,235,338,208,215,203,222,198,232,195,247,196,263,198,297,198,312,196,323,196,331,199,335,204,280,216,280,224,281,231,281,237,281,244,282,252,281,258,281,261,280,263,280,264,228,219,236,217,247,217,257,220,248,222,238,222,297,221,307,217,317,218,323,220,315,223,305,223,251,287,263,281,271,279,279,281,287,280,293,282,302,289,294,301,287,305,278,306,269,304,261,301,254,288,266,286,278,287,289,287,299,289,284,293,278,293,271,292,169.0,21.95,68.16,10.15,83.45,15.64,92.76,23.73
123,2026-02-11T17:44:08.747314,203,206,202,233,203,246,209,277,215,290,223,300,241,316,262,326,276,328,290,326,307,315,320,300,325,290,330,278,335,248,336,235,338,209,215,203,222,198,232,195,247,196,263,198,297,198,312,196,323,196,331,199,335,204,280,216,280,224,281,231,281,237,281,244,282,252,281,258,281,261,280,263,280,264,228,219,236,217,247,217,257,220,248,222,238,222,297,221,307,217,316,218,323,220,315,223,305,223,251,287,262,281,270,279,279,281,287,280,293,282,302,289,294,301,287,304,278,305,268,304,261,301,254,288,266,286,278,287,289,287,299,289,284,293,278,293,271,292,168.75,21.96,68.14,10.21,83.37,15.54,93.1,23.74
124,2026-02-11T17:44:08.779314,203,206,202,233,203,246,209,277,215,290,223,300,241,316,262,326,276,328,290,326,307,315,320,300,325,290,330,278,335,248,336,235,338,209,215,203,222,198,232,195,247,196,263,198,296,198,311,196,323,196,331,199,335,204,280,216,280,224,281,231,281,237,281,244,282,252,281,258,281,261,280,263,280,264,228,219,236,217,247,217,257,220,248,222,238,222,297,221,307,217,316,218,323,220,315,223,305,223,251,287,262,281,270,279,279,281,287,280,293,282,302,289,294,301,287,304,278,305,268,304,261,300,254,287,266,286,278,287,289,287,299,289,284,293,278,293,271,292,168.88,21.95,67.85,10.04,83.75,15.8,92.91,23.57
125,2026-02-11T17:44:08.811883,203,206,202,233,203,246,209,277,215,290,223,300,241,316,262,326,276,328,289,326,306,315,320,300,325,290,330,278,335,248,336,235,338,209,215,203,222,198,232,195,246,196,263,198,296,198,311,196,323,196,331,199,335,204,280,216,280,224,280,231,281,237,281,244,281,252,281,258,281,261,280,263,280,264,228,219,236,217,247,217,257,220,248,222,238,222,297,221,306,217,316,218,323,220,315,223,305,223,251,287,262,281,270,279,279,281,286,280,293,282,302,288,293,301,286,304,278,305,268,304,260,300,254,287,266,286,278,287,289,287,299,289,284,293,278,293,271,292,168.54,22.0,68.64,10.13,84.84,16.14,93.31,23.26
126,2026-02-11T17:44:08.842883,203,206,202,233,203,246,209,277,215,290,223,300,241,316,262,326,276,327,289,326,306,315,319,300,325,290,329,278,335,248,336,235,337,209,215,203,222,198,232,195,246,196,262,198,296,198,311,196,323,196,331,199,334,204,279,216,280,224,280,231,280,237,281,244,281,252,281,258,280,261,280,263,279,264,228,219,236,217,247,217,257,220,248,222,237,222,297,221,306,217,316,218,323,220,314,223,305,222,251,287,262,281,270,279,278,281,286,280,293,282,302,288,293,301,286,304,277,305,268,304,260,300,254,287,266,286,278,287,289,287,299,289,284,293,278,293,271,292,168.9,21.9,68.45,10.29,83.69,16.08,92.65,23.31
127,2026-02-11T17:44:08.875440,203,206,202,233,203,246,209,276,215,290,223,300,241,315,261,326,275,327,289,325,306,315,319,299,325,290,329,277,335,248,336,235,337,209,215,203,221,198,232,195,246,196,262,198,295,198,311,196,322,196,331,199,334,204,279,216,279,224,280,231,280,237,280,244,281,252,280,258,280,261,280,263,279,264,227,219,235,217,246,217,257,220,248,222,237,222,296,220,306,217,316,218,323,220,314,223,304,222,250,287,262,281,270,279,278,281,286,280,293,282,302,288,293,301,286,304,277,305,268,304,260,300,253,287,265,286,278,287,289,287,299,289,284,292,278,293,271,292,169.17,22.1,68.87,10.33,84.16,15.87,91.38,23.6
128,2026-02-11T17:44:08.908579,203,206,202,232,203,246,209,276,215,290,223,300,241,315,261,326,275,327,289,325,306,315,319,299,325,290,329,277,335,248,336,234,337,208,215,203,221,198,231,195,245,196,262,198,295,198,310,196,322,196,330,199,334,204,279,216,279,224,280,231,280,237,280,244,281,252,280,258,280,261,279,263,279,264,227,219,235,217,246,217,256,220,248,221,237,222,296,220,306,217,316,218,323,220,314,223,304,222,250,287,262,281,270,279,278,281,286,279,293,281,302,288,293,301,286,304,277,305,268,304,260,300,253,287,265,286,278,287,289,287,299,288,284,292,278,293,271,292,169.67,22.09,68.73,10.43,86.23,16.83,91.3,23.18
129,2026-02-11T17:44:08.940110,203,206,202,232,203,246,209,276,215,289,223,300,240,315,261,326,275,327,289,325,306,315,319,299,325,290,329,277,335,248,336,234,337,208,215,203,221,198,231,195,245,196,261,198,295,198,310,196,322,196,330,199,334,204,279,216,279,223,279,230,280,237,280,244,280,252,280,258,280,261,279,262,279,264,227,219,235,217,246,217,256,220,247,221,237,222,296,220,306,217,316,218,323,220,314,223,304,222,249,287,261,280,270,279,278,280,286,279,293,281,302,288,293,301,286,304,277,305,268,304,260,300,253,287,265,286,277,286,289,286,299,288,284,292,277,293,271,292,169.64,22.22,68.47,10.45,86.21,16.46,90.92,23.35
130,2026-02-11T17:44:08.971789,203,206,202,232,203,246,209,276,215,289,223,299,240,315,261,326,275,327,289,325,306,314,319,299,325,290,329,277,335,248,336,234,337,208,214,203,221,197,231,195,245,195,261,197,295,197,310,196,322,196,330,199,334,204,278,215,279,223,279,230,280,236,280,243,280,251,280,257,280,260,279,262,279,263,227,219,235,217,246,216,256,219,247,221,236,222,296,220,305,217,316,218,323,220,314,222,304,222,249,286,261,280,269,278,278,280,286,279,293,281,302,288,293,301,286,304,277,305,268,304,260,300,252,287,265,285,277,286,289,286,299,288,284,292,277,293,271,292,169.04,22.14,68.0,10.15,85.39,16.37,91.3,22.53
131,2026-02-11T17:44:09.002513,203,206,202,232,203,246,209,276,215,289,223,299,240,315,261,325,275,327,289,325,306,314,319,299,325,289,329,277,335,247,336,234,337,208,214,203,221,197,231,194,245,195,261,197,295,197,310,196,322,195,330,199,334,204,278,215,279,223,279,230,280,236,280,243,280,251,280,257,280,260,279,262,279,263,227,218,235,216,246,216,256,219,247,221,236,222,296,220,305,217,315,218,322,220,314,222,304,221,249,286,261,279,269,278,278,279,286,278,293,280,302,288,293,301,286,304,277,305,268,304,260,300,252,286,265,285,277,285,289,286,299,288,284,292,277,293,270,292,169.72,22.12,69.51,10.5,86.58,16.28,94.25,23.51
132,2026-02-11T17:44:09.032316,203,206,202,232,203,246,209,276,215,289,223,299,240,315,261,325,275,326,289,325,306,314,319,299,325,289,329,277,335,247,336,234,337,208,214,203,221,197,231,194,245,195,261,197,295,197,310,195,322,195,330,198,334,204,278,215,279,222,279,229,280,235,280,242,280,250,280,256,280,259,279,261,279,262,227,218,235,216,246,216,256,219,247,221,236,221,296,219,305,216,315,217,322,219,314,222,304,221,249,286,261,279,269,277,278,279,286,278,293,280,302,287,293,300,286,304,277,305,268,303,260,300,252,286,265,284,277,285,289,285,299,287,284,292,277,292,270,292,169.01,22.32,69.57,10.73,86.53,15.77,93.46,23.48
133,2026-02-11T17:44:09.060394,203,206,202,232,203,246,209,276,215,289,223,299,240,315,261,325,275,326,289,325,306,314,319,299,325,289,329,277,335,247,336,234,337,208,214,202,221,197,231,194,245,194,261,196,295,197,310,195,322,195,330,198,334,204,278,215,279,222,279,229,280,235,280,241,280,249,280,255,280,258,279,260,279,262,227,218,235,216,246,216,256,219,247,220,237,221,296,219,305,216,315,217,322,219,314,222,304,221,249,285,261,279,269,277,278,278,286,277,293,279,302,287,293,300,286,304,277,304,268,303,260,299,253,286,265,284,277,284,289,285,299,287,284,292,277,292,270,291,169.47,22.37,69.38,10.74,86.52,15.49,94.08,22.76
134,2026-02-11T17:44:09.091970,203,206,202,232,203,246,209,276,215,289,223,299,240,315,261,325,275,326,289,325,306,314,319,299,325,289,329,277,335,247,336,234,337,208,214,202,221,197,231,193,245,194,261,196,295,196,310,195,322,195,330,198,334,204,278,214,279,222,279,228,280,234,280,241,280,249,280,255,280,258,279,260,279,261,227,218,235,215,246,215,256,218,247,220,237,221,296,219,305,216,315,217,322,219,314,221,304,221,250,285,261,278,270,276,278,278,286,277,293,279,302,287,294,300,286,304,277,304,268,303,260,299,253,285,265,284,278,284,289,284,299,287,284,292,278,292,271,291,169.86,22.25,69.7,11.07,86.8,15.94,94.6,22.63
135,2026-02-11T17:44:09.121620,203,206,202,232,203,246,209,276,215,289,223,299,240,315,261,325,275,326,289,325,306,314,319,299,324,289,329,277,335,247,336,234,337,208,214,202,221,196,231,193,245,194,261,196,295,196,310,195,322,195,330,198,334,204,278,214,279,221,279,228,280,234,280,240,280,248,280,254,280,257,279,259,279,261,228,218,235,215,246,215,256,218,247,220,237,220,296,219,305,216,315,216,322,219,314,221,304,221,250,285,261,278,270,276,278,277,286,276,293,278,302,287,294,300,286,304,277,304,268,303,260,299,253,285,265,283,278,284,289,284,299,287,284,292,278,292,271,291,169.95,22.25,69.68,10.99,86.98,16.41,94.95,22.55
136,2026-02-11T17:44:09.154997,203,206,202,232,203,246,209,276,215,289,223,299,240,314,261,325,275,326,289,325,306,314,319,299,324,289,329,277,334,247,335,234,337,208,215,202,221,196,231,193,245,194,261,196,295,196,310,195,322,195,330,198,334,203,278,214,279,221,279,227,280,233,280,240,280,248,280,254,280,257,279,259,279,260,228,217,235,215,246,215,256,218,247,220,237,220,296,218,305,215,315,216,322,219,314,221,304,220,250,285,262,277,270,275,278,277,286,276,293,278,302,287,294,300,286,304,277,304,268,303,260,299,254,285,265,283,278,283,289,284,299,287,284,292,278,292,271,291,169.63,22.24,70.04,10.78,86.84,16.17,93.95,22.7
137,2026-02-11T17:44:09.186608,203,205,202,232,203,245,209,276,215,289,223,299,240,314,261,325,275,326,289,324,306,314,319,298,324,289,329,277,334,247,335,234,337,208,215,202,221,196,231,193,245,194,262,196,295,196,310,194,322,195,330,198,334,203,278,213,279,220,279,227,280,233,280,240,280,247,280,253,280,257,279,258,279,260,228,217,236,214,246,214,256,217,248,219,237,219,296,218,305,215,315,216,322,218,314,221,304,220,251,285,262,277,270,275,278,276,286,275,293,278,302,287,294,300,286,303,277,304,268,303,260,299,254,285,266,283,278,283,289,284,299,287,284,292,278,292,271,291,170.63,22.42,70.67,10.88,87.44,16.48,93.88,22.57
138,2026-02-11T17:44:09.216784,203,205,202,232,203,245,209,275,216,289,223,298,241,314,261,325,275,326,289,324,306,313,319,298,324,289,329,277,334,247,335,234,337,208,215,201,221,196,231,193,245,193,262,195,295,195,310,194,322,194,330,198,334,203,278,213,279,220,279,227,280,233,280,239,280,247,280,253,280,256,279,258,279,260,228,216,236,214,246,214,256,217,248,219,237,219,296,218,305,215,315,216,322,218,314,221,304,220,251,285,262,277,270,275,278,276,286,275,293,278,301,287,294,299,286,303,277,304,268,303,260,299,255,285,266,283,278,283,289,284,298,287,284,291,278,291,271,290,170.7,22.45,70.74,10.69,87.49,16.53,96.84,22.82
139,2026-02-11T17:44:09.246340,203,205,202,232,203,245,209,275,216,288,223,298,241,314,261,324,276,325,289,324,306,313,319,298,324,289,329,276,334,247,335,234,337,208,215,201,221,195,232,192,245,193,262,195,295,195,310,194,322,194,330,197,334,203,279,213,279,220,279,227,280,233,280,240,280,247,280,253,280,256,279,258,279,260,228,216,236,214,246,214,257,217,248,219,237,219,296,218,305,215,315,216,322,218,314,221,304,220,252,285,262,277,270,275,278,276,286,275,293,278,301,287,294,299,286,302,277,303,268,302,261,299,255,285,266,283,278,283,289,284,298,287,284,291,278,291,271,290,172.35,22.11,71.8,10.5,90.41,16.79,97.05,22.77
140,2026-02-11T17:44:09.278804,203,205,202,231,203,245,209,275,216,288,223,298,241,313,261,323,276,325,289,323,306,312,319,298,324,288,329,276,334,247,335,234,337,208,215,201,221,195,232,192,246,193,262,195,295,195,310,194,322,194,330,197,334,203,279,212,279,220,279,226,280,232,280,239,280,246,280,252,280,255,279,257,279,259,228,216,236,214,246,213,257,217,248,218,237,219,296,217,306,215,315,215,322,218,314,220,304,220,253,285,263,277,270,274,279,276,286,275,293,277,301,286,293,298,286,301,278,302,269,301,261,298,256,285,267,283,278,283,289,283,298,286,284,290,278,290,272,289,171.77,22.14,72.62,10.72,90.18,16.67,96.02,22.75
141,2026-02-11T17:44:09.311277,204,205,202,231,203,245,209,275,216,288,223,298,241,313,261,323,276,324,289,323,306,312,319,298,324,288,329,276,334,247,335,234,337,208,216,200,222,195,232,192,246,192,262,195,296,195,311,193,322,194,330,197,334,203,279,212,279,219,280,226,280,232,280,238,281,246,280,252,280,255,279,257,279,259,228,216,236,214,246,213,257,216,248,218,237,219,296,217,306,215,316,215,322,218,314,220,304,219,253,285,263,277,271,274,279,276,286,275,293,277,301,286,293,297,286,300,278,301,269,300,262,296,256,285,267,282,278,283,289,283,298,286,284,289,278,289,272,288,171.19,22.27,72.62,10.69,89.7,16.22,95.32,22.7
142,2026-02-11T17:44:09.337889,204,204,202,231,203,245,209,275,216,288,223,298,241,313,261,323,276,324,289,322,306,312,319,298,324,289,329,276,334,247,335,234,337,208,216,200,222,195,233,191,247,192,263,194,296,195,311,193,323,194,330,197,334,202,279,212,280,219,280,226,280,232,281,238,281,246,281,252,280,255,280,257,279,259,229,216,236,214,247,213,257,216,248,218,238,219,297,217,306,215,316,216,322,218,314,220,305,219,253,284,263,276,271,274,279,276,286,275,293,277,301,286,293,296,286,299,278,299,269,298,262,295,256,284,267,282,278,283,289,283,298,285,284,287,278,287,272,287,172.53,22.33,73.29,11.09,89.67,16.33,96.99,22.79
143,2026-02-11T17:44:09.382813,204,204,202,231,203,244,209,275,216,288,223,297,241,313,261,323,276,324,289,322,306,312,319,298,324,289,329,276,334,247,335,234,337,207,216,200,223,194,233,191,247,192,263,194,296,195,311,193,323,194,331,197,334,202,280,212,280,219,280,225,281,231,281,238,281,246,281,252,280,255,280,257,279,259,229,215,237,213,247,213,257,216,249,217,238,218,297,217,306,215,316,216,322,218,314,220,305,219,253,284,263,276,271,274,279,276,286,274,293,277,301,285,293,295,286,298,278,298,269,297,262,295,256,284,267,282,278,283,289,283,298,285,284,286,278,286,272,285,172.95,22.14,74.24,10.78,91.06,16.75,96.81,22.89
144,2026-02-11T17:44:09.409207,204,204,202,231,203,244,209,275,216,288,223,297,241,313,261,323,276,324,289,322,306,312,319,298,324,289,328,276,334,247,335,234,337,207,216,200,223,194,233,191,247,192,263,194,296,194,311,193,323,194,331,197,334,202,280,212,280,219,280,225,281,231,281,238,281,246,281,252,280,255,280,257,279,259,229,215,237,213,247,213,257,216,249,217,238,218,297,217,306,215,316,216,322,218,314,220,305,219,253,284,263,276,271,274,279,276,286,274,293,277,301,285,293,295,286,298,278,299,269,298,262,295,256,284,267,282,278,283,288,283,298,285,284,286,278,286,272,286,172.73,22.22,74.02,10.96,90.4,16.74,96.2,23.12
145,2026-02-11T17:44:09.437374,204,204,202,231,203,244,209,275,216,287,223,297,241,312,261,322,275,324,289,322,305,312,318,298,323,289,328,276,333,247,335,234,337,208,216,199,223,194,233,191,247,192,263,194,296,194,311,193,323,194,330,197,334,203,280,212,280,219,280,225,281,231,281,238,281,245,281,251,280,255,280,257,279,258,229,215,237,213,247,213,257,216,249,217,238,218,297,217,306,215,316,216,322,218,314,220,305,219,253,284,263,276,271,274,279,275,286,274,293,277,300,285,293,295,286,298,278,299,269,298,262,295,256,284,267,282,278,283,288,283,297,285,284,287,278,287,272,286,172.72,22.2,74.28,10.97,90.82,16.93,96.56,23.64
146,2026-02-11T17:44:09.467578,204,204,202,231,203,244,209,274,216,287,223,297,240,312,261,323,275,324,288,322,305,312,317,298,322,289,327,277,333,248,334,235,337,209,217,200,223,194,233,191,247,192,263,194,296,195,311,194,323,194,330,198,334,203,280,212,280,219,280,225,281,231,281,238,281,245,281,251,280,255,280,257,279,258,229,215,237,213,247,213,257,216,249,217,238,218,297,217,306,215,316,216,322,218,314,220,305,219,254,284,263,276,271,274,279,275,286,274,292,277,299,285,292,297,286,300,277,301,269,300,262,296,257,284,267,282,278,282,288,283,295,285,283,288,278,289,272,288,172.07,22.18,74.44,11.0,93.25,17.35,101.81,24.94
147,2026-02-11T17:44:09.495440,204,204,202,231,203,244,209,274,216,287,223,297,240,312,260,323,274,324,287,322,304,312,316,298,321,289,326,277,332,249,334,236,337,210,217,200,224,194,234,191,248,192,264,194,297,195,311,195,323,196,330,199,334,205,280,212,280,219,281,225,281,231,281,238,281,245,281,251,280,255,280,257,279,258,229,215,237,213,247,213,258,216,249,217,238,218,297,218,306,216,316,217,322,219,314,221,305,220,254,284,263,276,271,274,279,275,286,274,292,277,299,286,292,299,286,302,277,302,269,301,261,297,257,284,267,282,278,282,288,283,296,286,283,291,278,291,272,290,171.46,22.15,74.39,10.82,91.74,17.24,100.78,23.66
148,2026-02-11T17:44:09.531650,204,204,202,231,203,244,209,274,215,287,223,297,240,312,260,323,274,324,287,323,304,312,316,298,321,290,326,278,332,249,334,236,336,210,217,200,224,194,235,191,249,192,265,194,297,196,312,195,323,196,330,200,334,205,281,212,281,219,281,226,282,231,282,238,282,245,282,251,281,255,281,257,280,258,229,215,237,213,248,213,258,216,249,218,239,218,297,218,306,216,316,217,322,220,314,222,305,221,254,284,264,276,271,274,279,275,286,274,293,277,299,287,292,299,286,302,277,303,269,302,261,298,257,284,267,282,278,282,288,283,296,286,283,292,278,292,272,291,170.97,22.22,74.26,10.74,90.51,16.29,101.36,23.68
149,2026-02-11T17:44:09.562140,204,204,202,231,203,244,209,274,216,287,223,297,240,312,260,323,275,324,288,323,304,312,316,298,321,290,326,278,332,250,334,237,336,211,219,200,226,194,237,191,251,192,267,195,299,196,313,196,324,197,331,200,334,206,282,213,283,220,283,226,284,232,284,238,284,246,284,252,283,255,282,257,282,258,230,215,238,213,249,213,259,216,250,218,240,219,298,219,307,216,316,218,322,220,315,222,305,221,254,284,265,276,273,274,281,275,288,274,294,277,300,287,294,300,287,303,278,304,269,303,262,299,257,284,268,281,280,281,289,282,297,287,285,293,279,293,273,292,171.55,22.27,74.57,11.11,91.69,16.38,101.51,23.49
150,2026-02-11T17:44:09.593537,206,204,203,231,204,244,210,274,216,287,224,297,241,312,261,323,275,324,288,323,304,313,316,298,321,290,326,278,332,250,334,237,337,211,220,200,228,194,238,192,252,193,268,195,300,197,314,196,325,197,332,201,335,206,284,213,284,220,285,226,285,232,285,238,286,246,285,252,284,255,284,257,283,259,232,215,240,213,250,213,260,217,252,218,241,219,299,219,308,217,317,218,323,221,316,223,306,222,254,284,266,276,274,274,282,275,290,274,296,277,301,287,295,301,288,304,279,305,270,303,263,299,257,284,269,281,281,281,291,282,298,287,286,294,280,294,273,293,168.11,22.72,74.39,11.33,91.73,16.36,100.72,24.34
151,2026-02-11T17:44:09.625235,207,204,205,230,205,244,211,273,217,287,225,297,242,312,262,323,276,324,289,323,305,313,317,298,322,290,326,278,333,250,334,237,338,212,222,200,229,195,240,192,254,194,270,196,301,198,315,198,326,198,333,202,336,207,285,214,286,221,286,227,287,233,287,239,288,247,287,252,286,256,285,258,285,259,233,215,241,213,251,213,261,217,253,218,242,219,300,219,309,217,318,219,325,221,317,223,308,222,255,284,267,276,275,274,283,276,291,275,297,277,303,287,296,301,289,304,280,305,271,304,263,299,258,284,270,281,282,281,292,282,300,287,287,294,281,294,275,293,170.07,21.99,75.6,11.84,93.56,17.51,100.71,24.39
152,2026-02-11T17:44:09.656821,208,204,206,230,206,244,212,273,218,287,225,297,242,312,263,323,277,324,290,323,305,313,317,299,322,290,326,278,333,251,334,238,338,212,223,201,230,195,241,193,255,194,271,197,302,199,316,198,327,199,334,202,337,208,287,214,287,221,288,228,288,234,289,240,289,248,288,253,288,257,287,258,286,260,234,215,242,214,253,214,263,217,254,218,243,219,301,220,310,218,319,219,325,222,318,223,309,222,255,284,268,276,276,274,284,276,292,275,298,278,304,287,297,301,290,304,281,305,272,303,264,299,258,284,271,281,283,282,293,283,301,287,288,293,282,293,275,292,170.07,21.85,75.16,11.43,92.76,16.55,99.66,24.32
153,2026-02-11T17:44:09.685741,208,204,206,230,207,244,212,273,219,287,226,297,243,312,264,323,278,324,291,323,306,313,317,299,322,290,327,278,333,251,335,238,339,212,223,201,231,195,242,193,256,194,272,197,303,199,317,198,328,199,335,202,338,208,287,214,288,221,288,228,289,234,290,240,290,248,289,254,288,257,287,259,287,260,235,216,243,214,253,214,263,217,255,219,244,219,302,220,310,218,320,219,326,222,319,223,309,222,256,284,268,276,277,274,285,276,292,275,298,278,304,287,297,301,290,304,282,305,272,303,265,299,259,284,271,281,284,282,293,283,301,287,288,293,283,293,276,292,169.93,21.98,75.69,11.58,92.88,16.51,99.95,24.71
154,2026-02-11T17:44:09.715577,208,204,206,230,207,243,212,273,219,286,226,297,243,312,264,323,278,324,291,323,306,313,317,299,322,290,327,278,333,250,335,238,339,212,223,201,231,195,242,193,256,194,272,197,303,199,317,198,328,199,335,202,338,207,287,214,288,221,288,228,289,234,289,240,290,248,289,254,288,257,287,259,286,260,235,215,243,214,254,214,264,217,255,218,244,219,301,220,310,218,320,219,326,222,318,223,309,222,256,284,268,276,277,274,285,276,292,275,298,278,304,287,297,300,290,304,281,305,272,303,264,299,259,284,271,281,283,282,293,283,301,287,288,293,282,293,276,292,170.79,21.93,75.73,11.81,93.24,16.42,99.28,24.47
155,2026-02-11T17:44:09.746217,208,203,206,229,207,243,212,273,218,286,226,297,243,313,263,324,278,325,290,324,306,314,317,299,322,290,327,279,333,250,335,237,339,212,223,200,231,195,242,193,256,194,271,197,303,199,316,198,327,199,335,202,338,207,287,214,287,221,288,228,288,234,289,240,289,248,288,254,288,257,287,259,286,260,235,215,243,214,253,214,263,217,255,218,244,218,301,220,310,218,320,219,326,222,318,223,309,222,255,284,268,276,276,274,284,276,292,275,298,278,304,286,296,301,290,305,281,306,272,304,264,299,258,284,271,281,283,282,293,283,301,287,288,294,282,294,276,293,171.35,22.42,75.94,11.41,93.12,16.27,98.48,24.14
156,2026-02-11T17:44:09.777391,208,203,206,229,206,242,212,273,218,286,225,297,242,313,262,325,277,327,290,325,306,314,317,299,322,290,327,278,333,250,335,237,339,211,223,200,230,195,241,193,255,194,271,197,302,199,316,198,327,199,334,202,337,207,286,214,287,221,287,228,288,234,288,240,288,248,288,254,287,257,286,259,285,260,234,215,243,214,253,214,263,217,254,218,244,218,301,220,310,218,319,219,326,221,318,223,309,222,254,284,268,276,276,274,284,276,292,275,298,278,304,286,296,302,290,307,281,308,271,306,263,302,257,284,271,282,283,283,293,283,301,287,288,296,282,296,275,295,168.59,22.96,75.95,11.53,92.53,16.84,96.86,23.74
157,2026-02-11T17:44:09.808040,208,203,206,229,206,242,211,273,217,286,224,297,241,314,261,326,276,327,289,326,305,315,316,299,321,290,326,278,333,250,334,237,338,211,223,200,230,195,241,193,255,194,271,197,301,199,315,198,326,199,333,202,336,207,286,214,287,221,287,227,288,233,288,240,288,248,288,254,287,257,286,259,285,260,234,215,242,214,253,214,263,216,254,218,244,218,300,219,309,218,319,219,325,221,317,223,308,222,253,284,267,276,275,274,284,276,291,275,297,278,304,286,296,303,289,307,280,308,270,306,262,302,256,284,270,282,282,283,292,283,301,287,287,295,281,296,274,295,164.36,25.36,76.38,11.62,96.26,19.52,97.86,23.61
158,2026-02-11T17:44:09.852911,208,202,205,228,205,242,210,273,216,286,223,297,239,314,260,325,274,327,287,326,303,314,315,299,320,290,325,278,332,250,334,237,337,211,222,200,229,195,240,192,253,194,269,196,299,199,313,198,324,199,331,202,335,207,284,214,284,221,284,227,285,233,285,240,285,248,285,253,284,257,283,259,282,260,233,214,241,213,251,214,261,216,253,217,242,217,298,219,307,217,317,219,324,221,316,223,306,221,251,283,264,277,273,275,281,277,289,276,295,278,303,286,294,301,287,305,278,306,268,304,260,299,253,284,267,283,280,285,291,284,300,286,285,293,279,293,272,292,165.9,23.25,76.42,10.92,94.31,18.11,98.86,23.68
159,2026-02-11T17:44:09.881460,207,202,204,229,204,242,209,272,215,286,222,296,238,313,259,324,273,326,286,325,302,314,314,299,319,290,324,278,331,250,332,237,335,211,221,200,228,195,238,192,252,194,267,196,298,198,312,198,323,198,330,202,333,207,282,214,282,220,283,227,283,233,283,239,284,247,283,253,282,256,281,258,281,260,231,214,240,213,250,214,260,216,251,217,241,217,297,219,306,217,316,219,323,221,315,222,305,221,250,282,264,277,272,276,280,278,287,276,293,278,300,285,292,297,285,300,277,301,268,299,260,295,253,282,266,283,278,285,289,284,298,285,284,289,278,289,271,288,168.17,22.99,75.91,11.12,92.47,17.64,98.78,24.15
160,2026-02-11T17:44:09.908991,206,202,204,229,204,242,208,272,214,285,221,295,238,312,258,323,272,324,285,323,301,313,314,298,319,289,324,278,330,249,331,236,333,211,220,200,227,195,237,192,250,193,266,196,296,198,310,197,321,198,328,201,331,207,281,213,281,220,281,226,282,232,282,239,282,247,281,253,281,256,280,258,279,259,230,214,238,213,249,213,259,216,250,217,240,218,296,218,305,217,314,218,321,220,313,222,303,221,250,281,263,277,270,276,278,278,285,277,291,278,299,284,290,295,284,298,276,299,267,297,260,293,253,282,265,283,277,285,287,284,296,284,282,287,277,287,270,286,167.94,23.24,76.51,11.28,92.72,17.81,99.57,23.94
161,2026-02-11T17:44:09.939487,205,202,202,228,202,242,206,272,212,285,219,295,237,311,257,322,270,324,283,323,300,312,313,298,318,289,323,277,329,249,330,236,332,210,219,200,225,195,236,192,249,193,265,195,295,197,309,197,320,197,327,201,330,206,279,213,279,220,280,226,280,232,280,239,280,247,279,253,279,256,278,258,277,259,229,214,237,213,247,213,257,215,249,217,238,217,295,218,303,217,313,218,320,220,312,222,302,221,250,281,261,277,268,276,276,278,283,277,288,279,296,284,288,295,282,298,274,299,266,297,259,293,252,281,264,283,275,285,285,285,294,284,280,287,275,287,269,286,167.33,23.32,75.85,11.35,92.67,17.53,102.32,24.03
162,2026-02-11T17:44:09.994424,202,202,200,228,200,241,205,272,212,285,219,295,236,311,256,322,270,324,283,323,300,312,313,298,318,289,323,277,328,249,329,236,332,210,217,200,223,195,234,192,248,193,263,195,294,197,308,196,319,197,326,201,329,206,278,213,278,220,279,226,279,232,279,239,279,247,279,253,278,256,277,258,277,259,228,214,236,213,246,213,256,215,248,217,237,217,294,218,302,217,312,218,318,220,311,222,301,221,249,281,260,278,268,277,275,279,282,278,288,279,295,284,288,296,281,299,273,300,265,298,258,294,252,282,263,283,274,285,284,285,292,284,279,288,274,288,268,287,168.72,22.69,75.46,11.36,90.12,16.09,100.76,24.41
163,2026-02-11T17:44:10.041108,201,202,199,228,199,241,204,271,211,285,218,295,235,311,255,322,269,324,283,323,299,312,312,298,317,289,322,277,328,248,328,235,331,210,215,200,222,195,232,192,246,193,262,195,293,197,307,196,318,197,325,201,329,206,277,213,277,220,278,226,278,232,278,239,278,247,278,253,277,256,276,258,276,259,227,214,235,213,245,212,255,215,247,216,237,217,292,218,301,216,311,217,317,219,309,221,300,220,247,282,258,278,266,277,274,279,281,278,287,279,294,285,287,298,280,301,271,302,262,301,255,296,250,282,261,283,273,285,283,285,291,285,278,291,272,291,266,290,170.38,22.33,75.42,11.28,90.38,16.2,99.57,24.13
164,2026-02-11T17:44:10.088220,201,202,198,228,198,241,204,271,210,285,217,295,234,311,254,322,269,324,282,323,299,312,311,298,316,289,321,277,327,248,328,235,330,210,215,200,221,195,232,192,245,193,261,195,293,197,307,196,318,197,325,201,328,206,276,213,277,220,277,226,277,232,278,239,278,246,277,252,276,255,276,257,275,259,226,214,234,212,245,212,255,215,246,216,236,217,292,217,301,216,310,217,317,219,309,221,299,220,246,282,258,277,266,276,274,278,281,277,287,279,294,285,287,299,280,302,271,303,262,302,254,297,249,282,261,283,272,285,283,285,291,285,278,292,272,292,265,291,170.47,22.26,75.74,11.53,90.37,15.99,99.98,24.13
165,2026-02-11T17:44:10.123450,200,203,198,229,198,242,203,272,209,285,217,295,234,311,254,322,268,324,281,323,298,312,310,298,315,289,320,277,326,249,327,236,330,210,214,200,221,195,231,192,245,193,260,195,292,197,306,196,317,197,325,201,328,206,276,213,276,220,276,226,277,232,277,238,277,246,277,251,276,255,275,257,275,258,226,214,234,212,244,212,254,215,245,216,235,217,291,218,301,216,310,217,316,219,309,221,299,220,246,282,257,277,265,276,273,277,281,276,287,278,294,285,286,298,280,301,271,302,262,301,254,297,248,282,260,283,272,285,282,285,291,285,278,290,272,290,265,289,170.07,22.31,75.53,11.42,90.95,15.83,99.43,24.14
166,2026-02-11T17:44:10.152787,200,203,197,229,197,242,202,272,208,285,216,295,233,311,253,322,268,324,281,322,297,312,310,297,315,288,320,277,326,249,327,236,329,210,213,200,220,195,230,192,244,193,260,195,292,197,306,196,317,197,324,201,327,206,276,213,276,220,276,226,276,232,277,238,277,246,276,251,275,255,275,257,274,258,225,214,233,212,244,212,254,215,245,216,234,217,291,217,300,216,310,217,316,219,308,221,299,220,246,282,257,277,265,275,273,277,280,276,286,278,294,284,286,297,279,300,271,301,262,299,254,296,249,282,260,283,272,284,282,284,291,285,277,288,271,288,265,287,171.01,22.13,75.44,11.36,89.63,15.52,99.81,23.85
167,2026-02-11T17:44:10.184687,199,203,197,229,197,242,202,272,208,285,215,295,232,311,253,322,267,323,280,322,296,312,309,297,314,288,319,277,324,249,326,236,329,210,213,200,220,195,230,192,244,193,260,195,292,197,306,196,317,197,324,201,327,206,276,213,276,220,276,226,276,232,277,238,277,246,276,251,275,255,275,257,274,258,225,214,233,213,243,213,253,215,244,217,234,217,291,218,300,216,310,217,316,220,308,221,299,220,245,282,257,276,265,274,273,276,280,275,286,278,293,284,285,296,279,299,270,300,262,298,254,295,248,282,260,282,272,283,282,283,291,284,277,288,271,288,265,287,170.32,22.44,75.28,11.52,90.42,15.97,100.7,23.77
168,2026-02-11T17:44:10.216222,199,203,196,229,196,242,201,272,208,285,215,295,232,311,252,322,267,324,280,322,296,312,308,297,313,289,318,277,324,249,326,236,329,211,213,200,219,195,230,192,244,193,260,195,292,197,306,197,317,197,324,201,327,206,275,213,275,220,276,226,276,232,276,239,276,246,276,252,275,255,274,257,274,259,224,214,232,213,243,213,253,215,244,217,233,217,291,218,300,216,309,218,316,220,308,222,298,220,245,282,256,276,264,274,272,276,280,275,286,277,293,284,285,296,278,299,270,300,261,298,253,295,248,282,259,282,271,283,281,283,290,284,276,288,271,288,264,287,168.95,22.66,75.01,11.3,89.98,16.07,101.46,23.88
169,2026-02-11T17:44:10.249279,198,203,196,229,196,242,201,272,207,285,214,295,231,311,251,322,266,324,279,323,295,313,308,298,313,289,318,277,324,249,326,236,329,211,212,200,219,195,230,192,244,193,259,195,291,197,305,197,317,198,324,201,327,206,275,213,275,220,275,227,276,232,276,239,276,247,275,252,275,256,274,257,273,259,224,214,232,213,243,213,252,215,244,217,233,217,290,218,299,217,309,218,315,220,308,222,298,220,243,282,255,276,264,274,272,276,279,275,285,277,292,285,284,298,277,302,268,303,259,301,252,297,246,283,258,282,271,283,281,283,289,285,275,291,269,291,263,290,168.99,22.86,75.05,11.17,90.02,15.43,102.48,23.52
170,2026-02-11T17:44:10.281526,198,203,195,229,195,242,200,272,206,285,214,296,231,312,251,324,265,326,278,324,295,314,307,299,312,290,317,278,324,250,326,237,329,211,212,200,219,195,229,192,243,193,259,195,291,198,305,197,316,198,323,202,327,207,274,214,275,221,275,227,275,233,275,240,275,247,275,253,274,256,273,258,273,260,223,215,231,214,242,214,252,216,243,217,233,217,290,218,299,217,309,219,315,221,307,222,298,221,242,283,255,276,263,275,271,277,279,276,285,278,292,286,284,301,277,305,268,306,258,304,251,300,245,284,258,282,270,283,280,283,290,286,275,294,269,294,262,293,168.64,22.41,73.95,10.88,88.33,15.69,103.22,23.21
171,2026-02-11T17:44:10.314419,198,203,195,229,195,242,200,272,206,286,214,296,231,313,251,324,265,326,278,325,295,314,307,300,312,291,317,279,324,250,325,237,329,212,212,200,219,195,229,193,243,193,259,196,291,198,305,198,316,199,323,202,326,207,274,214,274,221,275,228,275,234,275,240,275,248,275,254,274,257,273,259,272,260,223,215,231,214,242,214,251,216,243,217,232,218,290,219,299,217,308,219,315,221,307,223,297,222,242,284,254,277,263,275,271,277,278,276,284,279,292,287,284,301,276,305,267,306,258,304,250,300,245,284,257,282,269,283,280,284,289,287,275,294,268,294,261,293,169.02,22.48,73.55,11.03,88.36,15.7,99.77,22.94
172,2026-02-11T17:44:10.346797,198,203,195,229,195,242,200,272,206,286,213,296,230,313,250,324,264,326,278,325,294,315,307,300,312,291,317,279,324,250,325,238,329,212,212,200,219,195,229,193,243,194,259,196,291,198,305,198,316,199,323,202,326,208,274,214,274,221,275,228,275,234,275,240,275,248,274,254,274,257,273,259,272,260,223,215,231,214,242,214,251,216,243,218,232,218,290,219,299,217,309,219,315,221,307,223,297,222,242,284,254,277,262,275,270,277,278,276,284,279,292,287,283,301,276,304,267,305,258,304,250,299,245,284,257,282,269,283,279,284,289,287,274,294,268,294,261,293,169.27,22.48,73.61,11.01,88.71,15.97,99.64,23.08
173,2026-02-11T17:44:10.379152,198,203,195,229,196,242,200,273,206,286,213,296,230,313,250,324,264,326,278,325,294,315,307,300,312,291,317,279,324,251,325,238,329,212,212,200,219,195,229,193,243,194,259,196,291,199,305,198,316,199,323,202,326,208,274,214,274,222,275,228,275,234,275,241,275,248,274,254,274,257,273,259,272,261,223,215,231,214,242,214,252,216,243,218,232,218,290,220,299,218,309,219,315,221,307,224,298,222,242,284,254,277,262,275,270,277,278,277,284,279,292,287,283,301,276,304,267,305,258,303,250,299,245,284,257,282,269,283,280,284,289,287,274,293,268,293,262,292,169.16,22.37,73.4,11.27,87.69,15.65,99.57,23.28
174,2026-02-11T17:44:10.410941,198,204,196,229,196,243,200,273,206,286,213,296,230,313,250,324,264,326,278,325,294,314,307,300,312,291,317,279,324,251,326,238,329,213,212,200,219,195,229,193,243,194,259,196,291,199,305,198,316,199,323,203,327,208,274,215,275,222,275,228,275,234,275,241,275,248,274,254,274,257,273,259,272,261,223,215,231,214,242,214,251,217,243,218,232,219,290,220,299,218,309,219,315,222,307,224,298,223,242,284,254,277,262,275,270,277,278,277,284,279,292,287,283,301,276,304,267,305,258,303,251,299,245,284,257,282,269,283,280,284,289,287,274,293,268,293,262,292,168.85,22.22,73.05,11.39,87.48,15.3,99.59,23.52
175,2026-02-11T17:44:10.439307,198,204,196,229,196,243,201,273,207,286,214,296,231,312,251,324,265,325,278,324,294,314,307,300,312,291,318,279,324,251,326,238,329,213,212,200,219,195,229,193,243,194,259,197,291,199,305,199,316,199,323,203,327,208,274,215,275,222,275,228,275,234,275,241,275,248,275,254,274,257,273,259,272,261,223,215,231,214,242,214,252,217,243,218,233,219,290,220,299,218,309,220,315,222,307,224,298,223,243,284,254,277,263,275,271,277,278,277,284,279,292,287,283,300,276,304,267,305,258,303,251,299,246,284,257,282,269,283,280,284,289,287,275,293,269,293,262,292,170.27,21.68,73.56,11.59,87.62,16.11,99.66,24.21
176,2026-02-11T17:44:10.468550,198,204,196,229,196,243,201,273,207,286,214,296,231,312,251,324,265,326,278,325,295,315,307,300,313,292,318,280,324,252,326,239,329,213,212,200,219,195,229,193,243,194,259,197,291,199,305,199,316,199,324,203,327,208,274,215,275,222,275,228,275,234,275,241,275,248,275,254,274,257,273,259,273,261,223,215,231,214,242,214,252,217,243,218,233,219,290,220,299,219,309,220,315,222,307,224,298,223,243,284,255,277,263,276,271,277,279,277,285,279,292,288,284,302,277,306,268,306,259,304,251,300,246,285,258,282,270,283,280,284,289,288,275,295,269,295,262,293,169.21,21.71,73.16,11.6,86.5,16.1,99.26,24.09
177,2026-02-11T17:44:10.498472,198,204,196,229,196,243,201,273,207,286,214,297,231,313,251,325,265,327,278,326,295,316,307,301,313,292,318,280,324,252,326,239,329,213,212,200,219,195,229,193,243,194,259,197,291,199,305,199,317,200,324,203,327,209,274,215,275,222,275,228,275,234,276,241,276,249,275,254,274,258,274,259,273,261,223,215,231,214,242,214,252,217,243,218,233,219,290,221,299,219,309,220,315,222,307,224,298,223,243,285,255,278,263,276,271,278,279,277,285,280,292,288,284,304,277,307,268,308,259,306,251,301,246,285,258,283,270,284,280,285,289,288,275,296,269,296,262,295,169.24,21.9,72.96,11.55,86.44,16.18,98.04,23.94
178,2026-02-11T17:44:10.528977,198,203,196,229,196,242,201,273,207,286,214,297,231,314,251,326,265,328,278,327,295,317,307,301,313,292,318,280,324,252,326,239,329,213,212,200,219,195,230,193,243,194,259,197,292,199,306,199,317,200,324,203,327,209,275,215,275,222,275,229,276,235,276,241,276,249,276,254,275,258,274,260,273,261,223,215,232,214,242,214,252,217,243,218,233,218,290,220,299,219,309,220,316,222,308,224,298,223,243,285,255,278,263,276,272,278,280,277,286,280,292,289,285,304,278,308,268,309,259,307,251,302,246,285,258,283,270,284,281,285,290,289,276,296,270,297,263,295,170.34,21.58,72.94,12.05,86.87,16.63,97.27,23.4
179,2026-02-11T17:44:10.561566,198,203,196,229,196,242,201,273,207,286,214,297,231,314,251,327,265,329,278,328,295,317,308,302,313,292,318,280,325,252,326,239,330,213,212,200,219,195,230,193,244,194,260,197,292,199,307,199,318,200,325,203,328,209,275,215,276,222,276,229,276,235,277,241,277,249,276,255,275,258,274,260,274,261,223,215,232,213,242,214,252,217,243,218,233,218,291,220,300,219,310,220,316,222,308,224,298,223,243,285,255,279,264,277,272,280,280,279,286,281,293,289,285,304,278,308,268,308,259,306,251,302,246,285,258,285,270,286,281,287,290,289,276,296,270,296,263,295,170.33,21.8,73.61,12.19,86.37,16.36,98.08,23.42
180,2026-02-11T17:44:10.590762,199,203,196,229,196,242,201,273,207,286,214,297,231,314,251,327,265,329,278,328,295,317,308,301,313,292,318,280,325,252,327,239,330,213,212,200,219,195,230,193,244,194,260,197,293,199,307,199,318,200,325,203,328,209,276,215,276,222,276,229,277,235,277,241,277,249,277,255,276,258,275,260,274,261,224,215,232,213,242,214,252,217,244,218,233,218,291,220,300,219,310,220,317,222,309,224,299,223,243,285,256,279,264,278,272,280,280,279,286,281,293,288,285,302,278,305,269,306,260,304,252,300,246,285,258,286,270,289,281,288,290,289,276,292,270,292,263,291,169.89,21.87,73.51,12.17,86.57,16.49,96.6,23.8
181,2026-02-11T17:44:10.620760,199,202,196,229,196,242,201,273,207,286,214,297,231,314,251,326,265,328,278,327,295,317,309,301,314,292,319,280,326,252,327,239,330,213,213,200,220,195,231,193,245,194,261,197,293,199,307,199,318,200,325,203,328,209,276,215,276,222,277,229,277,235,277,241,277,249,277,255,276,258,275,260,274,262,224,215,232,213,243,214,252,217,244,218,234,218,291,220,300,219,310,220,317,222,309,224,299,223,244,284,256,280,264,279,272,282,280,280,285,282,293,288,285,299,278,302,269,302,260,301,254,297,247,285,259,287,270,289,281,288,290,288,276,290,270,290,264,289,169.8,22.05,73.12,12.23,86.67,16.64,96.77,23.49
182,2026-02-11T17:44:10.655646,199,202,196,229,196,242,201,273,207,286,214,297,231,314,251,326,265,328,279,327,296,317,309,301,314,292,320,280,326,251,327,238,330,212,214,200,221,195,231,192,245,194,261,197,293,199,307,199,318,200,325,203,328,209,276,215,276,222,277,229,277,235,277,241,277,249,277,255,276,258,275,260,274,262,225,215,233,213,243,214,253,217,245,218,234,218,291,220,300,219,310,220,317,222,309,224,299,223,245,284,257,281,264,280,272,282,279,281,285,283,292,288,284,299,278,302,269,303,261,301,254,297,248,285,259,287,271,289,281,289,290,288,276,290,270,290,264,289,169.88,22.22,73.14,12.24,86.25,16.61,97.63,24.12
183,2026-02-11T17:44:10.684766,199,202,196,229,196,242,201,273,207,286,214,297,231,314,252,326,266,328,279,327,296,316,309,301,314,292,320,280,326,251,327,238,330,212,214,200,221,195,231,192,245,194,261,196,293,199,307,199,318,200,325,203,328,209,276,215,277,222,277,229,277,235,277,242,277,250,277,255,276,259,275,261,274,262,225,215,233,213,243,214,253,217,245,218,234,218,291,220,300,219,310,220,317,222,309,224,299,223,245,285,257,281,264,280,272,282,279,281,285,283,292,288,284,299,278,303,269,303,261,302,254,298,248,285,259,287,271,289,281,288,290,289,276,291,270,292,264,290,170.66,21.96,72.89,12.3,86.73,16.46,98.45,23.74
184,2026-02-11T17:44:10.716048,199,202,196,229,196,242,201,273,207,287,214,298,231,315,252,326,266,328,279,327,296,317,309,302,314,293,320,280,326,252,327,239,330,213,213,200,220,195,231,192,245,194,261,196,293,199,307,199,318,200,325,203,328,209,276,215,277,222,277,229,277,235,277,242,277,250,277,255,276,259,275,261,274,262,224,215,233,213,243,214,253,217,244,218,234,218,292,220,300,219,310,220,317,222,309,224,299,223,245,285,257,281,264,280,272,282,279,281,285,282,292,289,284,302,278,306,269,306,261,305,254,300,248,286,259,287,271,289,281,288,290,289,276,295,270,295,264,294,169.76,22.19,72.8,12.17,85.52,16.07,98.09,23.57
185,2026-02-11T17:44:10.745336,198,202,196,229,196,242,201,273,207,287,214,298,231,315,252,326,266,328,279,327,296,317,309,302,314,293,319,281,326,252,327,239,330,212,213,200,220,195,230,192,244,194,260,196,293,199,307,199,318,200,325,203,328,209,276,215,276,222,276,229,277,235,277,242,277,250,276,255,275,259,275,261,274,262,224,215,232,213,243,214,253,217,244,218,234,218,291,220,300,219,310,220,316,222,308,224,299,223,245,285,257,280,264,279,272,282,279,280,285,282,292,289,284,302,278,305,269,306,261,304,254,300,247,286,259,286,271,288,281,288,290,289,276,294,270,294,264,293,167.43,22.83,72.93,12.15,84.56,15.91,97.16,23.83
186,2026-02-11T17:44:10.782017,198,202,195,229,195,242,200,273,206,287,213,297,231,314,251,326,265,328,279,327,296,317,309,302,314,293,319,280,325,252,327,238,330,212,212,200,219,195,230,192,244,194,260,196,292,199,307,199,318,200,325,203,328,208,275,215,276,222,276,229,276,235,276,242,276,250,276,255,275,259,274,261,273,262,224,215,232,213,242,214,252,217,244,218,233,218,291,220,300,219,310,220,316,222,308,224,298,223,245,285,257,280,264,279,272,282,279,280,284,282,292,288,284,300,277,303,269,304,260,302,254,298,247,285,259,286,270,288,280,288,289,288,276,291,270,292,264,290,168.54,22.04,72.6,12.25,84.97,16.19,96.82,23.58
187,2026-02-11T17:44:10.809430,197,202,195,229,195,242,200,273,206,286,213,297,231,314,251,325,265,327,278,326,295,316,309,301,314,292,319,280,325,252,326,238,329,212,211,200,218,195,229,192,243,193,259,196,292,199,306,199,318,200,325,203,328,208,275,215,275,222,275,229,276,235,276,242,276,250,275,255,274,259,274,261,273,262,223,215,231,213,242,214,252,217,243,218,232,218,291,220,300,219,309,220,316,222,308,224,298,223,243,285,256,280,264,279,271,282,278,280,284,282,292,288,284,299,277,302,269,303,260,301,253,298,246,285,258,286,270,288,280,288,289,288,276,291,270,291,264,290,167.79,23.11,73.54,11.93,85.68,15.92,98.02,24.31
188,2026-02-11T17:44:10.842928,197,202,194,229,195,242,200,273,206,286,213,297,230,313,251,325,265,327,278,326,295,316,308,301,313,292,318,280,324,252,325,238,329,213,211,200,218,195,228,192,243,193,259,196,292,199,306,199,317,200,325,203,327,208,275,215,275,222,275,229,275,235,276,242,276,250,275,255,274,259,273,261,273,262,222,215,231,213,241,214,251,217,242,218,232,218,290,220,300,219,309,220,316,222,308,224,298,223,243,285,256,280,264,279,271,281,278,280,284,282,292,288,284,299,277,302,269,303,260,301,253,297,246,285,258,286,270,288,280,288,289,288,276,290,270,291,264,289,168.3,22.89,72.69,11.9,85.08,15.92,97.25,24.24
189,2026-02-11T17:44:10.872961,197,203,194,229,194,242,199,273,206,286,213,297,230,313,251,325,265,326,278,325,295,315,308,301,313,292,318,280,324,252,325,239,329,213,211,200,218,195,228,192,242,193,259,196,292,199,306,199,317,200,325,203,327,208,275,215,275,222,275,229,275,235,276,242,276,249,275,255,274,259,273,260,273,262,222,215,230,213,241,214,251,217,242,218,232,218,290,220,299,219,309,220,315,222,308,224,298,223,243,285,256,280,264,279,271,281,278,280,284,282,292,288,284,300,277,303,269,303,260,302,253,298,246,285,258,286,270,288,280,288,289,288,276,291,270,291,264,289,168.21,22.85,72.91,11.79,84.68,15.59,96.99,24.35
190,2026-02-11T17:44:10.902831,197,203,194,229,194,242,199,273,206,286,213,296,230,313,251,324,265,326,278,325,295,315,308,301,312,292,317,280,324,252,325,239,329,213,211,200,217,195,228,192,242,193,258,196,292,199,306,199,317,200,324,203,327,208,274,215,275,222,275,229,275,235,276,241,276,249,275,255,274,258,273,260,273,262,222,215,230,213,241,214,251,217,242,218,232,218,290,220,299,219,309,220,315,222,308,224,298,223,243,286,256,280,264,278,271,280,278,279,284,282,291,289,284,302,277,305,269,305,260,303,252,299,246,286,258,286,270,287,280,288,288,289,275,293,270,293,263,291,168.1,22.81,72.77,11.75,84.99,15.52,97.36,24.51
191,2026-02-11T17:44:10.942212,196,203,194,229,194,242,199,273,206,286,213,296,230,313,250,324,265,326,278,325,295,315,307,301,312,292,317,280,323,252,325,239,328,213,211,200,217,194,228,192,242,193,258,196,291,199,306,199,317,200,324,203,327,208,274,215,275,222,275,228,275,234,276,241,276,249,275,254,274,258,273,260,273,261,222,215,230,213,241,214,251,217,242,218,231,218,290,220,299,219,309,220,315,222,307,224,298,223,244,286,256,279,264,277,271,279,279,278,284,281,291,290,284,302,277,306,269,306,260,304,252,300,247,287,258,285,270,286,280,287,288,290,275,294,270,294,263,293,166.72,22.67,72.0,11.91,82.67,15.56,97.86,24.29
192,2026-02-11T17:44:10.969617,196,203,194,229,194,243,199,273,206,286,213,296,230,313,250,324,265,326,278,325,295,315,307,301,311,292,317,280,323,252,325,239,328,213,210,200,217,195,228,192,242,193,258,196,291,199,306,199,317,200,324,203,327,209,274,215,275,222,275,228,275,234,276,241,276,249,275,254,274,258,273,260,273,261,222,215,230,213,241,214,251,217,242,218,231,218,290,220,299,219,309,220,315,223,307,224,298,223,244,287,256,279,264,277,271,279,279,278,285,281,291,290,284,303,277,306,269,306,260,305,252,301,247,287,258,285,270,286,280,287,288,290,275,294,270,294,263,293,166.83,22.52,72.03,11.72,82.24,15.24,98.85,24.6
193,2026-02-11T17:44:10.998516,196,203,194,230,194,243,199,273,205,287,213,297,230,313,250,325,265,327,278,326,294,316,306,301,311,292,316,280,323,252,325,239,328,213,210,200,217,195,228,193,242,194,258,197,291,200,306,199,317,200,324,204,327,209,274,215,275,223,275,229,275,235,276,242,276,250,275,255,274,259,273,260,273,262,222,215,230,214,241,214,251,217,242,219,231,219,290,221,299,219,309,221,315,223,307,225,298,223,243,287,255,279,264,277,271,279,279,278,285,281,291,290,284,303,277,306,269,307,260,305,252,301,246,287,258,285,270,286,280,287,288,290,275,295,270,295,263,294,166.73,22.49,71.95,11.39,83.23,15.67,102.51,24.42
194,2026-02-11T17:44:11.027087,196,204,193,230,194,243,199,274,205,287,212,297,230,314,250,325,265,327,278,326,294,316,306,301,311,292,316,280,323,252,324,239,328,213,210,201,217,196,228,193,242,194,258,197,291,200,306,200,317,200,324,204,327,209,274,216,274,223,275,230,275,236,275,243,276,251,275,257,274,260,273,262,273,263,222,216,230,214,240,215,251,218,242,219,231,219,290,221,299,220,309,221,315,223,307,225,297,224,243,287,255,280,263,278,271,280,279,279,285,282,291,291,284,303,277,306,269,307,259,305,252,301,246,287,258,285,270,286,280,287,288,290,275,295,270,295,263,293,164.95,22.59,71.09,11.11,82.32,16.17,103.48,23.66
195,2026-02-11T17:44:11.058810,196,204,193,231,193,244,199,275,205,288,212,298,230,314,250,325,265,327,278,326,294,316,306,301,311,293,316,281,323,252,324,239,328,213,210,201,217,196,228,194,242,195,258,198,291,201,305,200,316,201,323,204,326,209,274,217,274,224,274,231,275,238,275,244,275,252,274,258,273,262,273,263,272,264,221,217,230,216,240,216,250,219,241,220,231,221,289,222,299,221,308,222,315,224,307,226,297,225,243,287,255,280,263,279,271,281,278,280,284,282,291,291,284,303,277,306,268,307,259,305,252,301,246,287,258,286,270,287,280,288,288,291,275,295,269,295,263,293,165.6,22.78,70.82,11.36,82.32,16.1,100.71,22.43
196,2026-02-11T17:44:11.098391,195,205,193,232,193,245,198,275,205,289,212,299,230,315,250,325,264,327,277,326,293,316,306,302,311,293,316,281,323,252,324,239,328,213,209,202,216,197,227,195,241,196,257,199,290,201,304,200,315,201,323,204,326,209,273,217,273,225,273,232,274,238,274,245,274,253,273,259,273,262,272,264,271,265,221,218,229,216,239,217,250,220,241,221,230,222,289,223,298,221,308,222,314,225,306,227,296,226,242,287,254,281,262,279,270,281,278,280,284,283,291,291,283,303,276,306,268,306,259,305,251,301,245,287,257,286,269,287,279,288,288,291,274,294,269,294,262,293,164.57,22.97,71.22,11.15,80.33,15.58,98.73,22.73
197,2026-02-11T17:44:11.156750,195,206,193,232,193,245,198,276,204,289,212,299,229,315,249,326,263,327,276,326,293,316,306,302,311,293,316,281,322,252,324,239,328,213,208,203,215,198,225,195,239,196,256,199,289,201,303,200,315,201,322,204,325,209,272,218,272,225,272,232,272,238,273,245,273,253,272,259,271,262,271,264,270,265,220,219,228,217,238,217,249,221,240,222,229,223,288,223,297,221,307,222,313,224,305,227,295,226,241,287,253,281,261,279,269,281,276,280,283,283,290,291,282,303,275,306,266,307,257,305,250,301,244,287,256,286,268,287,278,288,287,290,273,295,267,295,261,293,166.25,22.25,70.33,11.03,79.79,15.21,99.04,22.74
198,2026-02-11T17:44:11.185046,194,205,192,232,192,245,197,275,204,289,211,299,228,315,248,326,262,328,275,327,292,317,305,302,311,293,316,281,322,252,324,239,327,213,207,203,214,198,225,195,239,197,255,200,288,201,303,201,314,201,322,204,325,209,271,218,271,225,271,232,271,239,271,245,271,253,271,259,270,262,269,264,269,265,219,219,227,217,238,217,248,220,239,222,228,222,287,223,296,221,306,222,313,224,305,227,295,226,239,287,251,281,259,280,267,282,275,281,282,283,289,291,282,304,274,308,265,308,256,307,248,302,242,288,254,286,266,288,277,288,286,291,272,296,266,296,259,295,165.28,22.7,70.45,10.99,79.58,15.36,97.1,23.11
199,2026-02-11T17:44:11.216620,194,206,191,232,191,245,197,275,203,289,210,299,227,316,247,328,261,330,275,329,292,317,305,302,311,293,316,281,322,252,323,239,326,213,206,203,213,198,223,196,237,197,253,200,286,202,301,201,313,201,321,204,324,209,269,218,270,226,270,233,270,239,270,246,270,254,270,260,269,263,269,264,268,266,219,219,226,218,237,218,247,221,238,222,228,223,286,223,295,221,305,222,312,224,304,227,294,226,238,289,250,283,258,281,267,283,275,282,281,284,289,292,281,307,274,311,264,312,254,310,247,306,241,290,253,288,266,289,277,289,286,292,272,300,265,301,258,299,165.47,23.51,70.04,11.9,78.38,15.2,96.4,22.43
200,2026-02-11T17:44:11.247540,193,206,191,232,191,245,196,276,203,289,210,300,226,317,246,329,261,330,275,329,292,318,305,302,310,293,315,281,321,252,322,239,326,213,205,204,212,199,222,196,236,197,252,200,286,202,301,201,312,201,320,204,323,209,269,218,269,226,269,233,270,239,270,246,270,254,269,260,269,263,268,264,267,266,218,219,225,218,236,218,246,221,237,222,227,223,285,223,295,222,304,223,311,224,303,227,293,226,238,291,250,283,258,281,266,283,274,282,281,284,289,293,281,308,274,312,264,313,254,312,246,307,241,291,253,288,265,289,276,289,286,293,271,302,265,302,258,301,163.78,23.67,69.79,11.68,77.64,15.46,95.78,22.5
201,2026-02-11T17:44:11.277970,192,206,190,232,191,245,196,276,202,289,210,300,226,317,246,329,261,331,275,329,292,318,305,302,310,293,315,280,321,251,322,238,325,213,204,204,211,199,221,196,235,197,251,200,285,202,300,201,311,201,319,204,323,209,268,218,268,226,268,233,268,239,269,246,269,254,268,260,268,263,267,264,267,266,217,220,225,218,235,218,245,221,237,223,226,223,284,223,294,221,304,222,310,224,302,227,292,226,237,291,249,283,257,281,266,283,274,282,280,284,288,292,281,308,273,312,263,313,254,312,246,307,240,291,252,288,265,289,276,289,285,292,271,301,264,302,257,301,167.2,22.86,69.86,11.84,78.71,15.75,96.12,22.04
202,2026-02-11T17:44:11.313163,192,207,190,232,191,246,196,276,202,290,209,300,226,317,246,328,261,330,274,329,292,318,305,302,310,293,315,280,321,251,322,238,325,213,204,204,210,199,220,196,234,197,250,200,284,202,299,201,311,201,319,204,322,209,267,218,267,226,267,233,268,239,268,246,268,254,268,260,267,263,267,264,266,266,216,220,224,218,234,218,244,221,236,223,226,223,284,223,293,221,303,222,310,224,302,227,292,226,237,290,249,283,257,281,265,283,273,282,280,284,287,292,280,307,272,311,263,312,253,310,246,306,241,291,252,288,264,289,275,289,284,292,270,300,263,300,257,299,166.9,23.05,69.52,11.53,78.5,15.63,95.9,22.28
203,2026-02-11T17:44:11.340061,192,207,190,233,191,246,196,276,202,290,209,300,226,317,246,328,260,330,274,329,291,318,305,302,310,293,315,280,321,251,322,238,325,213,203,204,210,199,220,196,234,197,250,200,284,202,299,201,311,201,319,204,322,209,267,218,267,226,267,233,268,239,268,246,268,254,267,260,267,263,266,264,266,266,216,220,224,219,234,218,244,221,236,223,225,223,284,223,293,221,303,222,310,224,302,227,292,226,238,290,249,283,257,281,265,283,273,282,279,284,287,292,279,307,272,310,263,312,253,310,246,306,241,291,252,288,264,289,275,289,284,292,269,300,263,300,257,299,166.79,23.13,68.5,11.66,78.07,15.56,95.69,22.31
204,2026-02-11T17:44:11.371878,192,207,190,233,191,246,196,276,202,290,209,300,226,317,246,328,260,330,274,329,291,318,304,302,310,293,315,280,321,251,322,238,325,213,203,204,210,199,220,196,234,197,250,200,284,202,299,201,311,201,318,204,322,209,267,218,267,226,267,233,267,239,268,246,268,254,267,260,267,263,266,264,266,266,215,220,223,219,234,219,244,221,235,223,225,223,284,223,293,221,303,222,310,224,302,227,292,225,238,290,249,283,257,281,265,283,272,282,279,284,286,292,279,306,272,310,263,311,253,310,246,306,241,290,252,288,264,289,274,289,283,292,269,299,263,300,257,299,167.45,23.04,68.51,11.57,78.62,15.53,95.58,22.12
205,2026-02-11T17:44:11.405439,192,207,190,233,191,246,196,276,202,290,209,300,226,317,246,328,261,330,274,329,291,318,304,302,310,293,315,280,321,251,322,238,325,213,204,204,210,199,220,196,234,197,251,200,284,202,299,201,311,201,319,204,322,209,267,218,267,226,268,233,268,239,268,246,268,254,268,259,267,262,267,264,266,265,216,220,224,219,234,219,244,221,236,223,225,223,284,223,293,221,303,222,310,224,302,227,292,225,238,290,249,283,257,281,265,283,273,282,279,284,286,292,279,306,272,310,263,311,253,309,246,305,241,290,252,288,264,288,275,289,283,292,269,299,263,299,257,298,167.41,23.1,68.27,11.62,79.2,15.99,96.14,22.08
206,2026-02-11T17:44:11.434518,192,208,190,233,191,246,196,277,203,290,210,300,226,317,246,329,261,330,274,329,291,318,304,302,310,293,315,280,321,251,322,238,325,213,204,204,210,199,221,196,235,197,251,200,284,202,299,201,311,201,319,204,322,209,267,218,268,226,268,233,268,239,268,246,268,253,268,259,267,262,267,264,266,265,216,220,224,219,234,219,245,221,236,223,225,223,284,223,294,221,303,222,310,224,302,227,292,225,238,290,249,283,257,281,265,283,273,282,279,284,286,292,279,306,272,310,263,311,254,310,246,306,241,290,253,288,264,288,275,289,284,292,269,299,263,300,257,298,166.94,23.58,68.1,11.66,78.86,15.79,95.06,22.64
207,2026-02-11T17:44:11.468194,192,207,190,233,191,246,196,277,203,290,210,300,226,317,246,329,261,331,275,329,292,318,304,302,310,293,315,280,321,251,322,238,325,213,204,204,210,199,221,196,235,197,251,200,285,202,299,201,311,201,319,204,322,209,268,218,268,226,268,233,268,239,269,246,269,253,268,259,268,262,267,264,267,265,216,220,224,219,235,218,245,221,236,223,226,223,284,223,294,221,304,222,310,224,302,227,292,225,238,290,249,283,257,281,266,283,274,282,280,284,287,292,280,307,273,310,263,311,254,310,246,306,241,290,253,288,265,288,275,289,285,292,270,299,264,300,257,299,166.87,23.79,68.81,12.02,79.74,16.12,94.93,22.65
208,2026-02-11T17:44:11.499146,192,207,190,233,191,246,197,277,203,290,210,300,227,317,247,329,262,331,275,329,292,318,304,302,310,293,315,280,321,251,322,238,325,213,205,204,211,199,222,197,236,197,252,200,285,202,300,201,312,201,319,204,323,209,268,218,269,226,269,233,269,239,270,246,270,253,269,259,269,262,268,264,267,265,216,220,225,219,235,218,245,221,237,223,226,223,285,223,294,222,304,223,311,224,302,227,292,225,238,290,250,283,258,281,266,283,274,282,281,284,288,292,281,307,273,310,264,311,254,310,247,306,241,290,253,288,265,288,276,289,285,292,271,299,265,300,258,299,166.26,23.84,68.9,12.09,79.35,16.27,93.74,22.72
209,2026-02-11T17:44:11.528049,192,207,191,233,191,246,197,277,204,290,211,300,227,317,248,329,262,331,276,329,293,318,305,302,310,293,315,280,321,251,322,238,325,213,205,204,212,199,222,196,236,197,253,200,286,202,301,201,313,201,320,204,323,209,269,218,269,226,270,233,270,239,270,245,271,253,270,259,269,262,269,264,268,265,218,220,226,218,236,218,246,221,237,223,227,223,285,223,295,222,304,223,311,224,303,227,293,225,238,290,250,283,259,281,267,282,275,281,282,284,289,292,281,307,274,310,265,311,255,310,247,306,241,290,254,288,266,288,277,289,286,292,272,299,265,300,258,299,167.36,23.51,69.1,12.27,80.45,16.6,94.38,23.21
210,2026-02-11T17:44:11.560500,193,207,192,233,192,246,198,277,204,290,211,300,228,317,249,329,263,331,276,329,293,318,305,302,310,293,315,280,321,251,322,238,326,213,207,204,213,199,224,196,238,197,254,200,287,202,302,201,313,201,321,204,324,209,271,218,271,225,271,232,272,238,272,245,272,253,272,259,271,262,270,264,269,265,218,219,227,218,237,218,247,221,238,222,228,223,286,223,296,222,305,223,312,224,304,227,294,225,239,290,251,282,260,281,268,282,276,281,283,284,290,292,282,306,275,310,265,311,256,309,248,305,242,290,254,288,267,288,278,289,287,292,273,299,266,299,259,298,167.97,23.03,69.43,12.78,81.6,17.66,93.82,23.22
211,2026-02-11T17:44:11.591735,193,207,192,233,192,246,198,277,205,290,212,300,229,317,250,329,265,330,278,329,294,318,306,302,311,293,316,280,322,251,323,238,327,213,207,204,214,199,225,196,239,197,256,200,290,202,304,201,316,201,323,204,326,209,273,218,273,225,274,232,274,238,275,245,275,253,274,259,274,262,273,263,272,265,219,219,227,218,238,218,248,221,240,222,229,222,288,223,297,222,307,223,314,224,306,226,296,225,240,289,253,282,262,280,271,282,279,281,285,283,292,291,284,305,277,309,268,310,258,308,250,304,243,289,256,287,269,288,280,288,289,291,275,298,268,298,261,297,166.71,22.67,69.59,12.07,82.36,16.93,94.08,23.55
212,2026-02-11T17:44:11.619464,194,206,192,232,192,246,198,276,205,290,212,300,230,317,251,328,266,330,279,328,295,317,306,302,311,292,316,280,322,251,323,238,327,213,209,203,217,198,228,195,242,196,259,199,292,201,307,200,317,201,324,204,327,209,275,217,276,225,276,231,277,238,278,244,278,252,277,258,276,261,275,263,274,264,220,219,229,218,240,218,250,220,242,221,231,221,289,222,298,222,308,223,315,224,307,226,297,225,242,288,256,281,265,279,273,281,281,280,287,282,293,290,286,304,279,308,270,309,260,307,252,303,245,289,259,287,272,287,282,288,291,290,277,296,271,297,263,296,168.81,22.21,69.78,12.72,83.48,17.65,90.91,24.19
213,2026-02-11T17:44:11.651911,194,205,192,232,193,245,199,276,206,290,213,300,231,317,253,328,267,330,280,328,296,317,307,301,311,292,316,280,322,251,323,238,328,213,211,202,218,197,230,194,245,195,261,198,294,200,308,200,319,200,326,203,328,208,277,216,278,224,279,230,279,237,280,243,281,251,280,257,279,260,278,262,277,263,222,218,231,217,242,218,252,219,243,221,232,221,291,222,300,221,310,223,317,224,309,226,299,224,244,287,258,280,267,278,275,280,283,279,289,281,295,289,288,303,281,307,272,308,262,306,254,302,247,287,260,285,274,286,284,286,292,289,279,296,273,296,266,295,169.84,21.9,72.16,13.12,84.57,17.25,94.48,24.18
214,2026-02-11T17:44:11.682863,195,204,192,231,193,245,199,276,206,289,214,300,232,316,253,327,268,329,281,327,296,316,307,301,312,292,316,280,322,251,324,238,328,212,212,201,220,196,232,194,246,194,263,196,295,199,309,199,320,199,326,203,329,208,278,215,279,223,280,229,281,235,281,242,282,249,281,255,280,259,279,260,278,262,223,217,233,217,244,217,253,218,245,219,234,220,292,221,301,221,310,222,317,223,310,225,300,224,245,286,259,278,269,276,277,278,285,277,291,279,296,288,289,303,282,307,273,307,263,306,255,302,248,286,262,284,276,284,286,285,293,288,280,295,274,296,267,295,166.53,21.96,71.03,11.79,84.85,16.05,94.58,23.93
215,2026-02-11T17:44:11.713404,195,204,193,231,193,245,199,276,206,289,214,300,232,316,254,327,269,328,282,327,297,316,307,301,312,292,316,280,322,251,324,238,329,212,213,200,221,195,232,192,247,193,264,195,296,198,310,198,320,199,327,202,329,208,279,214,280,222,281,228,281,234,282,240,283,248,282,254,281,257,280,259,279,261,224,216,233,216,244,216,254,217,245,219,234,219,293,221,301,221,311,222,318,223,310,225,300,223,245,285,259,276,269,274,278,276,286,275,292,278,297,288,290,303,283,307,274,307,264,306,256,301,249,285,263,282,276,283,287,284,294,288,281,295,275,295,268,294,169.02,22.12,72.32,12.27,87.12,15.76,95.9,23.72
216,2026-02-11T17:44:11.742266,196,204,193,231,194,245,200,276,207,289,215,300,233,316,255,326,269,328,282,326,297,316,308,301,312,292,316,280,323,251,324,238,329,212,214,200,222,194,233,192,248,192,264,195,296,198,310,198,320,198,327,202,329,207,280,214,280,221,281,227,282,233,283,240,283,247,283,253,281,257,280,259,279,260,225,216,234,216,245,216,255,217,246,218,235,219,293,220,302,220,311,221,318,222,310,224,301,223,246,284,260,275,269,273,278,275,286,274,292,277,297,287,290,303,283,306,274,307,264,305,256,301,249,284,263,281,276,282,287,283,294,287,281,295,275,295,268,294,168.08,22.23,73.93,12.28,87.98,16.03,98.47,24.69
217,2026-02-11T17:44:11.774838,196,204,193,231,194,245,200,276,207,289,215,300,234,316,255,326,270,327,283,326,298,316,308,301,313,292,317,280,323,251,325,238,330,212,214,200,222,194,233,191,248,192,264,194,296,197,310,197,321,198,327,202,330,207,280,214,281,221,281,227,282,233,283,239,284,246,283,252,282,256,281,258,280,259,225,216,234,215,245,215,255,217,246,219,235,219,294,220,302,219,312,221,319,222,311,224,301,223,247,284,260,275,270,273,278,275,286,274,292,277,298,287,291,303,284,306,275,307,265,305,257,301,250,284,263,281,277,281,287,282,295,287,282,295,276,295,268,294,168.96,22.44,74.39,12.54,87.81,15.89,100.59,24.67
218,2026-02-11T17:44:11.805402,197,203,194,231,194,244,201,276,207,289,215,300,234,316,255,326,270,327,283,326,298,316,309,301,313,292,317,280,323,252,325,238,330,212,215,199,223,194,234,191,249,192,265,194,297,197,311,197,321,198,328,201,330,207,281,213,281,220,282,227,283,232,284,239,284,246,283,252,282,256,281,258,280,259,225,215,235,214,245,215,255,217,247,218,236,218,294,220,303,219,312,220,319,222,311,224,302,222,247,283,261,275,270,273,279,275,286,274,292,277,298,287,291,302,283,305,275,306,265,304,257,300,251,283,264,280,277,281,287,282,295,287,282,294,276,294,269,293,167.59,22.6,74.78,12.77,87.66,16.4,99.34,24.52
219,2026-02-11T17:44:11.836985,197,203,194,231,195,244,201,276,208,289,216,299,234,315,256,325,270,326,283,325,298,315,309,301,313,292,317,280,324,252,325,238,330,212,215,199,223,193,234,191,249,191,265,194,297,197,311,197,321,198,328,201,330,207,280,213,281,220,282,227,283,232,283,239,284,246,283,252,282,256,281,258,280,259,226,215,235,214,246,214,256,217,247,218,236,218,294,220,303,219,312,220,319,222,311,224,302,222,248,283,262,275,270,273,279,275,286,274,292,276,298,285,291,299,284,302,275,303,266,302,258,298,251,283,264,280,277,281,287,281,295,285,282,291,276,292,269,291,168.71,21.89,75.12,12.83,88.83,16.68,100.49,24.65
220,2026-02-11T17:44:11.869732,197,203,195,230,195,244,201,275,208,288,216,299,234,314,256,324,271,325,283,324,298,314,309,300,313,292,317,280,324,252,325,238,330,212,215,199,223,193,234,191,249,191,265,194,297,197,311,197,322,198,328,201,330,207,281,213,281,220,282,227,283,233,283,239,284,247,283,253,282,256,281,258,280,259,226,215,235,214,246,214,256,217,247,218,236,218,294,220,303,218,313,220,319,222,312,223,302,222,249,283,262,275,271,273,279,274,287,273,292,276,298,285,291,297,284,300,276,300,267,299,259,296,252,283,265,280,278,280,287,281,295,285,283,289,277,290,270,289,169.05,21.95,75.04,12.83,88.33,16.18,100.06,24.76
221,2026-02-11T17:44:11.900184,198,203,195,230,196,244,201,275,208,288,216,298,235,313,257,323,271,324,283,323,298,314,309,300,313,291,318,280,324,251,325,238,330,212,215,199,223,193,234,190,249,191,265,194,298,197,311,197,322,197,329,201,331,206,281,213,281,220,282,227,283,233,283,239,284,247,283,253,282,256,281,258,280,259,226,215,235,213,246,214,256,217,247,218,236,218,295,220,304,218,313,219,320,222,312,223,302,222,249,282,262,275,271,273,280,274,287,273,293,276,298,284,291,296,285,299,276,300,268,298,260,295,252,282,265,280,278,280,288,281,295,284,283,289,277,289,271,288,170.45,22.07,75.35,12.85,87.98,15.83,102.97,25.76
222,2026-02-11T17:44:11.930861,198,203,196,230,196,244,202,275,209,288,217,298,236,314,257,323,272,325,284,323,299,314,310,300,314,291,318,280,324,251,325,238,330,212,215,199,223,193,235,190,249,191,266,194,298,197,312,197,322,198,329,201,331,207,281,213,282,220,283,227,284,233,284,239,285,247,284,253,283,257,282,258,281,260,226,215,235,214,246,214,256,217,247,218,236,218,295,220,304,218,313,219,320,222,312,223,303,222,250,283,263,275,272,273,280,274,287,273,293,276,298,285,291,297,285,300,277,301,268,300,260,296,253,283,266,280,279,281,288,281,296,285,283,290,278,290,271,289,168.96,22.16,74.47,12.07,89.01,16.56,107.18,25.07
223,2026-02-11T17:44:11.962556,198,204,196,231,197,244,203,275,210,289,218,299,236,314,258,324,272,325,285,324,300,315,310,301,314,292,318,281,324,253,326,240,331,213,216,199,224,193,235,191,250,192,266,194,298,197,312,197,322,198,329,201,331,207,282,214,283,221,283,227,284,233,285,240,285,248,284,254,283,257,282,259,281,260,227,215,236,214,247,214,257,217,248,219,237,219,296,221,304,219,314,220,320,223,313,225,303,223,251,283,263,275,272,274,280,275,288,274,293,277,299,286,292,299,286,302,277,302,268,301,260,297,254,283,266,280,279,281,289,281,296,286,284,291,278,291,271,290,167.99,22.44,73.89,12.39,87.03,16.82,105.78,24.44
224,2026-02-11T17:44:11.994667,198,204,196,231,197,245,203,276,210,289,218,299,237,314,259,324,273,325,285,324,300,315,311,301,315,293,319,281,325,253,326,240,331,213,216,199,224,193,236,191,251,192,267,195,299,198,312,197,323,198,329,201,332,207,283,214,283,221,284,227,285,233,286,240,286,248,286,254,284,257,283,259,282,260,228,215,237,214,247,214,258,217,249,219,238,219,296,221,305,219,314,220,321,223,313,225,304,224,251,283,264,275,273,274,281,275,289,275,294,277,300,286,293,300,287,303,278,304,269,302,261,298,254,283,267,280,280,281,290,282,297,286,285,292,279,292,272,291,168.73,22.11,73.75,12.04,86.3,17.49,105.04,24.96
225,2026-02-11T17:44:12.024478,199,204,197,231,197,245,204,276,210,289,218,299,237,315,259,324,273,325,286,324,301,315,311,301,315,293,319,281,325,253,327,240,332,213,217,199,225,193,236,191,251,192,268,195,300,198,313,197,324,198,330,201,332,207,283,214,284,221,284,228,285,234,286,240,287,248,286,254,285,258,284,259,283,260,228,215,237,214,248,214,258,218,249,219,238,219,297,221,305,219,315,220,321,223,314,225,304,224,250,283,264,276,273,274,282,275,290,275,296,277,301,286,294,300,288,304,279,304,269,303,261,298,253,283,267,280,281,281,291,282,298,286,286,292,280,293,273,291,169.33,22.24,74.18,12.0,86.42,17.2,105.65,25.19
226,2026-02-11T17:44:12.055906,199,204,197,231,197,245,204,276,210,289,218,299,237,315,259,324,273,325,286,324,301,315,311,301,315,293,319,281,325,253,327,240,332,213,217,199,225,194,237,191,252,192,268,195,300,198,314,197,324,198,330,201,333,207,283,214,284,221,285,228,286,234,286,240,287,248,286,254,285,258,284,259,283,261,228,215,237,214,248,214,259,218,250,219,238,219,297,221,306,220,315,221,322,223,314,225,305,224,250,283,264,275,274,274,283,275,290,274,296,277,302,286,295,301,288,304,280,305,270,303,261,298,253,283,267,281,281,281,291,282,299,286,287,292,281,293,273,291,168.22,22.33,74.32,12.43,87.01,17.99,103.43,25.3
227,2026-02-11T17:44:12.086066,199,203,197,231,197,245,204,276,210,289,218,299,237,315,259,324,273,325,286,324,301,315,311,301,315,293,319,281,325,253,327,240,332,213,217,199,225,193,237,191,252,192,268,194,300,198,314,197,324,198,331,202,333,207,284,214,284,221,285,227,286,233,287,239,287,247,286,253,285,257,284,259,283,260,228,215,238,214,248,214,258,217,250,218,238,218,297,221,306,219,315,221,321,223,314,225,305,223,250,283,264,275,274,273,283,274,290,274,297,276,302,286,295,301,288,304,280,305,270,303,261,298,253,283,267,280,281,281,291,282,299,286,287,292,281,292,273,291,168.86,22.41,74.58,12.73,87.4,17.69,100.15,24.89
228,2026-02-11T17:44:12.117300,199,203,197,231,198,244,204,276,210,289,218,299,237,314,259,324,273,325,286,324,301,315,312,301,316,293,320,281,325,252,327,239,332,213,218,198,226,193,237,190,252,191,268,194,300,197,314,197,324,198,331,201,333,207,284,213,284,220,285,226,286,232,286,238,287,246,286,252,285,255,284,257,283,258,229,214,238,213,249,213,259,216,250,218,239,218,297,220,306,219,315,220,321,222,314,224,305,223,250,282,265,273,274,271,283,272,291,272,297,274,302,285,295,300,289,304,280,304,270,303,261,298,253,282,267,279,281,279,291,280,299,285,287,292,281,292,273,291,168.74,22.33,76.07,13.04,88.2,17.0,99.72,24.15
229,2026-02-11T17:44:12.148993,200,202,197,230,198,244,204,275,211,289,219,299,237,314,259,324,273,325,286,324,301,314,312,301,317,292,321,281,326,252,328,238,332,211,217,197,225,191,237,189,252,190,268,192,300,196,314,195,324,196,331,200,333,205,283,211,284,218,285,224,285,230,286,236,287,244,286,250,285,253,284,255,283,257,229,213,238,213,249,213,259,215,250,217,239,217,297,218,306,218,315,219,321,221,314,222,304,221,250,281,264,271,274,268,283,270,291,269,297,272,302,284,296,300,289,303,280,304,270,302,261,297,253,281,267,278,281,278,291,279,299,284,287,291,281,291,273,289,169.78,22.19,75.76,12.76,88.29,16.1,99.84,23.93
230,2026-02-11T17:44:12.180329,200,201,198,229,198,243,204,274,211,288,219,298,238,313,259,323,274,324,286,322,301,313,313,299,317,291,321,279,327,250,328,236,332,210,217,196,225,190,237,188,251,188,268,191,300,194,313,194,324,195,330,198,333,203,283,210,284,216,284,222,285,228,286,234,286,241,286,247,285,251,284,253,283,255,228,212,238,212,249,212,259,213,250,215,238,216,297,216,305,216,315,217,321,219,314,220,304,219,250,279,264,270,274,267,283,269,290,268,296,271,301,282,295,298,288,302,280,302,270,301,261,296,254,280,267,276,281,276,291,277,298,282,286,289,281,290,273,288,168.7,22.55,77.42,12.75,91.0,16.3,101.73,23.32
231,2026-02-11T17:44:12.210730,201,201,198,228,199,242,205,273,212,287,219,297,238,312,259,322,274,323,286,321,302,311,313,298,318,290,322,278,327,249,329,235,333,209,218,196,225,190,237,187,251,188,268,190,300,193,313,192,324,193,330,197,333,202,283,208,284,215,284,221,285,226,286,232,286,239,286,245,285,249,283,251,282,253,228,211,238,211,249,211,259,212,250,214,238,215,297,215,305,214,315,216,322,217,314,219,304,218,250,278,264,268,274,265,282,267,290,266,296,269,301,281,295,297,288,301,279,301,270,300,261,295,254,278,267,274,281,274,291,275,298,281,286,289,280,289,273,288,167.9,22.48,78.62,12.53,90.78,17.41,103.68,23.53
232,2026-02-11T17:44:12.242713,201,201,199,228,199,242,205,273,212,286,220,296,238,311,259,321,274,322,286,321,302,311,313,297,318,289,322,277,327,249,329,235,333,209,218,195,226,189,237,186,251,187,267,189,300,192,313,192,324,192,330,196,333,202,283,208,284,214,284,220,285,225,286,231,286,239,286,244,284,248,283,250,282,252,229,211,238,210,249,210,259,212,250,214,239,214,297,214,306,214,315,215,322,217,314,219,305,217,250,277,264,267,274,265,283,266,290,265,296,268,302,280,296,297,289,300,280,301,270,299,261,295,254,278,267,273,281,273,291,274,298,280,287,288,281,288,274,287,167.23,22.36,78.46,12.52,89.53,17.11,104.34,24.08
233,2026-02-11T17:44:12.274737,202,201,199,228,200,242,206,273,213,286,220,296,239,311,260,321,274,322,287,320,302,311,313,297,318,289,322,277,328,248,329,235,333,208,218,195,226,189,237,186,251,186,267,189,299,192,313,191,323,192,330,196,333,201,283,207,284,214,284,220,285,225,286,231,286,239,286,244,285,248,283,250,283,252,229,210,238,209,249,209,259,212,250,213,239,214,297,214,306,213,315,214,322,216,314,218,305,217,251,277,264,267,274,265,283,266,290,265,297,268,302,280,296,295,289,298,280,299,270,298,262,293,254,277,268,273,281,273,291,274,299,279,287,287,281,287,274,286,168.83,21.9,78.85,12.34,91.06,17.74,105.46,24.4
234,2026-02-11T17:44:12.305303,203,200,200,228,201,242,207,272,213,286,221,295,239,310,261,319,275,321,288,319,303,310,314,297,318,288,323,277,328,248,329,235,333,208,219,195,227,189,238,186,252,187,268,189,299,192,313,192,323,192,330,196,333,201,283,208,284,214,284,220,285,226,286,232,286,239,286,245,285,249,284,251,283,252,230,210,239,209,250,209,259,212,250,213,239,214,297,214,306,213,315,214,322,216,314,218,305,217,252,277,265,268,274,265,283,267,290,266,296,269,302,279,296,293,289,296,280,297,271,295,263,291,255,277,268,273,281,274,291,274,299,279,287,284,281,285,274,284,169.84,22.18,79.18,12.06,91.38,18.09,107.88,24.92
235,2026-02-11T17:44:12.336320,204,200,201,227,202,241,207,272,214,285,222,294,240,309,261,318,276,319,288,318,303,309,314,296,319,288,323,277,328,248,330,235,333,208,221,194,228,189,239,186,253,187,269,190,300,192,314,192,324,193,330,196,333,202,284,208,285,215,285,221,286,226,287,232,287,240,286,246,285,249,284,251,284,253,231,210,240,209,251,210,260,212,252,214,241,214,298,215,307,214,316,215,322,217,315,218,306,217,253,276,266,268,275,266,283,267,291,266,297,269,302,279,296,290,289,293,281,294,272,292,264,289,256,276,269,274,282,274,292,275,299,278,287,282,282,282,275,281,168.15,22.34,79.34,12.7,89.11,16.99,106.77,25.56
236,2026-02-11T17:44:12.367836,205,200,202,227,203,241,208,271,215,284,223,294,241,308,262,317,276,319,289,317,304,309,315,296,319,288,324,277,329,248,330,235,334,209,222,194,229,189,240,186,254,187,270,190,301,192,314,192,325,193,331,196,333,202,285,208,286,215,286,221,287,227,288,233,288,240,288,246,287,250,286,251,285,253,232,210,241,209,252,210,261,212,252,214,242,214,299,215,307,214,316,215,323,217,316,219,306,218,254,276,267,268,276,266,284,268,291,267,297,269,303,279,296,290,290,293,282,293,273,292,265,289,257,276,270,274,283,274,292,275,300,278,288,282,282,282,276,281,170.48,22.24,79.66,12.83,90.6,17.22,107.98,25.69
237,2026-02-11T17:44:12.397705,206,200,204,227,204,240,209,270,216,283,223,293,241,307,262,317,276,318,289,317,304,309,315,296,320,288,324,277,330,248,331,235,335,209,223,194,230,189,241,186,255,187,271,190,302,192,316,192,326,193,332,196,335,202,286,208,287,215,288,221,288,227,289,233,289,240,289,246,288,249,287,251,286,253,234,210,243,209,253,210,262,212,254,214,243,214,300,215,309,214,318,215,324,217,317,219,308,218,255,276,268,268,277,266,285,267,293,267,298,269,303,279,297,291,290,293,282,294,273,292,266,289,258,276,271,274,284,274,293,275,300,279,289,282,283,282,277,281,170.95,22.28,81.73,13.4,93.78,18.09,109.87,26.11
238,2026-02-11T17:44:12.429774,208,200,205,227,205,240,210,270,217,283,224,292,242,307,263,317,277,318,290,317,305,308,316,296,321,288,325,277,331,248,332,235,336,209,224,194,231,189,242,186,256,187,272,190,303,193,317,192,327,193,333,197,336,202,287,209,288,215,289,221,289,227,290,232,291,240,290,245,289,249,288,251,287,252,235,210,244,209,254,209,264,212,255,213,244,213,301,215,309,214,319,215,325,217,318,219,309,218,256,276,269,268,278,266,286,267,294,267,299,269,304,279,298,291,291,294,283,294,274,293,266,289,260,276,272,274,285,274,294,275,301,279,290,282,284,282,278,281,170.12,22.21,80.99,13.04,91.58,17.3,110.26,26.49
239,2026-02-11T17:44:12.460725,210,200,207,227,207,240,212,270,218,283,226,292,243,307,264,317,278,318,291,317,306,308,317,296,321,288,326,277,332,249,333,236,337,210,226,194,234,189,244,186,258,187,274,190,305,193,318,193,328,194,334,197,337,203,289,209,289,215,290,221,291,227,292,233,292,240,291,245,290,249,289,251,288,253,236,210,245,209,255,209,265,212,256,213,246,213,302,215,311,214,320,216,326,218,319,219,310,218,258,276,271,268,280,266,288,268,295,267,300,269,305,279,299,291,293,294,284,294,276,292,268,289,261,276,274,274,286,274,295,275,302,279,291,282,286,282,279,281,171.23,22.22,82.45,13.47,93.48,18.63,111.3,26.4
240,2026-02-11T17:44:12.493924,213,200,209,227,209,240,214,270,220,282,227,292,245,307,265,317,279,318,292,317,307,309,318,296,322,288,326,277,332,249,334,236,337,211,228,194,236,189,247,187,260,188,276,190,306,194,319,194,329,195,335,198,338,204,290,209,291,216,292,221,292,227,293,233,294,240,293,246,292,249,291,251,290,253,238,210,247,209,257,209,267,212,258,213,248,213,303,215,312,214,320,216,327,218,320,219,311,218,259,276,273,268,281,266,289,268,296,267,301,270,306,279,299,290,293,293,285,293,277,292,269,288,262,276,275,274,287,275,296,276,303,279,292,282,287,282,280,281,169.69,22.32,83.92,13.44,95.91,19.71,115.55,25.71
241,2026-02-11T17:44:12.525703,215,200,212,227,212,240,217,270,222,282,230,292,247,307,268,316,282,317,294,316,308,308,319,295,323,288,327,277,333,249,334,237,338,212,231,195,239,190,250,188,263,189,278,191,307,194,320,195,330,196,336,199,338,205,292,210,293,216,294,222,295,227,295,233,296,240,295,246,294,249,293,251,292,253,241,210,249,209,260,210,269,212,260,214,250,214,305,216,313,216,322,217,328,219,321,220,313,219,262,276,275,268,284,267,291,268,298,268,303,270,308,279,301,289,295,292,287,293,279,291,272,288,265,276,278,274,289,275,298,276,305,279,294,281,289,281,282,280,167.81,21.84,84.19,13.43,94.7,18.48,112.9,25.8
242,2026-02-11T17:44:12.560369,217,201,213,227,214,240,219,270,225,282,232,292,250,307,271,316,284,317,296,316,310,307,320,295,324,287,327,276,333,249,334,237,338,212,234,196,241,190,252,188,266,189,281,192,309,195,321,196,330,197,336,200,339,206,295,210,295,216,296,222,297,227,298,233,298,240,298,246,297,249,295,251,294,253,243,210,252,209,262,210,271,212,263,214,253,214,307,216,314,216,323,217,329,219,322,221,314,219,266,276,278,269,286,267,293,269,300,268,304,271,309,279,303,289,297,292,290,292,282,291,275,287,268,276,280,275,292,276,300,276,307,278,296,281,291,281,285,280,168.92,21.67,86.46,14.47,94.47,18.51,114.73,25.43
243,2026-02-11T17:44:12.588305,218,201,215,227,215,240,219,270,225,282,233,292,251,307,272,316,285,317,297,316,311,308,321,295,324,287,328,276,333,250,334,237,339,212,235,196,243,191,254,189,268,191,283,194,311,197,323,198,333,199,338,202,340,207,297,212,297,218,298,224,299,229,300,235,301,242,300,248,299,251,297,253,296,254,245,210,253,209,264,210,273,213,265,214,254,214,308,217,316,216,325,218,331,220,324,221,315,220,267,276,280,270,288,268,296,270,302,269,307,271,311,279,305,290,300,292,292,293,284,291,277,288,269,276,282,275,294,277,302,277,309,279,299,281,294,281,287,280,168.83,21.43,87.34,14.47,96.06,19.31,115.34,25.82
244,2026-02-11T17:44:12.619187,219,201,216,227,216,240,221,270,227,282,235,292,253,307,274,316,288,317,299,316,313,308,322,295,325,288,329,277,334,250,335,237,339,213,237,197,245,192,256,190,270,192,285,195,313,199,325,199,334,200,339,203,341,208,299,213,300,219,300,225,301,231,302,237,303,244,302,249,301,252,300,254,298,255,247,211,256,210,266,211,275,214,267,215,257,215,310,218,318,217,326,219,332,221,325,222,317,221,269,277,282,271,290,270,297,272,304,271,308,273,312,280,307,290,301,293,294,294,286,292,279,289,272,277,284,277,296,278,303,278,310,280,300,282,295,282,289,281,168.91,21.76,87.52,15.2,96.79,18.73,114.78,25.86
245,2026-02-11T17:44:12.651138,221,201,217,227,217,240,222,270,228,283,236,293,254,308,275,317,288,318,300,317,314,309,323,297,326,289,329,278,334,251,336,239,340,214,240,198,248,194,259,192,273,194,287,197,315,200,326,201,335,201,340,205,342,210,300,214,301,220,302,226,303,232,304,238,304,245,303,250,302,253,301,255,299,257,249,212,258,212,268,213,277,215,269,216,259,216,311,219,319,219,327,220,333,222,327,223,318,222,270,278,283,272,291,271,298,273,304,272,309,274,313,282,307,292,302,295,294,296,286,294,279,290,273,278,285,278,296,279,304,280,310,281,300,284,296,284,290,283,167.18,22.31,89.49,15.58,99.11,19.26,116.73,25.71
246,2026-02-11T17:44:12.682199,222,203,218,228,218,241,223,271,229,284,237,294,255,309,276,318,289,319,301,318,314,310,323,298,326,290,330,279,335,253,336,241,341,216,241,200,249,195,260,193,274,195,288,198,316,202,328,202,336,203,342,207,343,212,302,215,303,221,303,227,304,232,305,238,306,245,305,251,303,254,302,256,301,257,251,214,260,214,270,214,279,217,271,217,260,217,312,221,320,221,328,222,334,224,328,225,319,223,271,279,284,272,293,271,300,273,306,272,311,274,314,283,310,297,304,300,296,300,287,298,280,294,273,279,286,278,298,279,306,280,312,283,302,289,297,290,291,288,165.14,23.01,87.56,14.82,95.62,18.01,115.55,25.65
247,2026-02-11T17:44:12.715402,222,204,218,230,219,242,223,272,230,285,237,294,255,309,276,319,289,320,301,319,315,311,323,299,327,291,330,280,336,254,337,242,342,218,240,201,248,196,259,194,273,196,288,199,317,203,329,204,337,205,343,208,344,213,302,217,303,223,304,228,305,234,306,239,306,246,305,252,304,255,302,257,301,258,251,215,259,214,270,215,279,218,271,219,260,218,313,223,321,222,330,224,335,226,329,227,320,225,271,280,284,272,293,271,300,273,307,272,312,275,315,284,310,297,304,300,296,301,287,299,280,295,273,280,286,278,298,279,307,280,312,284,303,290,297,290,291,289,166.38,23.37,87.11,14.64,96.33,18.02,112.42,25.17
248,2026-02-11T17:44:12.745440,224,205,220,230,220,243,224,272,230,285,238,294,256,309,276,318,290,320,301,319,314,311,323,299,326,291,330,280,335,255,337,243,342,219,243,202,251,198,261,196,275,198,290,201,318,205,329,205,338,206,343,210,344,214,303,218,304,224,305,230,306,235,306,241,307,248,306,253,305,256,303,258,302,259,252,216,261,216,271,217,280,220,272,221,261,220,314,224,321,223,330,225,335,227,329,228,320,227,271,279,285,273,293,272,300,274,307,273,312,276,315,284,309,297,304,300,296,299,288,298,281,294,274,280,287,279,298,280,306,281,313,284,303,289,298,288,292,287,165.06,24.31,87.25,14.7,97.24,17.62,112.68,25.32
249,2026-02-11T17:44:12.776785,226,206,222,231,221,244,225,272,231,285,239,294,257,309,277,318,290,320,301,319,314,311,323,299,326,291,330,281,335,255,336,244,342,220,244,203,252,198,262,196,276,198,290,201,318,205,329,205,338,206,343,209,345,214,303,219,304,225,305,230,306,235,307,241,307,248,306,253,305,257,304,258,302,260,253,218,262,217,271,218,280,221,272,222,262,221,314,224,322,224,330,225,335,228,329,229,321,227,272,279,285,273,294,272,301,274,307,274,311,276,316,284,309,295,304,297,297,297,289,295,282,292,274,279,287,279,299,281,307,281,313,284,303,286,298,286,292,284,166.24,23.54,86.76,14.75,95.58,17.02,113.48,25.56
250,2026-02-11T17:44:12.807907,225,206,221,231,221,244,225,273,231,285,239,294,257,309,277,318,290,320,301,319,314,311,323,299,326,291,329,281,335,256,336,244,342,220,244,203,252,198,263,196,276,198,291,202,318,206,330,206,338,206,343,209,345,214,304,219,305,225,306,230,307,236,308,241,308,248,307,254,306,257,304,258,303,260,253,218,262,218,272,219,281,221,273,222,262,222,314,225,322,225,330,226,336,228,329,229,321,227,272,279,286,274,294,272,301,274,308,274,312,276,316,284,310,295,304,296,297,296,289,295,282,292,274,279,288,279,299,281,307,281,313,284,303,286,299,286,293,284,163.27,25.19,86.02,14.69,96.69,19.21,112.42,25.88
251,2026-02-11T17:44:12.839676,225,206,221,231,221,244,225,273,231,285,239,295,257,309,277,318,290,320,301,319,314,311,323,299,326,292,329,281,335,256,336,244,342,220,244,203,252,198,263,196,276,198,291,202,318,206,330,206,338,207,343,210,345,215,304,219,305,225,306,230,307,235,308,241,308,248,307,253,306,256,304,258,303,260,254,218,263,217,272,218,282,221,273,222,263,222,315,224,322,224,330,226,336,228,330,229,321,227,273,279,287,274,295,273,302,275,308,274,312,276,315,284,310,295,304,297,297,297,290,295,283,292,275,280,288,280,300,282,307,282,313,284,304,286,299,286,293,285,163.39,24.78,87.3,14.96,99.51,23.64,112.87,26.17
252,2026-02-11T17:44:12.872385,225,207,221,232,221,244,225,273,231,286,239,295,257,310,278,319,290,320,302,319,314,311,323,299,326,292,329,282,335,256,336,244,342,221,244,203,252,198,263,197,277,198,291,201,318,205,330,206,338,207,343,210,344,215,304,219,305,225,306,230,307,235,308,241,308,247,308,253,306,256,305,258,303,259,254,218,263,217,273,218,282,221,273,222,263,221,315,225,322,224,330,226,336,228,329,229,321,227,274,280,287,274,295,273,302,275,309,274,313,276,316,285,311,297,305,300,298,300,289,298,282,294,277,280,289,280,300,281,308,282,313,284,304,289,299,289,293,288,164.22,23.94,87.26,15.1,99.72,24.12,113.28,26.43
253,2026-02-11T17:44:12.903245,225,207,221,232,221,245,226,274,232,286,240,296,258,310,278,319,291,320,302,320,315,311,323,299,326,292,330,282,335,256,336,244,342,221,245,203,253,199,264,197,277,198,292,202,319,206,330,206,338,207,343,210,344,215,305,219,306,225,307,230,308,235,309,241,309,247,308,253,307,256,305,258,304,259,255,218,263,217,273,218,283,221,274,222,264,221,315,225,322,225,330,226,336,228,330,229,322,228,274,280,287,274,296,272,303,274,310,274,314,276,316,285,312,297,306,301,299,301,290,299,283,295,277,280,289,280,301,281,308,282,313,284,305,290,300,290,294,289,166.53,23.01,87.19,14.86,100.29,24.05,112.59,26.43
254,2026-02-11T17:44:12.933572,225,208,221,233,221,246,226,274,233,287,241,296,260,310,281,319,294,320,305,319,316,311,324,299,326,292,329,282,334,256,335,244,341,221,246,205,254,200,265,198,278,200,293,203,319,206,330,206,338,207,342,211,344,215,306,219,307,225,308,231,309,236,310,241,311,248,310,253,309,256,307,258,305,259,256,219,264,218,274,219,283,222,275,223,265,222,315,225,322,225,330,226,335,228,330,230,322,228,275,280,288,274,297,272,304,274,311,274,316,276,319,284,314,297,308,301,301,301,292,299,284,295,278,280,291,279,303,280,310,281,316,284,307,290,302,290,295,289,168.58,22.35,86.78,15.31,99.95,19.61,113.44,26.04
255,2026-02-11T17:44:12.965365,225,210,221,235,222,248,227,276,234,288,243,297,264,311,286,319,298,320,308,319,319,310,325,299,327,291,330,281,333,256,334,244,340,220,247,207,255,202,266,200,280,201,294,204,320,207,330,207,338,208,343,210,344,215,307,220,309,226,310,232,312,237,313,242,314,249,314,254,312,257,310,259,308,260,258,221,266,220,276,220,285,223,277,224,267,224,316,225,323,225,330,226,335,228,330,229,322,228,277,281,291,273,300,272,308,274,314,273,319,275,321,284,317,297,311,300,304,301,296,299,288,295,279,281,293,279,306,279,314,280,318,284,310,290,305,290,298,289,164.66,23.27,83.73,14.87,99.38,19.26,113.38,25.89
256,2026-02-11T17:44:12.997045,226,211,222,236,222,248,228,276,236,289,245,297,265,311,287,319,300,320,310,318,320,309,326,298,328,291,330,280,333,256,334,244,340,220,247,208,255,203,267,201,280,202,295,205,321,208,332,207,339,208,343,211,344,215,308,221,310,227,311,232,313,238,315,243,316,250,315,255,314,258,312,259,310,261,258,222,267,221,276,221,285,224,277,225,268,225,317,226,324,225,331,226,336,228,331,230,323,229,278,281,293,273,302,272,310,274,316,273,320,275,322,284,318,297,313,300,306,301,298,299,290,296,281,281,295,279,308,279,315,280,319,284,312,290,307,291,300,290,164.36,23.78,81.66,14.68,99.72,20.63,111.45,27.0
257,2026-02-11T17:44:13.028784,226,211,222,236,222,249,228,277,235,289,245,298,265,311,287,319,300,320,310,318,320,309,326,298,328,290,330,280,333,256,334,244,340,220,247,208,256,204,267,202,281,203,295,206,322,208,332,208,339,208,343,211,344,215,309,221,310,227,312,233,313,238,315,244,316,250,315,255,314,258,312,260,310,261,258,222,267,221,276,221,285,224,277,225,268,225,316,226,324,225,331,226,336,228,330,230,323,229,279,282,294,274,302,272,310,274,316,273,320,276,322,285,318,297,313,300,306,301,298,300,290,296,282,282,296,279,308,279,315,280,319,284,312,291,307,291,301,290,164.05,24.68,81.57,14.49,99.8,20.98,113.77,27.4
258,2026-02-11T17:44:13.058815,225,212,221,237,221,250,227,278,235,290,245,299,265,312,287,320,299,320,309,319,319,310,325,298,327,290,330,280,333,256,334,244,339,220,247,209,255,204,267,202,280,204,295,206,321,209,331,208,339,209,343,211,343,216,308,222,309,228,311,233,312,239,314,244,315,251,314,256,313,259,311,261,309,262,258,222,266,221,276,221,285,224,277,225,267,225,316,227,324,225,331,226,334,228,330,230,323,229,279,284,292,275,301,273,309,275,315,274,319,276,321,286,317,298,312,302,305,302,297,301,289,298,282,284,295,280,307,280,314,281,318,286,310,292,306,293,299,292,154.93,30.35,80.13,14.43,96.21,17.57,113.44,27.61
259,2026-02-11T17:44:13.088574,225,212,221,237,221,249,227,277,235,289,244,298,264,312,285,320,298,320,308,319,319,310,325,298,327,291,329,280,332,256,333,244,339,221,246,209,255,205,266,203,280,204,294,207,321,209,331,209,339,209,343,212,343,217,308,223,309,228,310,234,312,239,313,245,314,251,313,257,312,260,310,261,308,262,257,223,265,221,275,222,284,225,276,226,266,226,316,228,323,226,330,227,334,229,329,231,322,230,278,284,291,276,300,274,308,276,314,275,319,277,320,286,316,299,311,302,304,303,295,302,288,298,280,284,294,280,306,280,313,281,318,286,309,293,305,294,298,293,140.74,34.58,80.19,14.36,97.52,19.34,111.93,29.0
260,2026-02-11T17:44:13.121345,225,211,221,236,221,249,226,277,233,289,242,298,262,312,282,320,295,320,305,319,316,310,323,298,325,291,328,281,332,256,333,244,339,222,246,209,255,204,266,203,279,204,293,207,320,209,331,209,338,210,342,213,343,217,306,223,307,229,308,235,309,240,309,246,310,253,309,258,308,261,306,262,305,264,257,222,265,221,275,222,284,225,276,226,266,225,314,228,322,226,329,227,333,230,328,231,321,230,277,284,290,276,298,275,305,276,311,276,316,278,319,287,315,299,309,302,303,303,295,301,288,297,280,284,292,281,304,282,311,282,316,286,308,293,303,293,297,292,146.76,35.69,79.87,14.76,94.89,17.17,108.89,27.71
261,2026-02-11T17:44:13.152480,225,211,221,236,221,248,225,277,233,289,241,298,260,311,281,320,293,320,303,319,315,311,322,299,325,291,327,281,332,256,333,244,339,222,245,208,254,204,265,202,278,204,292,207,318,210,329,209,337,210,342,213,342,217,304,223,305,229,306,235,307,240,307,246,308,253,307,258,306,261,304,263,303,264,256,222,264,221,274,222,283,225,275,226,265,225,313,228,321,227,328,228,333,230,327,232,320,230,275,283,288,276,296,275,302,276,308,276,313,278,317,286,312,298,306,300,300,301,292,299,286,296,278,283,290,281,301,282,308,283,314,286,305,291,301,291,295,290,156.6,30.28,78.31,14.06,92.64,17.42,107.44,26.8
262,2026-02-11T17:44:13.184651,225,211,220,236,220,248,225,276,232,288,240,297,259,311,279,319,292,320,302,319,314,311,322,299,324,291,327,281,332,256,333,245,339,222,244,208,252,204,263,202,277,203,291,206,317,209,329,209,337,210,341,212,342,217,303,223,304,229,305,234,305,240,306,246,307,253,306,258,305,261,303,262,302,263,255,222,263,221,272,222,281,225,273,225,264,225,312,228,320,226,328,227,332,230,327,232,319,230,274,283,286,276,294,275,301,276,307,276,312,278,316,286,310,297,305,299,298,300,291,298,284,295,277,283,289,281,300,282,307,283,313,286,304,290,299,290,294,289,166.47,22.52,77.37,14.02,93.32,17.53,107.63,26.7
263,2026-02-11T17:44:13.216489,225,211,220,236,220,248,224,276,231,288,239,297,258,311,278,319,291,320,301,319,313,311,322,299,324,292,327,281,332,257,333,245,339,222,244,208,252,203,263,201,277,203,291,206,318,209,329,209,337,209,341,212,342,217,303,222,304,228,305,234,306,239,306,245,307,252,306,257,304,260,303,262,302,263,255,222,263,220,272,221,281,224,273,225,264,225,312,228,320,226,328,227,332,230,327,232,319,231,274,283,286,276,294,275,301,276,307,276,311,279,315,287,309,297,304,299,297,300,290,298,283,295,277,283,288,282,299,283,306,284,312,287,303,290,298,290,293,289,164.77,23.77,78.92,14.46,94.42,18.72,108.76,26.7
264,2026-02-11T17:44:13.246055,225,211,220,236,220,248,224,276,231,288,239,297,258,311,278,319,291,320,302,319,314,311,322,299,324,292,327,281,332,257,333,245,340,222,244,207,252,203,263,201,277,203,291,206,318,209,329,209,338,209,342,212,343,217,304,222,305,228,305,234,306,239,307,245,308,252,307,257,305,260,303,262,302,263,255,222,263,220,272,220,281,224,273,225,264,225,313,228,321,226,329,227,333,230,327,232,320,231,274,283,286,276,294,275,301,276,307,276,311,278,315,287,310,298,305,301,298,301,290,300,283,296,277,283,288,282,299,282,307,283,313,287,303,291,299,291,293,290,168.24,20.78,78.53,14.42,93.78,20.0,101.91,27.85
265,2026-02-11T17:44:13.277819,225,210,220,235,220,248,224,276,231,288,239,297,258,311,279,319,291,321,302,320,314,312,322,300,325,292,328,282,333,257,334,245,341,222,245,207,253,202,264,201,278,203,293,206,320,209,331,209,339,209,343,212,344,217,305,222,306,228,307,234,308,239,309,245,310,252,309,257,307,260,305,262,304,263,256,221,264,219,273,220,282,224,274,225,265,225,315,228,322,226,330,227,334,230,329,232,321,231,275,283,287,276,296,274,303,276,309,276,314,278,316,287,311,299,306,301,299,302,290,300,283,296,278,283,290,282,301,282,308,283,314,287,304,291,300,291,294,290,168.75,21.01,80.08,15.17,96.44,20.61,102.96,27.83
266,2026-02-11T17:44:13.308083,225,209,221,234,220,247,224,275,231,288,239,297,258,311,279,320,292,321,303,320,315,312,323,300,326,292,329,282,334,257,335,245,342,222,246,207,255,202,266,200,280,203,295,206,322,209,333,209,341,210,345,213,346,218,307,222,308,228,309,234,311,239,312,245,312,252,311,257,310,260,308,262,306,263,257,221,265,219,275,220,283,224,275,225,266,225,316,228,324,226,331,227,335,230,330,232,322,231,275,283,289,276,298,274,306,276,312,276,316,278,318,288,313,299,308,302,301,302,293,300,285,297,278,283,291,281,303,282,310,283,315,287,307,291,302,291,296,290,167.41,21.28,80.52,15.26,97.64,20.63,106.98,28.7
267,2026-02-11T17:44:13.339764,227,209,221,234,220,246,224,275,231,288,240,297,259,311,280,320,293,321,303,320,315,312,323,300,326,292,329,282,334,257,336,246,343,223,248,207,257,202,269,200,283,203,297,206,324,209,334,209,342,210,346,213,347,218,309,222,310,229,311,234,312,240,314,246,314,252,313,258,312,261,310,262,308,264,259,221,267,219,277,220,286,224,277,225,268,225,317,228,325,226,333,227,337,231,332,232,324,231,278,284,292,277,301,275,308,277,314,276,318,279,319,288,315,299,309,302,302,303,294,301,287,297,281,284,294,282,305,283,312,284,317,288,308,292,304,292,298,290,166.38,21.64,79.64,14.57,94.36,19.16,107.78,28.41
268,2026-02-11T17:44:13.371169,228,209,222,234,221,246,225,275,232,288,240,297,260,311,280,321,293,322,304,321,315,313,323,300,325,293,329,282,334,257,336,246,343,223,249,207,258,202,269,200,283,203,298,206,324,210,335,210,342,211,347,214,347,219,310,223,311,230,312,236,313,241,314,247,315,254,314,259,312,262,310,264,309,265,259,221,267,219,277,220,286,225,278,225,268,225,318,229,325,227,333,228,337,231,332,233,324,232,279,285,292,278,301,277,308,278,314,278,318,281,319,290,314,300,309,303,302,303,295,302,288,298,282,285,294,285,305,286,312,287,317,289,308,292,304,292,299,291,165.04,22.7,79.87,14.38,92.77,18.5,107.65,28.21
269,2026-02-11T17:44:13.404410,228,209,222,234,221,246,225,275,232,288,240,297,260,312,280,322,293,323,304,322,315,314,323,301,325,293,329,283,334,258,336,247,344,224,249,207,257,202,269,201,283,203,298,207,325,211,336,211,344,212,348,215,348,220,310,224,311,231,312,236,313,242,314,248,315,255,313,260,312,263,310,264,308,266,259,221,268,220,277,221,287,225,278,226,268,225,319,230,326,228,334,229,338,233,333,234,325,233,279,286,292,279,301,277,308,279,313,279,317,282,319,291,314,301,309,304,302,304,294,303,288,299,282,287,294,285,305,286,312,287,317,291,308,293,304,293,298,292,165.68,22.71,80.0,14.03,93.05,17.08,113.34,28.89
270,2026-02-11T17:44:13.436352,228,209,222,234,221,246,225,275,231,288,240,297,259,312,279,322,292,324,303,323,314,315,322,303,325,295,328,284,334,260,336,248,343,225,249,207,258,202,269,201,283,204,298,207,325,212,336,212,344,213,348,216,348,221,310,225,311,231,312,237,313,243,314,248,314,255,313,261,311,264,309,265,308,267,259,221,268,220,277,221,286,226,278,226,268,225,318,231,326,229,334,230,338,234,332,235,325,234,279,287,292,280,300,279,307,281,313,281,316,284,318,292,313,302,308,304,301,304,294,303,288,299,282,287,294,287,304,288,311,289,316,292,307,293,303,293,298,292,164.66,23.09,79.92,14.1,93.03,18.27,110.65,28.88
271,2026-02-11T17:44:13.462427,229,209,223,233,221,246,225,275,231,287,239,297,258,312,279,322,292,324,302,323,314,315,322,303,325,295,328,285,334,260,336,248,344,226,249,207,258,202,269,201,283,204,298,208,325,212,336,213,344,214,348,217,348,222,310,225,311,232,311,238,312,243,313,249,314,256,313,262,311,264,309,266,308,267,260,221,268,220,277,221,286,226,278,226,269,225,318,231,326,229,334,230,338,234,332,236,324,234,278,286,291,281,300,280,306,282,312,281,316,284,318,292,313,301,307,304,301,304,293,302,287,299,281,287,293,287,304,289,310,289,316,291,307,293,303,293,298,292,166.93,22.63,79.27,13.84,91.95,18.47,106.26,28.14
272,2026-02-11T17:44:13.497531,229,208,223,233,222,245,225,274,231,287,239,296,258,312,279,322,291,324,302,323,314,315,322,303,325,295,328,284,334,260,336,248,344,226,249,207,258,202,269,201,283,204,298,207,325,212,336,213,343,214,348,217,348,222,310,225,310,231,311,237,312,243,313,249,314,256,312,261,311,264,309,266,308,267,259,221,268,220,277,221,286,226,278,226,268,225,318,231,326,229,333,230,338,234,332,236,324,234,278,286,291,281,299,279,305,282,311,281,315,284,318,291,312,301,307,304,300,304,292,302,286,298,280,286,292,286,303,288,310,289,316,291,306,293,302,293,297,291,166.35,22.74,79.95,14.34,91.57,18.43,105.47,27.28
273,2026-02-11T17:44:13.529149,229,208,223,232,222,245,225,274,231,287,239,296,258,312,279,322,291,324,302,323,314,315,322,303,325,295,328,285,334,260,336,248,344,226,249,206,258,202,269,201,283,203,297,207,325,212,336,212,343,214,348,217,348,222,310,225,310,231,311,237,312,243,313,249,313,256,312,261,311,264,309,266,307,267,259,221,268,220,277,221,286,226,278,226,268,225,318,231,326,229,333,230,338,234,332,235,324,234,277,286,291,281,299,280,305,282,311,282,314,284,317,292,312,302,306,304,299,305,292,303,285,298,280,286,292,286,303,288,309,289,315,291,306,294,302,294,296,292,165.94,22.98,79.81,14.48,91.7,18.4,103.11,27.02
274,2026-02-11T17:44:13.558990,229,207,223,232,222,245,225,274,231,287,239,297,258,312,278,323,291,325,302,324,314,316,322,304,325,296,329,285,335,260,337,248,344,226,249,205,258,201,269,200,283,202,297,207,325,212,335,212,343,213,347,217,348,221,310,225,310,231,311,237,312,243,313,249,313,256,312,261,310,264,309,265,307,267,259,220,268,220,277,221,286,225,278,225,268,225,318,230,326,229,333,230,338,233,332,235,324,234,277,286,290,280,298,279,305,281,311,281,314,284,317,291,312,303,306,305,299,306,291,304,284,299,279,286,292,286,302,288,309,289,315,291,306,295,301,295,296,293,166.65,23.11,79.81,14.52,91.32,18.46,103.32,26.84
275,2026-02-11T17:44:13.589788,229,207,223,232,222,245,225,274,231,287,239,297,258,313,278,323,291,325,302,324,314,316,322,304,325,297,329,286,335,260,337,248,345,225,249,204,257,200,269,199,283,201,297,206,324,211,335,212,343,213,347,216,348,221,309,224,310,230,311,236,312,242,313,248,313,254,312,260,310,263,309,265,307,266,259,220,267,219,277,220,286,225,278,225,268,224,318,230,326,229,333,230,338,233,332,235,324,233,277,286,290,279,298,278,305,280,311,280,315,283,318,291,312,303,306,306,299,306,291,304,284,299,279,286,292,285,303,287,310,288,315,291,306,295,301,295,296,293,166.41,23.16,80.96,15.0,91.7,18.63,103.28,26.0
276,2026-02-11T17:44:13.619541,229,206,223,231,222,244,224,274,231,287,239,297,258,313,278,323,291,324,302,324,314,316,322,304,325,297,329,286,335,261,337,249,345,225,249,203,258,199,269,198,283,200,297,205,325,210,336,211,344,213,348,216,349,221,310,223,310,229,311,235,312,241,313,247,313,254,312,259,310,262,308,264,307,265,259,219,268,218,277,220,286,224,278,224,268,223,318,230,326,228,334,230,338,233,332,235,325,233,276,284,290,278,298,276,305,279,311,279,315,281,318,290,312,301,306,304,299,304,291,302,285,297,279,284,292,284,303,285,310,287,315,290,306,292,301,292,296,291,167.17,22.49,79.92,14.86,93.18,19.6,101.62,26.0
277,2026-02-11T17:44:13.651102,229,205,223,231,222,244,224,274,231,287,239,297,258,312,278,322,291,324,302,323,314,316,323,304,326,297,329,286,335,260,337,248,345,225,249,203,258,198,269,197,283,200,298,204,325,210,336,211,344,212,349,216,349,221,310,222,311,228,311,234,312,240,313,246,313,253,312,258,310,261,309,263,307,264,259,218,268,217,278,219,286,223,278,223,268,222,318,229,326,228,334,230,339,233,333,234,325,232,277,282,291,277,299,275,306,277,311,277,315,280,318,287,312,296,307,298,300,298,293,297,286,293,280,282,292,282,303,283,310,284,316,287,306,288,302,288,297,286,171.03,21.03,82.16,15.62,98.13,22.8,104.42,25.68
278,2026-02-11T17:44:13.681695,229,205,223,230,222,243,224,273,231,286,239,296,259,311,279,321,292,323,303,323,315,315,324,304,327,296,330,286,336,260,338,248,346,225,250,202,258,198,270,197,284,199,298,203,326,209,337,210,345,212,349,215,350,220,310,221,311,228,312,234,313,239,313,245,314,252,313,258,311,261,309,262,308,263,260,218,268,217,278,218,287,222,278,223,269,222,319,228,327,228,335,229,340,232,334,233,326,231,277,281,291,276,299,274,306,276,312,276,316,279,319,287,313,295,307,297,301,297,294,295,287,292,280,281,293,281,304,282,311,283,316,286,307,287,303,286,297,285,169.66,21.21,80.75,14.88,95.58,20.86,104.06,25.8
279,2026-02-11T17:44:13.712826,229,204,223,230,222,243,224,272,231,285,239,295,259,311,281,321,294,323,305,322,316,315,324,304,327,296,330,285,336,260,338,247,346,224,251,202,259,198,271,197,285,199,300,203,328,209,339,210,347,212,351,215,351,220,312,221,313,228,314,234,315,239,316,245,317,252,315,258,314,261,312,262,310,264,260,218,269,217,279,218,288,222,280,223,270,222,320,228,328,228,336,229,341,232,335,233,327,231,278,281,292,275,301,274,308,276,315,276,319,279,321,287,315,296,310,298,303,298,296,296,289,293,280,282,294,280,306,282,313,283,319,286,309,288,305,288,299,286,168.92,21.18,80.87,14.72,96.84,23.27,104.82,27.56
280,2026-02-11T17:44:13.745970,231,203,223,228,222,241,225,271,231,284,240,295,261,311,283,322,297,324,307,323,318,315,325,304,327,296,330,285,335,260,337,247,346,224,254,202,263,198,275,197,290,199,305,203,333,210,343,211,350,213,354,216,353,221,317,223,318,229,319,236,320,242,322,248,322,256,321,261,319,264,316,265,314,266,262,218,272,218,282,220,291,222,283,223,273,222,323,228,331,229,338,231,343,233,337,234,329,232,280,282,296,277,305,276,312,279,318,279,322,281,323,289,318,297,313,298,306,298,298,296,291,293,283,282,297,282,309,284,316,285,321,288,312,288,308,288,302,286,170.0,20.1,84.47,14.43,104.25,22.67,115.45,29.94
281,2026-02-11T17:44:13.776750,234,203,225,227,223,240,226,271,234,284,243,295,265,313,287,325,301,327,311,326,321,318,327,305,329,297,331,286,337,260,340,247,350,225,261,203,271,199,284,199,299,202,314,207,340,214,350,215,356,216,359,220,358,224,325,227,326,234,328,241,329,248,330,255,331,263,330,269,327,271,324,272,321,272,270,218,280,219,291,221,299,224,291,223,281,222,330,231,336,232,343,234,347,236,342,237,335,235,284,287,301,282,311,282,319,284,325,284,328,287,327,294,323,303,318,305,312,305,303,303,295,299,287,287,302,288,315,291,322,292,325,294,318,294,314,294,307,292,166.95,19.55,85.47,15.11,104.96,20.76,126.78,40.03
282,2026-02-11T17:44:13.807243,239,205,232,230,231,243,235,274,244,289,254,299,275,317,298,327,310,329,319,327,326,318,329,305,330,296,332,284,338,258,341,246,353,225,268,207,279,204,292,203,307,206,322,210,349,216,357,217,363,218,366,221,365,225,335,230,337,237,339,244,341,251,343,258,345,266,343,271,340,274,337,275,333,275,279,221,289,221,299,223,308,226,300,226,290,225,338,233,346,232,353,234,355,236,351,238,344,236,289,290,311,285,322,286,330,288,337,288,339,289,335,296,332,309,328,311,321,312,312,310,302,306,292,291,311,291,326,293,333,294,333,296,327,302,323,302,316,301,158.17,21.01,79.09,14.35,113.69,32.87,134.99,55.95
283,2026-02-11T17:44:13.838640,247,208,237,233,236,246,239,277,249,291,260,302,284,318,307,329,319,330,327,328,332,318,333,304,332,295,333,284,338,258,341,246,352,226,278,213,289,210,302,209,318,212,333,216,357,220,364,221,369,222,370,223,367,226,344,233,346,240,348,248,351,254,353,261,355,269,354,275,351,277,346,278,342,278,290,225,299,226,310,227,318,230,310,230,300,229,345,235,351,234,356,235,358,238,355,239,349,238,304,293,323,288,334,288,340,290,345,290,346,291,339,297,340,310,337,313,331,314,323,312,314,307,307,293,323,293,336,296,340,296,337,296,336,303,333,303,327,302,153.84,16.32,82.78,17.19,113.9,25.48,136.77,67.47
284,2026-02-11T17:44:13.871335,251,215,242,242,241,256,246,286,257,299,271,308,296,322,320,330,331,331,336,329,336,319,332,305,332,296,329,284,332,258,335,247,348,227,285,217,296,213,310,212,326,214,341,219,361,225,367,225,370,226,369,227,366,230,350,235,353,243,356,249,359,255,362,262,365,269,364,274,360,277,355,278,351,278,297,230,306,232,316,232,324,234,317,235,308,234,348,238,353,239,358,241,358,242,357,242,352,241,317,296,334,291,343,290,350,292,353,291,353,293,347,297,348,308,346,311,342,312,335,310,328,307,319,296,334,297,345,298,348,298,346,297,346,301,343,301,338,300,146.77,22.54,80.96,19.16,106.35,16.19,135.36,63.26
285,2026-02-11T17:44:13.901807,257,217,244,245,243,258,250,289,262,302,275,312,303,328,329,336,339,336,342,334,336,325,325,309,317,298,311,285,312,259,317,248,336,229,292,219,304,215,317,215,333,217,348,222,366,228,371,229,374,231,372,232,367,234,355,240,359,246,363,253,367,258,371,265,374,271,373,277,369,279,363,280,358,281,303,232,312,233,322,233,330,236,322,237,313,236,350,240,357,242,361,244,360,245,359,245,355,244,323,300,341,295,351,294,357,297,360,296,360,298,351,303,356,314,355,317,351,318,343,317,336,313,326,300,342,301,353,303,355,304,351,303,354,307,351,307,346,306,143.1,29.17,82.11,20.78,114.95,21.09,129.31,69.82
286,2026-02-11T17:44:13.932761,262,216,250,245,249,258,255,290,267,304,281,315,310,332,338,341,349,341,354,340,347,330,333,312,320,300,319,286,322,258,326,247,345,229,296,219,308,216,320,216,335,218,351,222,374,227,381,228,384,229,382,230,377,232,361,240,366,247,370,253,374,259,378,265,382,271,380,277,376,280,370,281,366,281,308,232,317,231,328,232,336,235,328,236,319,236,358,239,367,239,373,241,372,243,370,244,364,243,327,301,347,296,358,295,365,298,370,298,370,300,363,307,368,322,366,325,361,326,351,324,342,318,330,302,348,302,361,304,364,306,363,307,364,315,361,315,354,313,157.36,32.01,89.78,24.97,147.02,46.28,130.12,72.64
287,2026-02-11T17:44:13.965152,261,215,246,244,245,258,252,290,265,303,281,314,313,329,342,336,354,336,359,335,353,327,338,314,324,304,319,291,316,262,321,250,344,228,299,219,311,216,324,215,340,217,355,221,376,225,383,226,386,227,384,228,378,230,363,238,367,245,372,251,376,257,381,263,385,270,384,275,380,278,374,279,369,279,313,232,322,231,331,231,339,234,332,235,324,235,359,237,368,238,373,240,372,241,371,242,365,241,336,299,353,294,362,293,369,295,373,295,373,297,366,303,372,317,370,324,367,324,360,318,352,312,339,300,354,300,365,301,368,302,366,302,368,308,367,308,361,306,153.98,26.88,89.36,28.8,146.54,51.15,136.15,69.58
288,2026-02-11T17:44:13.996434,264,215,250,243,248,258,254,290,266,304,282,314,313,329,340,336,350,336,355,335,351,329,339,317,327,307,321,294,319,263,324,251,345,228,305,218,318,215,332,214,346,217,359,220,378,224,383,224,385,225,384,227,378,229,366,236,370,243,375,249,379,255,383,261,387,269,385,274,381,277,375,278,370,280,318,232,327,231,336,231,342,234,336,235,328,235,361,237,369,237,374,240,373,240,372,242,366,240,339,300,356,296,364,295,370,297,373,296,374,298,368,302,371,315,369,323,366,323,360,315,353,310,342,300,356,301,366,302,369,302,369,302,368,305,366,305,362,304,150.95,24.11,90.57,31.79,146.08,52.76,139.12,68.33
289,2026-02-11T17:44:14.029120,262,215,247,245,245,259,252,292,266,306,283,317,316,332,346,339,358,339,364,338,359,331,348,318,339,309,331,295,329,265,334,252,355,228,306,218,320,215,333,214,348,217,362,220,381,224,387,225,389,225,388,227,383,229,369,237,373,244,377,250,381,256,385,263,389,270,387,276,383,279,377,281,372,282,320,232,328,232,338,231,344,235,338,236,329,235,364,237,372,237,376,239,375,240,375,242,369,240,342,302,357,296,366,295,373,297,377,297,378,299,372,303,378,313,376,317,373,318,366,314,358,311,345,302,359,302,370,303,373,304,372,303,374,306,372,305,367,304,151.67,22.79,93.95,32.25,160.57,54.57,141.17,67.12
290,2026-02-11T17:44:14.058875,268,214,253,243,251,258,258,290,271,304,286,315,317,330,345,337,356,337,362,336,359,329,347,316,338,306,330,295,330,262,334,249,356,226,307,218,320,215,333,214,347,217,362,220,383,223,389,224,392,225,390,226,385,229,369,237,373,244,377,250,381,256,385,263,388,270,387,276,383,279,378,280,373,281,321,232,329,231,339,231,345,234,339,235,331,235,367,237,375,237,380,239,378,240,378,242,372,240,343,303,359,297,368,296,374,298,378,297,379,299,374,303,376,312,374,315,370,316,364,314,357,312,345,303,360,302,370,304,374,304,373,303,373,305,370,305,366,304,152.69,23.67,91.37,32.93,169.16,55.77,138.63,68.67
291,2026-02-11T17:44:14.090672,269,214,253,242,251,257,257,290,270,304,285,315,316,331,345,339,357,340,365,339,366,331,360,318,355,309,349,296,347,266,349,252,364,227,309,218,322,215,335,215,350,217,363,220,383,225,389,226,392,226,391,227,387,230,370,239,373,246,377,252,380,258,384,265,387,272,386,277,382,280,377,281,372,282,322,232,330,231,340,231,346,235,340,236,332,235,368,238,375,237,379,239,378,241,377,242,372,241,343,303,358,297,367,296,373,298,377,297,379,300,374,305,378,314,375,316,371,316,365,315,357,312,346,303,360,303,370,304,374,305,373,304,373,306,371,306,366,305,161.2,22.45,92.76,33.38,165.87,55.57,137.58,69.5
292,2026-02-11T17:44:14.121526,271,214,256,242,254,256,260,289,272,303,286,314,316,331,343,340,356,341,363,340,364,331,359,317,354,307,350,294,348,265,351,252,365,227,310,218,323,215,336,214,350,217,364,220,384,224,390,225,392,226,391,227,387,230,371,239,375,246,378,253,382,259,386,265,389,272,387,277,383,280,378,281,373,282,323,232,332,231,341,231,348,235,341,236,333,235,369,238,376,237,381,239,380,241,379,242,374,241,341,303,358,297,367,296,374,298,378,298,380,300,374,306,377,317,374,319,370,320,362,318,354,315,344,303,359,303,370,305,374,306,373,306,373,309,370,308,365,307,162.86,23.54,93.24,34.26,168.14,55.86,139.15,68.69
293,2026-02-11T17:44:14.152751,270,213,255,242,252,256,258,288,271,303,286,314,316,331,345,341,359,342,366,341,369,332,364,318,358,308,353,295,350,265,352,252,367,227,309,217,321,215,334,215,349,217,364,220,386,224,393,225,395,226,394,227,390,229,372,239,376,246,379,253,383,259,387,265,390,271,388,277,384,279,379,281,374,281,323,231,332,230,341,230,348,234,341,235,333,234,372,238,379,237,384,239,383,240,382,242,377,241,343,303,359,297,368,296,374,298,379,298,381,300,375,306,378,318,376,321,370,321,363,320,354,316,346,303,360,303,371,305,375,305,374,306,374,310,371,310,366,309,160.06,21.94,92.18,34.72,178.76,55.35,134.76,71.02
294,2026-02-11T17:44:14.183387,270,213,255,242,253,256,259,289,271,303,286,315,317,331,346,341,359,342,367,341,370,331,366,318,360,307,355,294,352,265,354,252,368,226,309,218,322,215,335,214,350,216,364,220,387,224,393,225,396,225,394,227,390,229,373,238,376,246,380,252,384,258,388,264,391,271,389,276,386,279,380,280,376,281,323,231,332,230,342,230,349,234,342,235,334,234,372,238,379,237,384,238,383,240,382,242,377,241,343,304,359,297,369,296,375,298,380,297,382,300,376,306,380,318,377,320,372,321,364,320,356,316,346,303,361,303,372,305,376,305,375,306,375,310,372,310,367,309,163.92,22.41,94.94,35.01,176.74,55.4,134.79,70.76
295,2026-02-11T17:44:14.214234,271,212,257,241,254,255,260,289,272,303,286,314,315,332,344,343,358,345,367,343,371,333,369,318,365,308,361,294,361,264,362,251,376,226,309,217,322,214,335,214,350,216,365,220,388,224,395,225,398,225,397,227,394,229,374,238,377,245,380,252,383,258,387,264,389,271,388,277,384,280,379,281,375,282,323,231,332,230,342,230,349,234,342,235,333,234,374,238,381,237,386,238,385,240,384,242,378,241,343,305,358,297,367,296,374,298,380,298,382,300,378,309,380,321,377,324,372,325,363,323,355,319,346,305,360,303,371,305,376,306,376,308,375,313,372,313,366,311,162.3,22.33,94.83,34.21,182.3,54.96,134.95,70.95
296,2026-02-11T17:44:14.245748,273,212,259,240,257,255,262,288,274,303,287,314,316,333,344,344,358,346,366,344,371,334,368,318,364,307,361,294,360,264,362,251,375,226,311,217,323,214,336,214,351,216,365,220,388,224,394,224,397,225,397,226,393,229,374,238,377,245,380,252,383,258,387,264,389,271,388,276,384,279,379,281,375,282,325,231,334,230,344,230,350,234,343,235,335,234,374,238,381,237,386,238,385,240,384,242,379,241,343,306,358,297,368,296,374,298,379,298,382,301,377,310,380,323,376,326,371,327,362,325,354,320,346,306,360,304,371,306,375,307,375,310,374,315,371,315,366,313,160.71,21.9,93.35,34.24,175.24,55.28,133.25,71.9
297,2026-02-11T17:44:14.278462,273,212,260,240,257,255,263,288,274,303,288,314,316,333,344,344,358,346,367,344,371,334,370,318,367,307,364,293,364,264,366,251,378,226,310,217,322,214,335,214,350,216,365,219,387,223,394,224,397,225,397,226,394,229,375,238,377,245,381,252,384,257,387,264,390,271,388,277,385,280,380,281,375,282,325,231,334,230,344,230,351,234,344,235,335,234,375,238,382,237,386,239,386,240,385,242,379,241,343,306,358,297,368,296,375,298,380,298,383,301,378,310,379,323,376,326,370,327,362,325,353,321,346,306,360,304,371,306,376,307,376,310,374,314,371,314,365,313,164.96,25.69,92.33,34.09,180.24,54.92,133.65,71.83
298,2026-02-11T17:44:14.308842,274,212,260,240,258,255,263,288,275,303,288,314,316,332,344,343,358,345,367,343,371,334,368,319,363,308,359,294,358,264,360,251,374,227,312,217,324,214,337,214,351,216,366,219,388,224,394,225,397,226,396,227,393,230,374,238,377,245,380,252,384,257,387,264,390,271,388,276,385,279,380,281,375,282,325,231,334,230,344,230,350,234,344,235,335,234,374,238,381,237,386,239,385,241,384,243,379,242,342,305,358,297,368,296,375,298,380,298,382,301,377,310,379,322,376,325,370,325,362,323,353,319,345,305,360,304,371,305,375,307,375,309,374,313,371,313,365,312,163.47,27.35,92.55,34.38,171.04,54.15,134.02,71.59
299,2026-02-11T17:44:14.339452,276,211,261,240,259,255,265,288,277,303,290,314,318,332,346,343,359,344,367,343,370,334,366,319,361,308,356,294,355,265,357,252,371,227,313,217,325,214,337,214,351,216,366,219,388,224,394,225,397,226,396,227,392,230,374,239,377,245,380,252,383,258,387,264,390,271,388,276,385,279,379,281,375,282,326,230,335,229,344,229,351,234,344,235,336,233,374,238,381,237,386,239,385,241,384,243,378,242,342,305,358,297,368,296,375,298,379,298,381,301,376,310,379,322,376,324,371,324,363,323,354,319,345,305,360,304,371,305,375,307,375,309,374,313,371,313,365,311,158.48,21.81,89.72,31.39,167.64,53.48,128.93,74.16
300,2026-02-11T17:44:14.370747,275,211,261,239,259,254,265,287,276,302,290,314,317,332,344,343,357,344,365,343,369,333,367,319,363,308,359,294,360,265,362,252,377,227,312,216,323,213,336,213,351,215,365,219,388,223,395,225,398,226,398,227,394,230,374,237,377,245,380,251,383,257,387,264,389,271,388,276,384,279,379,281,375,282,325,229,334,228,344,228,351,233,344,234,335,233,375,238,383,237,388,239,387,241,385,243,380,241,341,305,358,298,367,296,374,299,379,298,381,301,377,311,378,321,375,324,370,324,362,322,353,318,344,305,359,304,370,306,375,308,375,310,373,312,370,312,364,311,158.17,22.57,89.98,30.82,171.02,51.99,127.81,74.7
301,2026-02-11T17:44:14.402234,275,211,262,239,260,254,266,287,277,302,290,314,317,332,343,343,356,344,364,343,370,333,370,319,368,308,365,294,367,265,369,252,381,228,311,216,322,213,335,212,350,214,365,218,389,223,396,225,400,226,400,227,397,230,375,237,377,244,380,250,383,256,386,262,388,270,387,275,384,278,379,280,374,281,325,228,334,227,344,227,351,232,344,234,335,232,377,238,385,236,390,238,389,241,387,243,382,241,341,305,357,297,367,296,373,298,378,298,381,301,377,310,377,321,374,323,369,324,361,322,353,318,344,305,358,304,370,306,374,307,375,310,372,312,369,312,364,311,159.5,24.67,90.15,30.1,181.31,49.57,132.33,72.51
302,2026-02-11T17:44:14.432328,274,210,261,239,259,253,265,287,276,302,289,314,316,332,343,343,356,344,364,343,369,333,369,319,365,308,363,294,363,265,365,252,378,227,310,215,322,212,335,211,349,213,364,217,388,222,395,223,398,224,398,226,395,229,374,235,377,243,379,249,382,255,386,262,388,269,387,275,383,278,378,280,374,281,324,228,333,226,343,227,350,232,343,233,334,232,376,237,383,235,388,236,388,239,386,241,381,240,340,305,357,297,366,296,373,298,378,298,381,301,377,310,377,321,374,323,369,324,361,322,353,318,343,305,358,304,369,306,374,307,376,310,372,312,369,312,364,311,157.97,24.82,88.28,28.64,173.93,52.77,135.29,70.55
303,2026-02-11T17:44:14.465254,274,210,260,239,258,253,264,286,275,301,289,313,316,332,342,343,356,344,365,343,371,333,371,318,369,308,367,294,368,265,369,252,380,227,310,215,322,211,335,210,349,213,364,216,387,221,394,222,398,223,398,225,395,229,373,235,376,242,379,249,382,255,385,261,388,268,386,274,383,277,378,279,374,280,323,227,332,226,342,226,349,231,342,233,333,232,375,236,383,234,388,236,388,239,386,241,380,239,340,304,357,297,366,295,373,297,378,297,381,300,378,310,378,321,375,323,369,324,361,322,352,318,343,304,358,303,369,305,374,306,376,310,373,312,369,312,364,310,158.77,26.68,87.82,27.44,171.62,52.56,136.13,70.04
304,2026-02-11T17:44:14.495478,268,210,257,238,255,252,259,284,270,299,284,312,311,331,340,343,355,344,364,343,371,333,372,319,369,309,368,296,371,268,372,255,383,231,305,214,317,211,331,210,347,212,363,216,386,221,394,222,397,223,398,225,396,229,373,235,375,242,378,248,381,255,384,261,386,268,384,274,381,277,376,279,373,280,318,228,328,227,339,228,347,231,339,233,329,232,375,237,382,237,388,238,388,241,386,242,380,241,337,304,353,296,364,295,371,297,377,297,381,300,378,310,378,321,374,323,368,323,359,322,350,317,340,304,355,303,367,304,373,306,375,309,372,312,369,312,362,310,146.95,29.29,83.38,20.25,174.37,46.67,139.13,67.76
305,2026-02-11T17:44:14.526670,267,210,257,236,255,249,260,280,271,295,283,308,309,328,335,341,349,343,360,342,370,333,371,319,370,309,370,296,375,268,378,255,388,232,298,214,309,211,323,210,339,213,356,216,384,222,394,223,398,224,399,226,398,231,369,236,371,243,373,250,375,256,377,263,379,271,378,276,375,279,371,281,367,282,310,228,321,230,332,232,341,232,333,233,322,232,374,239,381,239,387,241,388,242,385,244,380,242,329,304,348,297,358,295,366,298,372,298,376,300,376,311,374,321,369,324,362,324,352,322,343,317,333,304,349,303,362,305,369,306,373,310,368,313,363,313,356,311,142.87,26.51,79.8,17.04,176.88,48.3,133.32,70.88
306,2026-02-11T17:44:14.557771,260,211,253,237,252,249,258,282,268,297,280,309,305,327,332,339,347,340,357,340,366,332,370,318,368,309,368,296,371,267,373,255,384,231,289,214,299,211,312,210,328,213,345,216,374,222,384,223,391,224,394,227,394,231,360,236,363,243,366,250,369,257,372,264,375,271,374,277,371,280,367,281,364,282,300,230,310,232,322,233,333,233,325,235,313,234,365,240,373,240,380,242,384,243,380,245,372,244,324,303,344,297,355,296,363,299,370,298,374,300,374,309,371,318,366,320,360,320,350,318,341,315,328,303,345,304,360,305,367,306,372,308,365,310,361,310,354,308,144.65,18.37,74.44,14.82,168.94,56.74,129.66,72.52
307,2026-02-11T17:44:14.589899,252,214,244,240,243,252,249,282,259,297,270,309,295,327,321,338,336,339,347,339,357,331,363,318,364,309,366,297,369,269,371,256,380,232,279,216,290,212,303,210,319,213,336,217,365,222,376,223,383,225,387,228,387,232,350,237,352,244,354,251,356,258,359,265,360,272,359,278,357,281,353,282,350,283,290,232,300,233,311,235,321,235,313,237,301,237,356,242,364,242,372,244,375,246,370,247,362,246,312,303,331,297,342,296,351,299,357,298,362,300,365,308,362,318,357,320,350,320,340,318,330,314,316,303,333,304,348,305,356,306,362,308,356,310,352,309,343,308,138.64,19.66,72.92,17.14,146.76,62.81,129.6,72.02
308,2026-02-11T17:44:14.620355,244,215,237,240,236,253,240,282,250,297,261,308,284,325,308,336,322,337,333,336,345,328,352,316,354,308,356,296,360,268,362,256,370,232,269,216,279,212,292,210,308,213,325,217,354,222,365,223,373,225,377,228,377,232,339,237,341,244,342,251,344,258,346,264,348,272,346,278,344,280,341,282,339,283,281,231,290,233,301,234,311,235,303,236,292,236,345,241,353,241,361,243,365,245,360,247,352,245,303,303,320,297,330,296,338,299,345,298,349,300,350,307,345,315,340,318,333,318,324,316,316,313,306,303,322,304,335,305,343,306,348,307,339,308,335,307,328,306,135.33,20.78,67.43,15.28,113.16,48.74,115.52,63.18
309,2026-02-11T17:44:14.651531,238,215,232,238,231,250,235,280,242,294,252,304,272,322,295,334,309,336,321,335,334,326,342,312,345,303,349,291,354,265,357,253,366,230,260,215,269,211,282,210,297,212,314,216,344,222,356,223,365,224,369,227,370,231,328,235,329,243,331,250,332,257,333,264,334,272,333,277,331,280,328,282,326,282,271,230,280,231,291,233,301,234,293,235,282,235,337,241,345,241,353,243,358,245,352,247,343,244,292,303,308,297,317,297,325,299,331,298,336,300,337,307,332,316,326,318,319,319,310,317,302,313,296,303,310,304,322,306,330,306,334,307,326,308,321,308,315,307,140.4,25.6,68.76,14.61,103.0,37.4,104.82,47.7
310,2026-02-11T17:44:14.683304,234,212,229,235,228,248,232,278,238,292,246,304,264,322,286,335,300,337,312,336,326,326,335,312,338,302,342,290,349,263,352,250,361,227,253,214,261,210,273,209,288,212,304,216,334,221,347,221,356,221,362,224,363,228,318,234,319,242,319,249,320,256,320,264,321,271,319,277,318,279,316,280,314,281,263,229,272,230,282,231,292,234,284,235,273,235,329,240,338,239,346,240,351,242,344,245,336,243,281,302,295,297,304,296,312,298,319,297,324,299,328,306,322,317,315,321,307,322,297,320,289,315,284,303,297,303,310,305,318,305,325,306,314,311,309,311,302,310,156.97,24.45,68.28,13.53,89.03,18.62,89.8,24.5
311,2026-02-11T17:44:14.712971,230,211,225,235,225,248,229,278,236,292,243,303,261,322,282,334,296,336,308,335,322,325,331,310,335,300,340,288,347,260,350,248,357,224,247,212,255,208,266,207,281,210,297,214,328,217,341,217,351,217,357,220,358,224,311,232,311,240,312,247,312,254,312,261,312,269,311,274,310,277,309,278,307,279,257,228,266,228,276,229,286,232,278,233,267,233,323,237,332,236,341,237,347,239,339,242,330,240,276,301,289,295,298,294,306,296,313,295,319,297,323,305,317,317,310,321,302,321,292,319,285,315,279,302,292,302,304,303,313,303,320,305,309,309,303,310,297,308,164.38,22.09,67.09,12.7,82.81,17.36,87.28,26.47
312,2026-02-11T17:44:14.744497,228,210,223,234,223,247,227,278,233,292,240,303,258,321,279,334,293,336,305,335,320,325,331,309,334,300,339,287,346,259,348,247,354,223,243,211,251,207,262,205,276,208,292,212,324,216,337,215,348,215,353,218,355,222,307,230,307,238,307,245,307,252,308,259,307,267,306,272,305,275,304,276,303,278,254,226,262,225,273,226,282,230,274,231,264,231,319,235,328,233,338,234,343,237,335,239,326,238,275,301,287,294,295,293,303,295,309,294,314,296,319,304,313,316,307,319,299,320,290,318,283,314,278,301,290,301,301,302,309,302,316,304,305,308,300,309,294,308,169.0,21.52,69.32,12.29,84.1,17.65,92.24,26.49
313,2026-02-11T17:44:14.776072,225,209,221,233,221,246,225,277,231,291,238,302,254,321,275,334,289,336,302,335,317,325,328,309,332,299,337,287,344,259,346,246,352,222,241,209,248,205,259,204,273,206,289,211,320,214,334,213,344,213,350,216,352,221,303,228,304,236,304,243,304,249,304,256,304,264,303,270,302,272,301,274,300,275,251,224,259,224,270,225,280,228,272,229,261,229,317,233,325,231,335,233,340,235,333,237,323,236,272,298,284,292,292,290,299,292,306,291,311,294,316,302,310,316,303,319,295,320,286,318,279,313,275,299,287,298,298,299,306,300,313,302,302,308,297,308,290,307,169.13,21.53,70.96,12.03,84.68,16.66,93.99,25.15
314,2026-02-11T17:44:14.806653,223,209,220,234,220,247,224,278,231,292,238,303,254,321,274,334,288,336,301,335,317,325,328,309,333,300,338,288,345,260,347,247,353,223,238,208,246,203,256,202,270,204,286,208,318,211,332,210,343,211,349,214,352,219,301,226,301,234,301,240,302,247,302,253,302,261,301,266,300,269,299,271,298,272,249,223,257,222,268,223,278,227,269,228,259,228,315,232,324,230,333,231,339,234,332,236,322,234,269,296,281,289,289,287,297,289,304,288,310,291,315,301,308,315,301,319,293,319,283,317,276,312,272,297,284,295,295,296,305,297,312,301,300,307,294,307,288,306,168.65,21.14,70.72,13.01,83.54,16.31,92.05,25.94
315,2026-02-11T17:44:14.838925,222,208,219,234,219,247,224,278,230,292,237,303,254,321,274,334,288,336,300,335,316,324,327,309,332,300,337,287,345,259,347,246,352,221,238,207,245,202,256,201,270,203,286,207,317,210,331,209,341,210,348,213,350,218,300,225,300,232,301,239,301,246,301,252,301,260,301,266,300,269,299,270,298,272,248,222,257,221,267,222,277,226,269,227,258,226,314,230,323,228,333,230,339,232,331,234,321,233,268,295,280,288,288,286,296,288,304,287,310,290,315,299,308,314,301,318,292,318,283,316,276,311,271,296,283,294,295,295,304,296,312,299,300,306,294,306,287,305,169.47,21.12,71.71,13.04,84.47,16.84,93.93,25.67
316,2026-02-11T17:44:14.870639,221,209,218,234,218,247,223,278,229,292,236,303,253,320,273,333,287,335,299,334,315,324,327,309,332,300,337,288,345,260,347,247,352,222,237,207,244,202,255,200,269,202,284,206,316,210,330,209,341,209,348,213,350,218,299,225,300,232,300,239,300,245,300,252,300,259,300,265,299,268,298,270,297,271,247,222,256,222,266,223,276,226,268,227,257,227,314,230,323,229,332,230,339,232,331,234,322,233,267,294,279,287,287,285,295,288,303,287,308,289,314,298,307,312,300,315,291,316,282,314,275,309,270,294,282,293,294,295,303,295,311,298,299,304,293,304,286,302,168.92,20.95,70.94,13.16,84.1,16.53,97.69,25.92
317,2026-02-11T17:44:14.901156,221,209,218,234,218,248,223,278,229,292,236,303,253,320,273,332,286,334,299,333,315,323,327,309,332,300,337,288,344,260,346,247,351,222,237,207,244,202,255,200,269,202,284,206,316,209,330,209,340,209,347,213,350,218,299,224,300,232,300,238,300,244,300,251,300,259,299,264,298,268,297,269,297,271,248,222,256,222,266,222,276,226,268,227,257,226,314,230,323,228,332,230,338,232,330,234,321,232,267,292,280,286,288,285,295,287,302,287,307,289,313,296,306,308,299,312,291,312,283,310,276,306,270,292,282,293,293,294,303,295,311,296,298,300,293,300,287,298,168.91,21.1,70.9,13.34,83.56,15.97,96.09,25.68
318,2026-02-11T17:44:14.932550,221,209,218,234,218,248,222,278,228,292,235,303,253,320,272,331,286,333,298,332,314,323,327,309,332,300,337,288,345,260,346,247,351,221,237,207,244,202,255,200,269,202,284,206,315,209,329,208,339,209,346,212,349,217,299,224,299,232,299,238,300,244,300,251,300,259,299,264,298,268,297,269,296,271,248,222,256,221,266,222,276,226,267,227,257,227,313,230,322,228,331,229,337,232,330,234,321,232,267,291,279,287,287,286,294,288,301,287,307,289,313,296,306,307,299,310,291,311,282,309,275,305,270,292,281,293,293,295,302,295,310,296,298,299,292,299,286,297,168.71,21.18,70.91,13.26,83.56,16.19,95.46,25.3
319,2026-02-11T17:44:14.965452,221,209,217,234,217,248,221,278,227,292,234,302,252,319,271,330,285,332,298,331,314,322,326,308,332,299,337,288,344,260,346,247,350,221,236,206,243,201,254,200,268,202,283,206,315,209,329,208,339,209,346,212,349,217,298,224,299,232,299,238,299,244,299,251,299,259,298,264,297,268,296,269,296,271,247,223,255,222,265,222,275,226,266,227,256,227,313,230,322,228,331,230,337,232,330,234,320,232,266,291,278,287,286,286,293,288,300,287,306,289,312,296,305,307,298,310,290,310,281,308,274,304,269,291,281,293,292,294,301,295,309,296,297,298,291,298,285,297,169.27,22.01,71.01,13.71,83.23,16.4,94.33,25.71
320,2026-02-11T17:44:14.996681,220,209,217,234,217,248,221,278,227,291,234,302,252,318,271,330,285,331,298,331,314,321,326,307,331,299,337,287,343,259,345,246,349,221,235,206,242,201,253,199,267,201,283,205,315,208,329,208,339,208,346,212,348,217,298,224,298,231,299,238,299,244,299,251,299,259,298,264,297,267,296,269,295,270,247,223,255,222,265,222,275,226,266,227,256,227,312,229,321,228,330,229,336,231,329,233,320,232,266,290,278,287,286,286,293,288,300,287,306,289,312,295,305,306,298,309,290,309,282,308,275,304,269,291,280,292,292,295,301,295,310,295,297,297,292,297,285,296,169.38,22.03,70.38,13.54,83.66,16.58,98.5,25.92
321,2026-02-11T17:44:15.026524,220,209,216,235,216,248,220,278,226,291,234,302,251,318,271,329,285,331,297,330,313,321,326,307,331,299,336,287,343,259,345,246,349,221,235,206,242,201,253,199,267,201,283,205,315,208,328,207,339,208,345,211,348,217,298,224,298,231,298,238,299,244,299,251,299,259,298,264,297,267,296,269,295,270,246,222,254,221,264,222,274,226,266,227,255,226,312,229,321,228,330,229,336,231,329,233,319,232,266,290,278,286,286,285,293,288,300,287,306,289,312,295,305,306,298,309,290,309,282,308,275,303,269,291,281,292,292,294,301,295,310,295,297,297,292,297,286,296,169.91,22.0,72.08,13.55,84.58,16.57,97.43,25.82
322,2026-02-11T17:44:15.057741,219,208,216,234,216,248,220,278,226,291,233,302,251,318,271,329,285,331,297,330,313,321,326,307,331,299,336,287,343,259,344,246,349,221,235,206,242,201,253,199,266,201,282,205,314,208,328,207,338,208,345,211,348,216,297,224,298,231,298,238,298,244,299,251,298,258,298,264,297,267,296,269,295,270,246,222,254,221,264,222,274,225,265,227,255,226,312,229,320,228,330,229,336,231,328,233,319,232,266,290,278,286,286,285,293,287,300,287,305,289,312,295,304,306,298,309,290,309,281,307,274,303,268,290,280,292,292,294,301,295,309,295,297,297,291,296,285,295,169.78,21.85,71.39,13.63,83.38,16.09,96.13,26.03
323,2026-02-11T17:44:15.088667,218,208,215,234,215,248,219,278,226,291,233,302,251,318,271,329,284,331,297,330,313,321,326,307,331,299,336,287,342,259,344,246,349,221,234,205,241,200,252,198,266,200,282,204,314,207,328,207,339,207,345,211,348,216,297,223,298,231,298,237,298,243,298,250,298,258,297,264,296,267,295,269,295,270,246,222,254,221,264,222,274,225,265,226,255,226,312,229,320,228,330,229,336,231,328,233,319,232,265,290,278,286,285,285,293,287,300,286,305,289,312,295,304,306,298,308,290,309,281,307,274,303,268,290,280,292,291,294,301,294,309,295,296,296,291,296,285,295,168.97,21.73,70.85,13.63,82.85,16.26,99.32,25.77
324,2026-02-11T17:44:15.119905,218,208,215,234,215,248,219,278,225,291,233,302,251,318,271,329,284,331,297,330,313,321,326,307,331,299,336,287,342,259,344,246,348,220,234,205,241,200,252,198,266,200,282,204,314,207,328,206,338,207,345,210,347,216,297,223,297,230,298,237,298,243,298,250,298,258,297,264,296,267,295,269,294,270,245,222,254,221,264,221,274,225,265,226,255,225,312,229,320,228,329,229,336,231,328,233,319,231,265,290,277,286,285,285,293,287,300,286,305,288,312,295,304,305,297,308,289,308,281,306,274,302,267,290,279,292,291,294,301,294,309,295,296,296,291,296,285,294,168.84,21.77,71.21,13.61,84.36,16.09,98.12,25.65
325,2026-02-11T17:44:15.150229,218,207,215,234,215,247,219,278,225,291,233,301,251,318,271,329,284,330,297,330,313,321,326,307,331,299,336,287,342,259,344,246,348,220,234,205,242,200,253,198,267,200,282,203,314,206,328,206,338,206,345,210,348,215,297,223,298,230,298,237,298,243,298,250,298,258,298,264,297,267,295,268,295,270,246,221,254,220,264,221,274,224,265,225,255,225,312,228,320,227,329,229,336,231,328,232,319,231,265,289,277,285,285,284,293,287,300,286,305,288,311,294,304,305,297,308,289,308,281,307,274,302,268,290,279,292,291,294,300,294,309,294,296,296,291,296,285,294,169.36,22.08,71.16,13.25,83.94,15.73,100.52,25.79
326,2026-02-11T17:44:15.182171,218,207,215,234,215,247,220,278,226,291,233,302,250,318,270,329,284,331,296,330,312,321,325,307,331,299,336,287,342,259,344,246,349,220,234,205,241,200,252,197,266,199,282,203,314,206,328,205,338,206,345,210,348,215,297,222,297,230,297,236,298,243,298,249,298,257,297,263,296,266,295,268,294,269,245,221,253,220,263,221,273,224,265,225,255,225,312,228,320,227,329,228,336,231,328,232,319,231,265,290,277,285,285,284,292,287,299,286,305,288,310,294,303,306,297,308,289,308,280,307,273,303,268,290,280,292,291,294,300,294,308,294,296,296,290,296,284,294,169.24,22.06,70.53,13.06,83.28,15.48,99.78,25.75
327,2026-02-11T17:44:15.214093,219,207,216,234,216,247,220,278,226,291,233,302,250,318,270,330,284,332,297,331,313,321,325,307,330,299,336,287,343,259,344,246,349,220,234,205,241,200,252,197,266,199,282,203,314,206,328,206,338,206,345,210,348,216,297,222,298,230,298,236,298,242,298,249,298,257,298,262,297,266,296,268,295,269,245,221,253,220,264,220,274,224,265,225,255,225,312,228,321,227,330,228,336,230,329,232,319,231,265,290,277,285,285,284,293,287,300,286,305,288,311,294,304,308,297,312,289,312,280,310,273,305,268,290,279,292,291,294,301,294,308,294,296,300,290,300,284,299,169.69,22.08,71.81,13.48,85.82,16.1,100.02,25.77
328,2026-02-11T17:44:15.244141,219,207,216,234,216,247,220,278,227,291,234,302,250,319,270,331,284,333,297,332,313,322,325,308,331,299,336,287,343,259,345,246,349,221,234,205,242,200,252,197,266,199,282,203,315,206,328,206,339,207,346,210,348,216,298,222,298,230,298,236,298,242,299,249,299,256,298,262,297,265,296,267,295,269,246,221,254,220,264,220,274,224,265,225,255,225,313,228,321,227,330,228,336,231,329,232,320,231,264,290,277,286,285,284,293,287,300,286,306,288,311,295,304,309,297,312,288,313,279,311,272,306,267,290,279,292,291,294,301,294,309,295,296,301,290,301,283,300,169.09,22.18,71.22,13.46,84.35,15.48,99.55,25.55
329,2026-02-11T17:44:15.276768,219,208,216,234,216,247,221,278,227,291,234,302,250,319,270,331,284,333,297,333,313,322,326,308,331,299,336,287,344,259,346,246,350,221,235,205,242,200,253,197,267,199,283,203,315,206,329,206,339,207,346,210,349,216,298,222,298,229,299,236,299,241,299,248,299,255,298,261,297,264,296,266,295,268,246,221,254,219,264,220,274,224,266,225,255,224,313,228,321,226,331,228,337,230,329,232,320,231,265,290,277,285,286,284,293,286,301,286,306,288,312,295,305,310,298,313,289,314,280,312,272,307,268,290,280,291,292,293,301,293,309,295,296,302,291,302,284,301,169.09,22.19,72.51,13.92,84.02,16.08,98.36,25.78
330,2026-02-11T17:44:15.303932,221,208,218,234,218,247,222,278,228,291,234,302,251,319,271,331,285,334,297,333,314,323,326,308,331,299,337,288,346,260,348,247,352,221,235,205,242,199,253,197,267,199,283,202,316,206,330,206,341,207,348,210,351,216,299,222,299,229,299,235,299,241,299,248,299,255,298,261,297,264,296,266,296,268,247,221,255,219,265,220,274,224,266,224,256,224,314,228,323,226,332,228,338,230,331,232,321,231,265,290,278,285,286,284,293,286,301,285,307,288,313,295,305,310,298,313,289,314,280,311,273,307,268,291,280,291,292,293,302,293,310,295,297,302,291,302,284,300,169.49,22.3,74.09,15.22,86.0,16.71,98.11,25.86
331,2026-02-11T17:44:15.337954,222,207,219,234,219,247,223,278,229,291,235,302,251,319,271,331,285,334,298,333,315,323,328,308,334,299,340,287,348,259,350,246,354,221,236,204,243,199,254,197,268,199,284,202,317,206,331,206,343,207,350,210,353,216,300,221,300,228,300,235,300,241,300,247,300,255,299,261,298,264,298,266,297,267,248,220,256,219,266,219,276,223,267,224,257,224,315,228,324,226,334,227,340,230,332,231,323,230,265,290,278,285,286,284,294,286,302,285,308,287,314,295,306,309,298,313,290,314,281,312,273,307,268,291,281,291,293,292,303,293,311,295,297,302,291,302,285,300,169.15,22.53,73.77,13.72,87.17,15.74,99.1,25.58
332,2026-02-11T17:44:15.370704,224,207,221,233,221,247,225,277,230,291,236,302,251,319,271,331,285,334,299,333,316,323,330,308,335,299,341,287,350,259,352,247,356,221,238,204,245,199,256,197,270,199,286,202,319,206,333,206,344,207,351,210,354,216,301,221,301,228,301,235,301,241,301,247,301,255,300,260,299,264,299,266,298,267,250,220,258,219,268,219,277,223,269,224,258,224,317,228,326,226,335,227,341,230,334,232,324,230,266,290,279,284,287,283,296,285,303,285,309,287,315,294,307,309,299,313,290,314,281,311,273,307,270,290,282,290,294,292,304,292,312,294,298,302,292,302,285,300,169.0,22.43,73.42,13.5,85.64,14.48,96.85,25.41
333,2026-02-11T17:44:15.400617,226,207,222,233,222,246,226,277,231,291,237,301,252,319,272,331,286,334,300,333,318,323,331,308,337,299,343,287,351,259,353,247,357,221,240,204,247,199,258,197,272,199,288,202,320,206,334,206,345,207,353,210,356,216,303,221,303,228,302,235,303,241,303,247,302,255,301,260,300,264,300,266,299,267,252,220,259,218,269,219,279,223,271,224,260,224,318,227,327,226,336,227,342,230,335,232,325,230,267,289,280,284,288,283,296,285,304,284,310,287,316,294,308,309,300,313,291,313,282,311,274,306,271,290,283,289,295,291,305,292,313,294,299,301,293,302,286,300,171.04,22.29,75.97,14.81,85.98,14.47,97.48,25.83
334,2026-02-11T17:44:15.434917,227,206,224,232,223,246,227,277,232,290,238,301,254,318,273,331,287,333,301,333,318,323,332,308,338,299,344,288,352,260,354,247,359,221,242,203,249,199,260,197,274,198,289,202,321,205,336,206,347,207,354,210,357,216,304,221,304,228,304,235,304,241,304,247,303,255,302,260,301,264,301,266,300,267,253,220,261,218,271,219,280,223,272,224,262,223,319,227,328,226,337,227,344,230,336,232,327,230,268,288,281,283,289,282,297,285,305,284,311,286,317,294,309,309,301,312,292,313,283,310,275,305,271,289,284,289,296,291,306,291,315,294,300,301,294,301,287,299,170.11,22.15,75.62,14.79,86.17,14.5,99.88,26.36
335,2026-02-11T17:44:15.464739,229,206,225,232,224,245,227,276,232,290,239,300,254,318,274,330,288,333,302,332,319,323,334,308,339,300,345,288,353,260,355,247,360,221,243,203,250,198,261,196,274,198,290,202,322,205,336,206,348,207,355,210,358,216,305,221,304,228,304,234,304,240,304,247,304,255,303,260,302,264,301,265,300,267,254,219,262,218,272,219,282,223,273,223,263,223,320,228,329,226,338,227,345,230,337,232,328,230,269,287,282,282,290,281,298,284,305,283,311,286,318,293,310,308,302,312,293,312,283,309,276,304,273,288,284,288,296,290,307,291,315,293,301,300,295,300,288,298,170.32,22.35,75.64,14.44,87.07,14.35,102.17,26.63
336,2026-02-11T17:44:15.495614,230,205,226,231,225,244,228,275,233,289,239,299,255,317,274,329,288,332,302,332,319,322,334,308,340,300,346,288,354,260,356,247,360,221,244,202,251,198,262,196,275,198,291,201,323,205,338,206,349,207,356,210,359,216,306,221,305,228,305,234,305,240,305,247,304,255,303,260,302,264,302,265,301,267,254,219,262,218,273,219,283,222,274,223,263,222,321,228,330,226,339,227,346,230,338,232,328,230,270,286,282,282,290,282,298,284,306,284,312,286,318,293,310,306,302,310,293,310,284,307,277,302,273,287,285,288,297,290,307,291,315,293,302,298,295,298,289,296,171.01,22.26,76.11,14.4,86.46,14.11,101.99,25.96
337,2026-02-11T17:44:15.527541,230,204,226,230,226,244,228,275,233,288,240,299,255,316,275,329,289,331,302,331,320,322,335,308,341,300,347,288,355,260,357,247,361,221,244,202,251,197,262,195,276,197,291,201,324,205,338,205,349,206,356,210,359,216,306,221,306,228,305,234,305,240,305,247,305,255,304,260,303,264,302,266,301,267,255,218,263,217,273,218,283,222,274,222,264,222,321,227,330,226,340,227,346,230,338,232,329,230,270,286,283,282,291,281,298,284,306,284,312,286,319,293,310,305,303,308,294,308,285,306,278,301,273,287,285,287,297,290,307,291,316,293,302,297,296,296,289,295,170.85,22.45,76.33,14.31,84.59,13.72,102.5,26.21
338,2026-02-11T17:44:15.560441,231,204,227,230,226,244,229,275,234,288,240,299,256,316,275,328,289,331,302,331,320,322,335,308,341,300,347,288,355,260,357,247,362,220,245,202,252,197,263,195,276,197,292,201,324,205,338,205,349,206,357,209,360,215,306,220,306,228,306,234,306,240,305,247,305,255,304,260,303,264,302,266,302,267,255,218,263,217,273,218,283,221,275,222,264,222,322,227,331,225,340,227,347,230,339,232,329,230,270,286,283,282,291,281,299,284,306,283,312,286,319,293,310,305,303,307,294,307,286,305,278,300,273,286,285,287,297,290,307,291,316,293,302,296,296,295,290,294,170.89,22.61,76.31,14.32,84.76,13.72,100.81,25.79
339,2026-02-11T17:44:15.592449,232,203,228,230,227,243,229,274,234,288,241,299,257,316,276,328,289,331,303,331,320,322,335,308,341,300,347,288,356,260,358,246,362,220,245,201,253,196,263,195,277,197,292,201,324,205,339,204,350,205,357,209,360,215,307,220,306,228,306,234,306,240,306,247,305,255,304,261,304,264,303,266,302,267,256,218,264,217,274,218,284,221,275,222,265,221,323,227,332,225,341,227,347,229,340,231,330,230,270,286,283,282,291,281,299,284,307,283,313,286,320,293,311,305,303,308,295,308,286,306,278,301,273,286,285,287,298,290,308,291,317,293,303,296,297,296,290,294,171.96,22.44,76.88,14.24,85.7,14.12,102.74,26.97
340,2026-02-11T17:44:15.617549,232,203,228,230,227,243,229,274,234,288,241,299,257,316,276,328,290,331,303,331,321,322,335,308,341,300,348,288,356,260,358,246,363,220,246,201,253,196,264,194,278,196,293,200,325,204,339,204,351,205,358,209,361,214,307,220,307,227,307,234,307,240,307,246,307,254,306,260,305,263,304,265,303,266,256,217,265,216,275,217,284,221,276,222,265,221,323,227,332,225,342,226,348,229,340,231,331,229,270,286,284,282,292,281,300,283,308,283,314,286,320,293,311,306,304,309,295,309,286,307,278,301,273,287,286,287,298,290,309,291,318,293,303,298,297,298,290,296,171.25,22.41,77.68,13.96,85.09,14.01,102.38,25.82
341,2026-02-11T17:44:15.654046,233,201,228,227,227,241,230,273,235,288,241,299,257,316,277,328,291,331,305,330,322,321,336,307,342,298,348,286,357,257,359,243,363,217,248,199,256,194,267,192,281,194,296,198,327,201,341,202,352,203,359,207,362,212,310,217,310,224,310,231,310,237,310,244,310,251,309,257,308,261,307,262,306,264,258,215,267,214,277,215,287,218,278,219,267,219,324,223,333,222,343,224,349,226,341,228,332,226,272,286,285,280,294,278,303,281,311,280,317,283,322,292,313,306,306,310,296,310,287,308,279,302,275,286,288,286,301,288,311,289,319,292,305,298,298,298,291,297,172.77,21.02,79.23,13.1,88.64,14.55,99.68,24.61
342,2026-02-11T17:44:15.680131,233,198,228,225,227,239,230,272,235,286,241,298,257,315,278,328,293,330,307,330,324,320,337,306,343,297,348,285,357,255,359,241,364,215,249,196,257,191,268,189,282,190,297,194,329,198,343,199,353,200,360,204,363,210,311,213,312,220,312,226,312,232,312,239,312,247,311,253,310,256,309,258,308,260,259,212,268,211,279,212,288,214,279,215,268,215,325,219,334,220,344,222,351,224,343,225,333,223,273,282,288,275,297,274,306,276,314,276,320,279,325,289,317,306,309,310,300,310,290,307,282,301,276,283,290,281,304,283,314,284,322,289,308,298,302,298,294,296,174.04,20.99,85.71,13.81,96.42,14.65,104.91,22.01
343,2026-02-11T17:44:15.715743,235,197,230,224,229,238,231,270,236,284,242,295,258,313,279,326,294,328,308,328,325,318,338,304,343,296,349,284,356,255,359,242,365,215,251,191,258,186,270,183,284,185,300,188,332,194,345,195,356,197,363,201,365,208,314,209,314,215,314,222,314,227,314,233,314,241,313,247,312,250,311,252,310,254,262,208,271,207,281,207,290,211,281,213,271,212,328,217,337,217,346,219,352,222,345,223,336,221,275,278,290,270,299,268,308,270,316,270,322,274,327,286,319,303,311,307,302,307,292,304,283,298,278,279,292,277,306,278,316,280,324,286,310,295,304,294,296,292,172.97,19.69,87.75,14.48,91.28,13.2,112.43,23.49
344,2026-02-11T17:44:15.748144,238,195,232,223,231,237,233,269,237,283,243,293,259,311,280,324,295,327,308,326,326,317,338,304,343,296,349,284,357,256,360,242,366,216,254,188,263,183,274,180,288,182,303,186,334,191,347,193,358,195,364,200,366,207,317,206,317,213,317,219,317,224,317,230,317,237,316,243,314,247,313,249,312,251,264,205,273,204,283,205,292,209,283,211,273,210,330,216,339,215,348,217,354,221,347,222,338,220,277,275,292,267,301,265,310,268,318,268,324,272,329,284,320,299,313,303,303,303,293,300,285,294,281,276,294,274,308,276,318,278,326,284,312,290,306,290,298,288,171.93,19.5,86.91,14.59,93.97,13.32,113.03,26.48
345,2026-02-11T17:44:15.781846,238,195,233,223,231,237,233,268,238,282,244,292,261,310,282,322,297,325,311,325,327,317,340,304,345,296,350,284,358,256,360,243,367,216,255,187,264,182,275,180,290,182,305,185,335,191,349,193,359,195,365,200,367,207,318,206,319,213,319,218,319,224,320,230,319,237,318,243,317,247,316,249,314,251,265,205,274,203,284,204,294,209,284,211,274,210,332,217,341,215,350,217,356,221,349,223,339,221,279,274,293,266,303,265,312,267,320,267,326,271,331,283,322,296,314,299,305,299,296,296,288,291,282,275,296,273,309,275,320,278,328,283,314,287,308,287,301,285,172.9,19.63,90.92,15.76,98.6,13.98,116.76,25.93
346,2026-02-11T17:44:15.805773,239,193,234,221,233,235,235,267,239,281,246,292,263,310,284,322,299,325,313,325,329,316,341,303,346,295,351,283,358,255,361,242,368,215,258,188,267,183,278,181,293,183,309,187,338,193,351,194,361,196,367,201,369,207,322,207,322,214,323,220,323,226,324,232,324,240,323,246,321,250,320,252,318,253,267,205,277,205,287,206,297,210,288,211,277,210,334,217,343,216,352,218,357,222,351,223,341,221,280,275,296,268,307,266,315,269,323,269,329,273,333,283,324,296,317,298,308,298,299,296,290,291,283,275,299,274,313,276,322,278,330,283,317,287,311,286,303,284,171.31,19.73,90.37,14.74,96.5,13.94,120.56,26.43
347,2026-02-11T17:44:15.840581,241,193,235,220,234,234,235,266,240,280,247,292,265,309,288,321,302,324,316,324,332,316,343,303,348,295,352,284,360,255,362,242,370,216,261,189,270,184,282,183,296,185,312,189,343,194,356,195,366,197,372,202,373,208,326,209,326,216,326,222,327,228,327,234,327,242,326,248,324,251,323,253,321,255,271,207,280,206,291,207,300,211,291,212,280,211,337,218,346,216,355,219,361,222,354,224,344,222,284,276,301,269,311,268,320,271,327,271,333,274,336,285,328,297,321,300,312,299,303,297,294,292,287,277,303,276,317,278,326,280,333,284,321,288,315,287,307,285,170.58,19.48,88.71,13.71,94.44,15.15,118.66,26.35
348,2026-02-11T17:44:15.871466,242,194,236,221,235,235,237,266,242,281,249,292,267,309,290,321,305,324,318,324,334,316,345,304,349,295,354,284,361,256,363,242,372,217,263,190,271,185,284,184,299,186,315,189,347,196,360,198,370,200,375,205,376,210,329,210,329,217,330,223,330,229,331,235,331,243,329,249,328,253,326,254,324,256,273,207,282,207,293,208,303,212,294,212,283,212,340,218,349,218,358,221,364,223,356,225,347,222,287,277,303,270,314,269,322,272,329,272,335,275,338,285,330,298,323,300,315,300,305,297,297,293,290,278,305,277,319,279,329,281,335,285,323,288,317,288,310,286,170.92,19.24,88.43,13.5,95.31,15.26,122.24,25.02
349,2026-02-11T17:44:15.902953,245,195,239,222,238,235,239,267,244,281,252,292,271,310,294,322,308,325,321,325,337,317,348,305,352,297,356,285,363,257,365,243,375,218,265,191,274,186,287,184,302,187,318,192,349,199,362,201,372,203,377,207,379,212,332,213,332,220,333,226,333,233,334,239,334,248,332,254,330,257,328,259,327,260,276,208,285,207,295,209,305,214,296,214,285,213,343,221,352,220,361,223,366,225,359,227,350,224,290,278,306,273,315,272,324,275,331,275,336,278,340,287,332,298,325,300,317,300,308,298,300,293,293,279,308,280,321,282,330,284,337,287,325,289,319,288,313,287,169.48,20.29,86.14,15.83,92.9,15.53,121.47,24.36
350,2026-02-11T17:44:15.934875,247,195,240,222,239,236,241,268,246,282,254,293,273,311,296,322,310,325,323,325,338,318,348,306,352,298,357,287,364,259,367,245,376,220,269,191,278,187,290,185,305,189,321,195,352,202,365,203,374,205,379,209,381,214,335,216,335,223,336,230,337,236,337,243,337,251,336,257,334,261,332,262,330,263,278,209,288,209,298,211,308,216,299,216,288,214,345,223,354,223,363,225,368,228,361,229,352,227,293,281,309,277,319,276,327,279,334,279,339,282,342,290,334,299,328,301,320,300,311,298,303,294,296,282,310,283,324,286,333,288,339,290,328,289,323,289,316,287,168.55,21.29,84.57,15.22,89.28,16.18,115.7,25.63
351,2026-02-11T17:44:15.966996,249,195,242,222,240,236,242,268,247,283,255,295,275,313,297,325,312,327,325,328,339,321,350,309,354,301,358,289,367,261,369,248,379,223,271,193,280,189,293,188,308,192,324,198,355,205,368,206,377,208,382,212,383,218,337,218,338,226,338,233,339,239,340,246,340,255,338,261,336,264,334,266,332,267,280,211,289,211,300,213,310,218,301,217,290,216,347,226,357,226,366,228,371,231,364,232,355,230,294,284,311,279,321,279,329,282,336,282,341,285,344,294,336,303,330,304,322,303,313,301,305,297,297,284,312,287,325,290,334,291,341,293,330,291,325,291,318,289,169.35,21.26,84.82,15.29,88.52,16.96,113.57,26.57
352,2026-02-11T17:44:15.997898,251,196,244,224,242,238,243,271,249,286,257,297,276,316,299,327,313,330,325,330,340,323,350,311,355,303,359,291,367,263,370,250,380,225,273,195,283,190,296,190,311,194,327,200,357,207,369,208,378,210,383,214,384,220,339,220,340,228,340,235,341,241,342,248,342,257,340,263,338,266,336,268,334,269,282,213,292,213,303,215,313,220,304,220,293,218,349,228,358,228,367,231,373,233,366,234,356,232,297,287,313,282,323,281,330,284,337,284,342,288,345,296,337,306,331,308,323,307,314,305,307,300,300,287,314,289,327,293,335,294,342,296,331,295,326,294,320,292,167.56,21.47,83.62,15.37,83.87,17.12,108.66,27.15
353,2026-02-11T17:44:16.029708,253,197,245,225,244,239,245,272,250,288,257,299,276,318,298,330,313,333,325,333,340,326,351,313,355,305,360,294,368,265,371,252,381,227,275,196,285,191,298,191,313,195,329,200,358,208,370,209,379,211,384,216,385,222,341,221,341,229,341,236,342,242,343,250,343,258,341,264,339,267,337,269,335,270,283,213,293,213,304,216,314,221,305,221,294,219,351,229,359,229,368,232,374,235,367,236,358,234,297,288,313,283,323,283,331,286,339,286,343,289,346,299,338,309,331,311,323,311,314,308,307,303,300,289,315,291,328,295,336,296,343,298,332,299,327,298,320,296,168.34,21.23,84.11,15.64,82.05,16.47,107.44,26.13
354,2026-02-11T17:44:16.061784,253,198,245,226,243,240,244,273,249,288,257,300,275,319,297,332,312,335,324,336,339,328,350,315,354,307,359,295,368,267,371,254,382,228,275,196,285,192,298,191,314,195,329,201,360,209,372,211,381,213,386,217,387,223,342,223,342,230,342,237,343,243,344,250,343,259,342,265,339,268,337,270,335,271,284,215,294,214,305,217,314,222,305,222,294,221,352,231,360,231,369,233,375,237,368,238,359,235,297,289,313,284,324,283,332,286,339,286,344,290,346,300,338,313,331,315,323,315,314,312,306,306,300,290,314,291,328,294,337,296,343,299,332,304,326,303,319,301,166.61,22.12,83.52,15.05,81.07,15.99,106.41,26.92
355,2026-02-11T17:44:16.085586,253,198,245,226,244,240,244,273,249,288,257,300,275,319,297,333,311,336,324,336,339,328,351,315,355,307,361,295,370,267,374,254,385,229,275,196,285,192,298,191,314,195,330,201,361,210,373,212,382,214,387,218,388,224,342,223,343,231,343,237,343,244,344,251,344,259,342,265,340,268,338,270,336,271,285,215,295,214,306,216,315,222,306,223,295,221,353,232,361,231,370,234,376,237,369,238,360,236,297,290,314,284,324,284,333,287,340,287,345,290,346,300,338,315,331,318,322,318,313,315,305,309,300,291,315,291,329,294,338,296,343,300,332,306,326,306,319,303,167.62,22.08,82.5,15.23,80.32,16.82,105.87,27.11
356,2026-02-11T17:44:16.117330,253,198,245,226,243,240,244,273,249,289,257,300,275,320,296,333,311,337,324,337,339,328,351,315,356,307,361,295,371,267,375,254,385,228,275,197,285,192,298,192,313,196,330,202,361,211,373,212,383,214,388,218,389,224,343,224,343,231,343,238,344,245,344,251,344,259,342,265,340,269,338,270,336,272,286,216,295,215,306,217,316,223,306,223,295,222,353,232,362,232,371,234,376,238,369,239,360,236,297,290,314,285,324,284,333,288,340,288,345,291,346,301,338,315,331,319,322,318,313,315,305,309,300,291,315,292,329,294,338,296,343,300,331,307,326,307,319,304,165.16,22.99,81.9,15.05,79.62,16.13,101.96,26.9
357,2026-02-11T17:44:16.147670,253,198,245,226,243,240,244,274,249,289,256,301,275,320,296,334,311,337,323,337,339,328,351,315,356,307,361,295,371,267,375,254,385,229,275,197,285,192,298,192,314,196,330,202,361,211,374,213,383,214,388,218,389,224,343,224,343,232,343,239,344,245,344,252,344,260,342,266,340,269,338,271,336,272,286,216,295,215,306,217,316,223,306,224,295,222,353,232,362,232,371,235,376,238,369,239,360,237,296,290,314,285,324,284,333,287,340,288,345,291,346,301,338,316,331,319,322,319,312,315,304,309,299,291,315,291,329,294,338,296,343,300,331,307,325,307,318,304,165.1,23.51,82.66,15.16,79.46,16.17,105.29,27.28
358,2026-02-11T17:44:16.182035,253,199,245,227,243,241,243,274,249,289,256,301,275,321,296,334,311,337,323,337,339,329,351,316,356,308,361,296,371,268,374,255,385,230,275,197,285,193,298,192,314,197,330,203,361,211,374,213,383,215,388,219,389,225,343,225,343,232,343,239,344,246,344,253,344,261,342,267,340,270,337,272,336,273,286,217,295,216,306,218,316,224,306,225,295,223,353,233,362,233,371,236,376,239,369,240,360,238,296,290,313,285,324,285,333,288,340,288,345,291,346,301,338,316,331,319,322,319,312,315,304,309,299,291,315,291,329,294,338,296,343,300,331,307,325,307,318,304,164.85,23.52,82.02,15.35,79.1,16.83,103.12,28.13
359,2026-02-11T17:44:16.216101,253,199,244,227,242,241,243,274,248,289,256,301,274,321,296,334,311,337,323,337,339,329,351,316,355,308,361,297,370,268,374,255,384,230,275,198,285,193,298,193,314,197,331,203,362,212,374,214,383,216,388,220,389,225,343,226,343,233,344,240,344,246,345,253,344,261,342,267,340,271,338,272,336,273,286,217,295,216,306,219,316,225,306,225,295,223,353,234,362,234,371,236,376,239,369,241,360,238,296,290,314,285,324,285,333,288,340,288,345,291,346,301,339,316,331,319,323,318,313,315,305,309,299,291,315,291,329,294,338,296,343,300,332,307,326,306,319,304,165.71,23.37,82.77,15.39,80.31,17.49,103.7,27.66
360,2026-02-11T17:44:16.241680,252,199,244,227,242,241,243,274,248,289,256,301,274,321,296,334,311,338,324,338,339,329,351,317,356,308,361,297,370,269,374,255,384,230,275,198,285,194,299,193,314,197,331,203,362,212,374,214,383,216,388,220,389,225,343,226,344,233,344,240,345,246,345,253,345,261,343,267,341,271,338,272,336,273,285,217,295,217,306,219,316,225,306,225,295,223,353,234,362,234,371,236,376,239,369,241,360,238,296,290,314,285,325,285,333,288,341,288,346,291,347,301,339,316,332,319,323,319,313,315,305,309,299,291,315,291,330,294,339,296,344,300,333,307,327,307,319,304,161.96,24.63,82.57,15.57,80.68,18.15,103.58,27.92
361,2026-02-11T17:44:16.272921,252,199,243,227,240,241,241,274,248,290,256,301,274,321,297,334,311,338,324,338,339,329,351,317,355,309,361,298,370,269,373,256,384,230,275,198,285,193,299,193,315,197,331,203,362,212,374,214,383,216,388,220,388,226,343,225,344,233,344,240,345,246,345,253,345,261,343,267,341,270,339,272,336,273,285,217,295,217,306,219,316,224,306,225,295,223,353,233,361,234,370,236,376,239,369,241,360,238,296,290,315,285,326,285,334,288,341,288,346,291,347,301,340,317,333,319,324,319,314,316,306,310,299,291,316,291,330,294,339,296,344,301,333,308,328,307,320,305,162.21,24.46,80.62,15.44,81.16,20.72,101.47,28.9
362,2026-02-11T17:44:16.307599,251,199,241,227,238,241,239,274,246,290,254,302,274,321,297,334,312,338,324,338,339,329,350,317,355,309,360,297,370,269,373,256,383,230,274,198,285,193,298,193,314,197,330,203,361,212,374,213,383,216,387,220,388,225,343,225,343,232,344,239,345,246,345,253,345,261,343,267,341,270,338,272,336,273,285,217,295,216,306,219,315,224,306,224,294,223,352,233,361,233,370,236,375,239,368,240,359,238,297,291,315,285,326,285,334,288,341,288,346,291,347,301,340,317,333,319,325,319,315,316,306,310,300,291,316,291,330,294,339,296,344,301,333,308,328,307,321,305,162.3,24.38,80.59,15.6,82.42,21.43,101.9,33.43
363,2026-02-11T17:44:16.342314,249,199,239,227,237,241,237,275,244,290,253,302,274,321,297,334,311,338,324,338,339,330,350,318,355,310,360,298,369,269,373,256,383,230,274,198,284,193,297,193,313,197,330,203,361,212,373,213,382,215,387,219,388,225,343,225,343,232,343,239,344,246,345,253,345,261,343,267,340,270,338,272,336,273,285,217,294,216,305,218,315,224,305,224,294,223,352,233,361,233,369,235,375,239,368,240,359,238,297,291,314,285,325,285,333,288,341,288,345,291,346,302,339,317,333,319,324,319,314,316,306,310,300,292,316,291,330,294,338,296,344,301,333,308,327,307,320,305,164.27,23.12,80.86,15.58,83.76,24.77,105.52,33.34
364,2026-02-11T17:44:16.368335,249,199,239,227,236,241,237,275,243,291,252,303,274,322,297,336,311,339,324,339,338,330,349,318,354,310,359,298,368,269,371,256,382,230,273,198,283,194,297,193,313,197,330,203,361,212,373,214,382,216,386,220,387,225,342,225,343,233,343,240,344,247,344,254,344,262,342,268,340,272,338,273,336,275,284,217,294,216,305,218,315,224,305,224,294,223,351,233,360,233,369,235,373,239,367,240,358,238,296,293,314,287,325,287,333,290,340,290,345,293,346,303,339,317,332,320,323,320,314,317,305,311,300,294,315,294,329,297,338,298,343,303,332,308,327,307,320,305,150.16,34.4,79.43,15.37,80.94,19.82,113.53,36.76
365,2026-02-11T17:44:16.399324,248,199,239,228,236,242,236,276,242,291,251,304,272,323,295,336,310,339,322,339,336,331,348,318,352,310,358,298,366,269,368,255,379,229,273,199,283,194,297,194,313,198,329,204,359,212,371,214,380,216,384,220,384,226,341,226,342,234,342,241,343,248,344,256,344,264,342,270,339,274,337,275,335,276,282,217,292,216,303,218,314,225,304,225,293,223,349,234,359,233,367,235,372,239,365,241,356,238,296,294,313,289,323,289,331,292,338,292,343,295,345,304,338,317,331,320,322,320,313,317,305,311,300,295,314,296,327,300,336,301,342,304,332,307,326,307,320,305,147.67,35.21,81.55,16.21,84.08,21.29,115.07,32.16
366,2026-02-11T17:44:16.433499,246,200,237,229,234,244,234,277,241,293,250,305,271,324,294,338,308,340,320,340,335,332,347,318,352,310,357,298,364,269,367,255,377,229,270,200,281,195,294,195,310,199,326,204,357,213,369,215,378,216,382,220,382,226,339,226,339,234,340,242,341,249,342,257,342,265,340,271,337,274,335,276,333,277,280,218,289,217,301,218,311,225,302,226,290,224,347,234,357,233,366,235,370,239,363,241,354,239,294,295,310,290,320,290,329,293,337,293,341,296,344,306,336,318,329,321,321,320,311,317,303,312,297,296,311,298,325,302,334,303,341,305,330,307,325,307,318,305,145.43,36.94,79.76,15.24,82.31,19.41,112.77,30.74
367,2026-02-11T17:44:16.461764,243,200,234,229,232,244,232,277,238,293,247,305,269,325,292,338,306,341,319,340,334,332,345,318,350,310,355,298,363,268,365,255,376,229,268,201,278,196,292,196,308,199,325,205,355,213,368,215,376,217,381,220,381,226,337,227,338,235,338,243,339,251,340,259,340,268,338,274,335,277,333,278,331,279,277,218,287,217,299,219,309,225,300,225,288,224,346,234,355,233,364,236,369,239,362,241,353,238,290,297,307,292,318,291,327,295,334,295,339,298,342,306,334,318,327,321,319,320,309,318,301,312,294,297,309,300,323,303,332,304,339,306,328,307,322,307,315,305,146.53,36.41,78.02,15.12,82.56,21.09,107.51,29.55
368,2026-02-11T17:44:16.495740,242,201,233,230,231,245,232,278,238,294,246,306,267,326,290,339,305,341,317,341,332,332,344,319,349,310,353,298,361,268,363,255,374,229,265,202,276,197,289,196,305,200,322,205,353,213,365,215,374,217,378,221,379,226,334,227,335,236,335,244,336,251,337,259,337,268,335,274,333,277,330,279,328,280,275,219,285,218,296,219,306,226,297,226,286,225,343,235,353,233,362,236,366,239,359,241,350,238,289,298,305,292,316,292,324,295,332,295,337,298,340,307,332,318,325,321,316,321,307,318,299,313,292,298,306,301,320,304,330,305,338,306,326,307,320,307,313,305,150.09,33.59,77.1,14.7,83.36,18.41,107.78,29.08
369,2026-02-11T17:44:16.523614,239,203,231,231,229,246,230,279,237,295,245,307,266,327,289,340,303,342,316,342,331,332,342,318,347,310,352,297,359,268,362,254,372,228,262,203,272,198,286,198,301,201,318,206,350,214,363,215,372,217,376,221,377,226,332,228,332,237,333,245,334,252,335,260,335,269,333,275,331,278,328,280,326,281,272,220,282,219,293,221,304,227,294,227,283,226,341,235,350,233,360,236,364,239,357,241,348,239,287,299,303,294,314,293,323,297,330,296,335,299,339,307,330,319,323,321,315,321,305,319,297,314,290,300,305,302,319,306,328,306,336,307,324,307,319,307,311,305,143.31,36.2,75.94,14.57,80.3,18.06,105.7,28.63
370,2026-02-11T17:44:16.558058,237,204,229,232,227,246,229,280,235,295,244,307,264,327,287,340,302,343,314,342,329,333,341,318,345,310,350,297,358,267,360,254,370,228,259,203,269,199,282,198,298,202,315,207,348,215,361,216,370,217,375,221,375,226,329,229,330,237,330,245,331,253,332,261,332,270,330,276,328,279,326,280,324,281,268,222,278,220,290,222,301,228,291,228,279,228,339,236,349,235,358,237,363,240,356,242,346,240,286,301,302,296,312,295,320,298,328,298,333,301,336,309,328,320,322,322,313,322,304,320,296,315,289,302,303,304,317,307,326,308,334,308,322,308,317,308,310,306,148.45,34.14,73.66,14.43,81.8,18.03,103.36,29.34
371,2026-02-11T17:44:16.586648,235,205,227,233,225,247,227,281,234,296,242,308,262,328,285,341,300,343,312,343,327,333,339,319,344,310,348,297,356,268,359,254,368,228,256,204,266,199,279,199,295,202,312,207,344,215,358,216,367,217,372,221,373,226,326,229,326,238,327,246,328,253,329,261,329,269,327,276,325,279,323,280,321,281,266,222,275,221,287,222,298,228,288,229,276,228,337,236,346,235,356,237,360,241,353,243,344,240,285,302,300,297,310,296,318,299,325,298,330,301,333,309,326,320,319,323,311,323,302,321,294,316,288,303,301,305,314,308,323,308,331,309,319,309,314,309,307,307,151.32,32.77,73.33,13.97,82.61,17.45,106.48,26.46
372,2026-02-11T17:44:16.622156,233,205,225,234,223,248,225,281,231,296,240,308,259,328,282,341,297,343,310,343,325,334,337,319,342,310,347,297,355,268,357,254,367,228,253,204,263,200,276,199,292,202,309,207,342,215,355,216,365,217,370,221,371,226,323,229,323,238,324,245,324,253,325,260,325,269,324,275,322,279,320,280,318,281,263,222,272,221,284,223,294,228,285,229,274,228,334,236,344,235,354,237,358,241,351,242,341,240,282,303,297,297,307,296,315,299,323,298,328,301,331,309,324,321,317,324,308,323,299,321,291,316,285,303,299,305,312,308,321,308,329,309,317,310,312,309,305,308,159.14,26.85,71.77,13.91,79.82,16.67,103.09,26.34
373,2026-02-11T17:44:16.654555,230,205,223,233,222,248,223,281,230,296,238,308,258,328,280,341,295,344,307,343,323,334,335,319,340,310,346,297,353,267,356,253,365,227,251,204,261,199,274,198,290,202,307,207,339,215,352,215,362,217,367,220,368,225,320,229,321,237,321,245,322,253,323,260,323,269,321,275,319,278,317,280,315,281,261,222,271,221,282,223,293,228,284,229,272,228,332,236,341,235,351,237,356,240,348,242,339,240,279,303,294,297,304,296,313,299,320,298,326,301,329,309,322,322,314,325,306,325,296,322,288,317,282,303,296,305,309,308,319,308,326,309,314,311,309,311,302,309,160.91,25.8,71.24,13.97,78.8,17.0,100.14,25.35
374,2026-02-11T17:44:16.681421,229,205,222,233,220,247,221,281,228,296,236,308,255,328,277,342,292,345,305,344,321,334,333,319,338,310,344,297,352,267,355,253,364,227,249,204,259,199,272,198,288,202,305,207,337,215,351,215,361,216,366,220,367,225,319,229,319,237,319,245,320,252,321,260,320,269,319,275,317,278,315,280,313,281,260,222,269,221,280,223,291,228,282,229,271,228,330,236,340,235,349,237,354,240,347,242,337,240,276,303,292,296,302,295,311,298,319,297,324,300,326,310,319,324,312,327,303,328,292,325,284,320,280,303,294,304,307,307,317,308,323,309,312,315,306,315,298,313,163.94,24.3,71.24,14.0,80.1,16.21,100.32,25.77
375,2026-02-11T17:44:16.717763,227,205,220,233,219,248,220,282,227,298,235,310,254,329,276,343,291,346,304,346,320,336,332,320,337,311,342,298,350,267,353,253,363,227,248,204,258,199,271,198,287,202,304,207,336,214,350,215,359,216,365,220,366,225,317,229,317,238,318,245,318,252,319,260,319,269,317,275,315,278,314,279,312,281,258,222,268,221,279,223,289,229,280,229,269,228,329,236,338,235,348,237,353,240,346,242,336,240,274,303,291,296,301,295,310,298,318,297,323,300,326,309,318,325,311,329,302,330,291,327,283,321,277,303,292,303,307,306,316,307,323,309,311,317,305,317,297,315,167.26,22.91,71.32,13.64,79.48,15.58,99.22,25.11
376,2026-02-11T17:44:16.743717,226,206,219,234,218,249,220,283,226,299,234,311,253,330,276,344,292,347,305,347,321,337,333,322,337,312,343,299,351,268,353,254,363,227,247,204,256,199,270,198,285,202,302,207,335,214,349,215,359,216,364,220,366,225,316,229,317,237,317,245,317,252,318,260,318,269,316,275,315,278,313,279,311,280,257,222,266,221,278,223,289,229,279,229,268,228,328,236,338,235,347,237,353,240,345,242,336,240,273,303,290,296,300,295,309,298,317,297,323,300,326,309,318,326,311,329,301,330,291,327,282,321,276,303,292,303,306,306,316,307,323,309,310,317,304,317,296,315,168.78,22.08,70.97,13.68,78.72,15.55,97.7,25.62
377,2026-02-11T17:44:16.774799,225,206,219,234,218,249,220,283,226,299,233,311,252,331,275,345,291,348,304,348,321,337,333,322,338,312,343,299,351,268,354,254,363,227,246,204,255,199,269,198,284,202,302,207,335,214,348,214,358,216,364,219,366,225,316,229,316,237,316,245,317,252,317,259,317,268,316,274,314,277,312,279,311,280,256,222,265,221,277,223,288,229,278,229,267,228,328,236,338,235,347,237,353,240,345,242,335,240,271,302,288,296,299,295,308,298,316,297,322,300,325,309,317,326,309,330,300,330,289,328,280,322,275,303,290,303,305,305,315,306,322,309,309,318,302,318,294,316,168.58,22.19,72.32,13.95,80.02,15.26,96.12,25.08
378,2026-02-11T17:44:16.811536,224,205,218,234,217,249,219,283,225,298,233,311,252,331,274,346,290,349,304,348,320,337,333,322,338,312,343,299,352,268,355,254,364,227,245,204,254,199,267,197,283,201,301,206,335,213,349,213,359,214,365,218,366,223,315,228,316,236,316,243,316,250,317,257,317,266,315,272,314,275,312,277,310,278,256,222,265,222,276,223,288,229,278,229,266,228,328,236,337,234,347,236,353,240,345,242,336,239,271,302,288,295,299,294,308,296,316,296,321,299,324,309,316,326,309,330,299,331,288,328,279,322,275,303,290,302,305,305,315,306,321,309,308,317,302,317,294,316,170.08,21.76,72.7,14.05,82.33,15.85,97.63,26.88
379,2026-02-11T17:44:16.837045,224,205,217,234,216,249,219,283,226,299,233,311,252,331,274,346,290,349,304,348,320,337,332,321,338,312,343,299,352,268,355,254,364,226,244,203,253,198,266,196,282,199,300,204,334,211,348,211,358,212,364,216,366,222,314,226,315,234,315,242,316,248,316,255,316,263,315,269,313,273,312,275,310,276,255,222,265,221,276,223,287,228,277,229,266,228,327,234,337,233,347,235,353,238,345,240,335,238,271,302,288,294,299,292,309,295,317,294,322,297,324,308,317,326,309,330,299,331,288,328,279,322,274,302,290,301,305,303,315,304,321,308,309,317,302,317,294,315,170.47,22.16,73.92,15.49,82.31,15.81,92.86,26.79
380,2026-02-11T17:44:16.874534,222,205,217,234,216,249,219,283,226,299,233,311,251,331,274,346,290,349,303,348,320,337,332,321,337,311,343,298,352,268,355,253,364,225,243,203,252,197,265,195,281,198,299,203,333,209,347,209,358,211,364,215,365,221,314,225,314,233,315,240,316,246,316,253,316,261,315,267,313,271,312,273,310,275,255,222,264,221,276,222,287,227,277,227,265,227,327,233,337,232,346,234,352,237,345,238,335,236,271,301,288,291,300,289,309,292,317,291,323,294,325,307,317,325,310,330,300,330,289,328,280,321,275,302,291,299,306,300,316,301,321,307,309,317,302,317,294,315,168.63,22.64,74.06,14.91,81.78,15.3,96.12,28.11
381,2026-02-11T17:44:16.899657,222,205,216,234,216,248,219,283,226,299,233,311,251,331,273,346,289,349,303,348,320,337,332,321,337,311,343,298,353,268,355,253,364,225,243,203,252,197,265,195,281,198,299,203,333,209,347,209,357,211,364,215,365,221,314,225,314,233,315,239,315,246,316,253,316,261,315,267,313,271,311,273,310,275,254,221,264,221,276,222,286,226,277,227,265,226,327,233,337,232,346,234,352,237,345,238,335,236,271,300,288,291,299,289,309,292,317,291,323,294,324,306,317,325,309,329,299,330,288,327,279,321,274,301,290,299,305,300,315,301,321,306,308,316,302,316,294,315,170.16,22.22,73.25,13.9,81.34,15.18,96.28,27.38
382,2026-02-11T17:44:16.936322,222,205,216,234,216,249,219,283,225,299,233,311,251,331,274,346,289,349,303,348,320,336,332,321,337,311,343,298,353,268,356,253,364,225,242,203,251,197,264,195,281,198,298,203,332,209,346,209,357,211,363,215,365,221,313,225,314,233,314,240,315,246,316,253,316,262,314,268,313,272,311,273,310,275,254,221,263,220,275,222,286,226,276,227,264,226,327,233,337,231,346,233,352,236,345,238,335,236,270,300,288,291,299,290,308,292,316,292,322,295,324,306,317,325,309,329,299,330,288,327,279,321,274,301,290,299,305,300,315,301,321,306,308,316,302,316,294,315,169.08,22.59,73.15,13.6,82.23,15.08,101.14,28.31
383,2026-02-11T17:44:16.962444,222,206,216,234,216,249,219,284,225,299,233,312,251,331,274,345,290,348,303,348,320,336,332,321,337,311,343,298,353,268,356,254,363,226,242,203,251,197,264,195,281,198,298,203,332,209,346,210,357,211,363,215,365,221,313,225,314,233,314,240,315,247,315,254,315,262,314,268,312,272,311,274,309,275,254,221,263,221,275,222,285,227,276,227,264,226,327,233,336,231,346,233,352,237,345,238,335,236,270,300,287,291,299,290,308,292,316,292,322,295,324,305,317,324,309,329,299,329,288,326,279,321,274,300,290,299,305,300,315,301,321,305,308,315,302,316,294,314,168.76,22.65,73.91,13.72,81.65,14.61,106.83,26.77
384,2026-02-11T17:44:16.991859,222,206,216,235,216,249,219,284,226,300,233,312,252,331,274,345,290,348,303,347,320,336,332,321,338,311,343,298,353,268,356,254,363,226,242,203,251,198,264,195,280,198,298,203,332,209,346,210,356,211,363,215,365,221,313,225,313,233,314,240,315,247,315,254,315,262,314,268,312,272,311,274,309,275,254,222,263,221,275,222,285,227,276,227,264,226,327,233,336,231,346,233,352,237,344,239,334,236,270,299,287,291,299,290,308,292,316,292,322,295,325,305,317,323,309,328,299,328,288,326,280,320,273,300,290,298,305,300,315,301,322,305,308,315,302,315,294,313,167.33,22.51,73.5,14.23,80.14,14.97,106.26,26.77
385,2026-02-11T17:44:17.026597,221,206,216,234,215,249,219,284,226,299,233,312,252,331,274,345,290,348,304,347,320,336,333,321,338,311,344,298,353,268,356,254,363,226,242,203,251,198,264,196,280,198,298,203,332,210,346,210,356,211,363,215,365,221,313,225,313,233,314,240,314,247,315,254,315,262,314,269,312,272,311,274,309,275,254,222,263,221,274,222,285,227,276,227,264,226,327,233,336,231,346,233,352,237,344,239,334,236,269,299,287,291,298,290,308,293,316,292,322,295,325,304,316,322,309,326,299,327,288,324,279,319,273,299,289,298,305,300,315,300,322,304,308,314,302,314,294,313,170.28,21.92,73.16,14.22,80.52,15.31,104.8,27.0
386,2026-02-11T17:44:17.055796,221,206,216,234,215,249,219,284,226,299,233,311,252,331,275,345,290,347,304,347,320,336,333,321,338,311,343,298,353,268,355,254,363,226,242,203,251,198,264,196,280,198,298,203,332,210,346,210,356,211,362,215,364,221,313,225,313,233,314,240,314,247,315,254,315,263,314,269,312,272,311,274,309,276,254,222,263,220,275,222,285,227,276,227,264,226,326,233,336,231,346,233,352,237,344,239,334,236,269,298,287,291,298,290,307,293,316,292,321,295,325,304,316,321,309,325,299,325,289,323,280,317,273,299,289,298,305,300,315,300,322,304,308,313,302,313,294,311,170.99,22.09,73.89,14.29,81.32,15.66,104.92,27.04
387,2026-02-11T17:44:17.090045,222,206,216,235,216,250,219,284,226,299,233,311,252,331,275,344,290,347,304,346,320,336,332,321,338,311,343,298,352,268,355,254,362,226,242,203,251,198,264,196,280,198,298,203,331,210,345,210,356,212,362,215,364,221,313,225,313,233,314,240,314,247,315,254,315,263,314,269,312,272,310,274,309,276,254,222,263,220,275,222,286,227,276,228,264,227,326,233,336,231,346,233,352,237,344,239,334,237,270,298,287,291,298,290,307,293,315,292,321,295,325,304,316,320,309,324,300,324,289,322,280,317,273,299,289,298,304,300,315,300,321,304,308,312,302,312,294,310,169.36,22.2,73.69,14.45,80.33,15.58,103.47,26.3
388,2026-02-11T17:44:17.118674,222,206,216,235,216,250,219,284,226,299,234,311,252,331,275,343,290,346,304,345,320,335,333,320,338,311,343,298,352,268,355,254,362,226,242,204,251,198,264,196,280,198,298,203,331,210,345,210,356,212,362,215,364,221,313,226,313,234,313,241,314,247,315,254,315,263,313,269,312,272,310,274,309,276,254,222,263,221,275,222,285,227,276,228,264,227,326,234,336,232,345,234,351,237,344,239,334,237,270,298,287,291,298,290,307,293,315,292,321,295,325,304,316,320,309,324,300,324,289,322,280,316,273,298,289,298,304,300,314,300,322,304,308,311,302,311,294,310,169.27,22.09,72.44,14.13,79.56,15.22,104.04,25.93
389,2026-02-11T17:44:17.152820,222,206,216,235,216,250,219,284,226,299,234,311,253,330,275,343,290,345,304,345,320,335,333,320,338,311,343,298,352,268,354,254,362,226,242,204,251,198,264,196,280,199,298,204,331,210,345,210,356,212,362,215,364,221,313,226,313,234,313,241,314,248,314,255,314,263,313,269,312,273,310,274,309,276,254,222,263,221,275,222,285,227,276,228,264,227,326,234,335,232,345,234,351,237,344,239,334,237,270,298,287,291,298,290,307,293,315,292,320,295,324,304,316,320,309,323,300,323,289,321,280,316,273,298,289,298,304,300,314,301,321,304,308,311,302,311,294,309,169.48,22.11,72.63,14.3,80.9,16.2,106.1,28.13
390,2026-02-11T17:44:17.183851,222,206,217,235,216,250,220,284,226,299,234,311,253,330,275,342,290,344,304,344,320,334,333,320,338,311,343,298,352,268,354,254,362,226,242,204,251,198,264,196,280,199,298,204,331,210,346,211,356,212,362,215,364,221,313,226,313,234,313,241,314,248,314,255,314,263,313,269,311,273,310,275,308,276,254,222,263,221,275,222,286,228,276,228,264,227,326,234,335,233,345,234,351,237,344,239,334,237,270,297,287,291,298,290,307,293,315,292,320,295,324,304,316,319,309,322,300,322,289,320,281,315,273,298,289,298,304,300,314,301,321,304,308,309,302,309,294,308,169.07,22.03,72.84,14.86,79.42,16.01,104.01,27.58
391,2026-02-11T17:44:17.220539,223,206,217,235,216,250,220,284,226,299,234,311,253,329,275,342,291,344,304,343,320,334,333,320,338,310,343,298,352,267,355,253,362,226,242,204,251,198,264,196,280,199,297,204,331,210,346,210,356,212,362,215,364,221,313,226,313,234,313,241,314,248,314,255,314,263,313,269,311,273,310,275,308,276,254,222,263,221,275,222,286,228,276,228,264,227,326,234,335,233,345,234,351,237,344,239,334,237,270,297,287,291,298,290,307,293,315,292,320,295,325,304,316,318,309,321,300,322,289,319,281,314,274,298,289,298,304,300,314,300,322,303,308,309,302,309,294,307,168.98,22.11,72.13,15.32,79.29,15.86,98.41,27.61
392,2026-02-11T17:44:17.245745,223,206,217,235,216,250,220,283,226,298,234,310,253,329,275,341,291,344,304,343,320,334,333,319,338,310,343,298,352,267,355,253,362,226,242,203,251,198,264,196,280,199,298,204,332,210,346,210,356,212,362,215,364,221,313,226,313,234,313,241,314,248,314,255,314,263,313,269,311,273,310,275,308,276,254,222,264,221,275,222,286,227,276,228,264,227,326,234,335,233,345,234,351,237,344,239,334,237,270,297,287,291,298,290,307,292,315,292,320,294,325,303,317,318,309,321,300,322,290,319,281,314,274,297,290,298,304,300,314,300,322,303,309,309,302,309,294,307,168.93,22.13,73.06,15.81,79.32,15.65,98.12,26.99
393,2026-02-11T17:44:17.275819,224,206,218,234,217,249,220,283,226,298,234,310,254,328,276,341,291,343,304,343,320,333,333,319,338,310,344,297,352,267,355,253,362,225,242,203,251,198,264,196,280,199,298,204,332,210,346,210,356,211,362,215,364,221,313,226,313,234,313,241,314,248,314,255,314,263,313,269,311,273,310,274,308,276,254,222,264,221,275,222,286,227,276,228,264,227,326,233,335,232,345,234,351,237,344,239,334,237,270,296,287,291,298,289,307,292,315,291,321,294,325,303,317,318,309,321,300,321,290,319,281,313,274,297,290,297,304,299,314,300,322,303,309,308,303,308,295,306,168.93,22.13,72.91,15.77,78.92,15.45,99.43,27.94
394,2026-02-11T17:44:17.317555,224,206,218,234,217,249,221,283,227,297,235,309,254,328,276,340,291,343,304,342,321,333,333,319,338,309,344,297,352,267,355,253,362,225,242,203,252,198,264,196,280,199,298,203,331,210,346,210,356,211,362,215,364,221,313,226,313,234,313,241,314,247,314,254,314,263,313,269,311,272,310,274,308,275,254,222,264,221,275,222,286,227,276,227,264,226,326,233,335,232,345,234,351,237,344,238,334,236,271,296,288,290,298,289,307,292,315,291,321,294,325,303,317,317,309,321,300,321,290,318,281,313,274,297,290,297,304,299,314,300,322,303,309,308,303,308,295,306,168.41,22.15,72.26,15.67,78.64,15.44,99.15,27.51
395,2026-02-11T17:44:17.378872,225,205,219,234,218,249,221,282,228,297,235,309,255,327,277,339,291,342,304,342,321,333,333,318,338,309,344,297,352,267,355,253,362,225,243,203,252,198,264,196,280,199,298,203,331,209,346,210,356,211,362,215,364,221,312,225,313,233,313,240,314,247,314,254,314,262,313,268,311,272,310,273,308,275,254,221,264,220,275,221,286,226,276,227,264,226,326,233,335,232,345,234,351,237,343,238,334,236,272,296,288,290,298,289,307,291,315,291,320,294,325,303,317,317,309,320,300,320,290,318,281,313,275,296,290,296,304,298,314,299,322,302,309,307,303,307,295,305,168.99,22.12,72.5,15.06,78.45,15.56,99.45,27.46
396,2026-02-11T17:44:17.401895,225,205,220,234,219,249,222,282,228,297,236,308,255,326,277,339,291,341,304,341,321,332,333,318,339,309,344,297,352,267,355,253,362,225,243,203,252,198,264,196,280,198,297,203,331,209,345,209,356,211,362,215,364,221,312,225,312,233,313,240,313,246,313,253,313,262,312,268,311,271,309,273,308,274,255,221,264,220,275,221,286,226,276,227,265,226,326,233,335,231,345,233,351,236,343,238,333,236,272,295,287,289,297,288,306,291,314,290,320,293,324,303,316,316,309,320,300,320,290,317,281,312,275,296,290,296,304,298,314,299,321,302,308,307,302,306,295,305,169.52,21.9,71.7,15.12,79.31,15.51,100.27,27.53
397,2026-02-11T17:44:17.440971,225,205,220,233,219,248,222,281,228,296,236,307,255,325,276,338,291,341,304,340,321,332,334,318,339,309,344,297,353,267,355,253,362,225,243,202,252,197,264,195,280,198,297,202,330,208,345,209,355,210,362,214,364,220,312,224,312,232,312,239,312,245,312,252,312,260,311,266,309,270,308,272,307,273,255,221,264,219,275,221,285,226,276,226,265,225,325,232,335,231,344,233,351,236,343,237,333,235,271,294,286,288,296,287,305,289,313,289,319,292,324,302,315,315,308,319,299,319,289,316,281,311,275,295,289,295,303,297,313,298,320,302,307,306,301,305,294,304,171.02,21.55,72.84,15.52,80.86,16.28,99.85,27.43
398,2026-02-11T17:44:17.465729,225,203,220,231,219,246,222,279,228,294,236,305,254,324,276,337,290,340,304,340,320,331,334,317,339,309,344,296,352,266,355,252,362,225,243,201,252,196,265,195,280,197,297,202,330,208,344,208,355,210,361,214,363,220,311,223,312,231,312,238,312,244,312,251,312,259,311,266,309,269,308,271,307,272,255,219,264,218,275,220,285,224,276,225,265,224,325,232,335,230,344,232,350,235,343,237,333,235,271,293,286,287,296,286,305,289,313,289,319,292,323,301,315,315,308,318,298,318,288,315,280,310,274,294,289,294,302,296,312,298,320,301,307,305,301,305,294,303,169.89,21.93,72.64,14.46,80.69,15.29,97.6,26.03
399,2026-02-11T17:44:17.494239,225,202,220,231,219,245,222,278,228,293,236,304,254,323,275,336,290,339,303,339,320,330,333,317,339,308,344,296,352,266,355,252,362,224,243,200,252,195,264,194,280,196,296,201,329,207,344,207,355,209,361,213,363,219,311,223,311,230,311,237,311,244,311,250,311,259,310,265,308,268,307,270,306,272,255,218,264,217,275,219,285,224,275,224,264,223,325,231,334,229,344,231,350,235,342,236,333,234,270,292,285,286,295,285,304,288,312,288,318,291,323,300,315,315,307,318,298,318,288,315,279,309,273,292,288,293,301,295,312,297,320,300,306,305,300,304,293,302,169.17,22.64,72.78,14.35,80.46,14.91,100.58,26.67
400,2026-02-11T17:44:17.529616,225,202,220,230,219,245,222,278,228,292,235,304,252,322,274,336,289,339,302,339,319,330,333,316,338,307,344,295,352,265,354,251,362,224,243,200,251,195,263,193,278,196,295,200,328,206,343,207,354,208,360,213,362,219,310,222,310,230,310,237,310,243,310,250,310,258,309,264,307,268,306,269,305,271,254,218,263,217,274,218,284,224,275,224,264,223,324,230,334,229,343,231,349,234,341,236,332,234,269,291,284,285,294,285,303,287,311,287,317,290,322,300,314,314,306,317,297,317,287,314,278,308,273,292,287,292,301,295,311,296,319,300,306,304,300,304,292,301,170.15,22.25,73.33,14.71,82.27,14.75,103.75,27.7
401,2026-02-11T17:44:17.555332,225,202,219,230,218,245,221,278,227,292,234,303,252,322,273,335,288,338,301,338,319,329,332,316,338,307,343,295,351,265,354,251,361,224,242,200,250,195,262,193,278,195,294,200,327,206,342,207,353,208,359,213,362,219,309,222,309,230,309,236,309,243,309,249,309,258,307,264,306,267,305,269,304,271,253,218,262,217,273,218,283,223,274,224,263,223,323,230,333,229,342,231,348,234,340,236,331,234,268,291,283,285,293,284,302,287,310,287,316,290,321,300,313,313,305,316,296,316,286,313,278,307,272,291,286,292,299,295,310,296,318,299,305,303,298,302,291,300,168.09,23.15,73.92,14.13,82.23,14.59,105.01,26.7
402,2026-02-11T17:44:17.592143,224,201,219,229,218,243,220,276,226,291,233,302,251,321,272,334,287,337,300,337,318,328,331,315,337,306,342,294,350,264,353,251,360,223,241,199,249,194,261,192,276,195,293,200,326,205,341,206,352,208,359,212,361,218,307,221,307,229,307,236,308,242,308,249,307,257,306,263,305,267,303,269,302,270,252,217,261,216,272,217,282,222,273,223,262,222,322,229,332,228,341,230,348,234,340,235,330,233,267,289,282,285,292,284,301,287,308,287,314,290,320,298,311,310,304,312,295,312,285,309,277,304,271,290,285,291,298,294,308,295,317,298,303,300,297,300,290,298,168.31,22.75,73.41,13.91,81.8,14.43,104.63,26.93
403,2026-02-11T17:44:17.617737,224,200,218,228,217,242,220,275,225,290,232,301,250,320,271,333,286,336,299,336,317,328,331,314,337,305,342,293,350,264,353,250,359,222,241,198,249,193,261,192,276,194,292,199,325,205,339,205,351,207,357,211,360,217,306,220,306,228,306,235,306,241,306,248,306,256,304,263,303,266,302,268,301,269,250,216,260,216,271,217,281,221,272,221,261,220,321,228,330,227,340,230,347,233,339,234,329,232,266,289,281,284,290,283,298,286,306,286,312,289,318,297,309,308,302,310,293,310,284,308,276,303,269,289,283,291,296,293,306,294,315,297,301,297,296,297,289,295,171.7,22.61,74.16,13.5,85.94,15.96,101.64,27.42
404,2026-02-11T17:44:17.655170,223,198,218,226,217,240,219,273,225,287,231,299,249,317,270,330,285,333,298,334,316,326,330,313,336,305,341,293,350,263,352,249,359,222,241,197,249,192,261,191,276,193,293,197,325,203,339,204,350,207,357,211,359,217,306,218,306,226,306,232,306,239,306,246,306,254,304,260,303,264,302,265,300,267,251,212,260,212,271,214,281,218,272,218,261,217,320,226,330,226,340,228,347,232,338,233,328,230,266,285,281,281,290,281,298,284,305,284,311,287,316,294,308,304,301,306,293,306,284,303,276,299,269,286,283,287,296,290,305,291,314,294,300,294,295,294,288,292,170.47,22.36,76.85,13.48,86.49,16.01,100.44,24.23
405,2026-02-11T17:44:17.681230,223,197,218,225,217,240,219,272,224,287,231,298,249,316,270,329,284,332,298,332,315,324,330,312,336,303,341,292,350,262,352,248,359,220,241,195,249,190,261,188,276,191,292,195,325,201,339,202,350,204,357,208,359,214,306,216,306,223,306,230,306,236,306,243,305,251,304,257,303,261,301,262,300,264,251,212,260,211,271,212,281,217,272,217,261,216,320,225,330,224,340,226,346,230,338,231,328,228,266,282,280,278,289,277,297,280,305,280,310,283,316,291,307,300,300,302,292,302,283,299,276,295,269,283,283,284,295,287,305,288,313,291,300,290,294,290,288,288,169.51,22.3,76.39,13.77,85.31,15.16,99.73,26.19
406,2026-02-11T17:44:17.716291,223,195,218,224,217,239,219,272,224,286,231,297,249,315,270,327,285,330,298,330,316,323,330,311,336,303,341,291,349,261,352,247,359,219,241,193,249,188,261,186,276,189,293,193,325,199,339,201,350,203,357,207,359,213,307,214,307,222,307,228,307,234,307,241,306,249,305,255,303,259,302,260,301,262,251,211,260,210,272,212,282,215,272,216,261,215,321,223,330,223,340,225,346,228,338,229,328,227,266,281,281,276,290,276,298,279,305,279,311,282,316,290,307,299,300,300,292,300,284,297,276,293,270,281,283,282,296,286,305,287,314,289,300,288,295,288,288,286,170.57,21.95,78.54,14.47,86.06,15.38,104.4,26.7
407,2026-02-11T17:44:17.743160,223,196,218,224,217,239,218,272,224,286,231,297,249,314,271,326,285,329,298,330,316,323,330,311,336,303,341,292,349,262,352,248,359,220,241,192,249,187,261,186,276,188,293,192,325,199,340,200,350,202,357,207,359,214,307,214,307,220,307,227,307,233,307,239,306,247,305,253,304,257,302,259,301,260,251,210,260,210,272,211,282,215,273,215,261,214,321,223,330,223,340,225,346,228,338,229,329,226,266,280,281,275,290,274,298,277,306,277,311,280,317,289,308,298,301,300,293,299,284,297,277,293,270,280,283,282,296,284,306,286,314,288,301,287,295,287,288,285,172.01,21.87,81.45,14.59,87.28,15.42,109.03,26.15
408,2026-02-11T17:44:17.773811,223,196,218,225,217,239,218,272,223,286,231,297,249,314,271,326,285,329,299,330,316,322,330,311,336,303,341,292,349,262,351,248,358,220,241,192,250,187,262,185,277,187,293,192,326,198,340,199,351,202,357,207,359,213,307,213,307,220,307,226,308,232,308,239,307,246,306,253,305,256,303,258,302,260,251,210,261,210,272,211,282,215,273,215,261,214,321,223,330,222,340,224,346,228,339,229,329,226,267,279,281,274,291,273,299,276,306,276,312,279,317,289,308,298,301,300,293,300,285,297,277,293,270,280,284,281,296,283,306,285,314,288,301,288,296,287,289,285,171.04,21.8,81.03,14.63,86.96,14.94,105.85,26.86
409,2026-02-11T17:44:17.807237,224,196,218,224,217,239,218,272,224,286,231,296,249,314,271,326,285,329,299,329,316,322,330,310,336,303,341,291,349,262,351,248,358,220,242,191,250,186,263,184,278,187,294,191,326,198,340,199,351,202,357,206,359,213,308,213,308,220,308,226,309,232,309,239,309,246,307,253,306,256,304,258,303,260,252,210,261,209,272,210,282,215,273,215,262,214,321,223,331,222,340,224,346,228,339,229,329,226,267,279,282,274,292,273,300,276,307,276,313,279,318,288,309,298,302,300,294,299,285,297,278,292,270,279,284,281,297,283,307,285,315,288,302,287,296,287,290,285,172.0,21.89,82.94,14.9,89.04,17.67,107.03,26.01
410,2026-02-11T17:44:17.843978,223,194,217,224,216,238,217,271,223,285,230,296,249,314,271,326,286,329,299,330,316,322,330,310,335,302,340,291,348,261,350,247,358,220,242,191,252,186,264,184,279,187,296,191,328,198,342,200,352,202,358,206,359,213,310,213,310,220,310,227,311,233,311,239,311,247,309,254,308,257,306,259,304,261,253,210,263,209,273,210,283,215,273,215,263,214,322,222,331,222,340,224,347,228,339,229,330,226,268,280,283,275,293,274,301,277,309,277,314,280,318,289,310,299,303,301,295,301,286,298,279,294,271,280,285,281,299,284,308,285,316,288,303,289,298,288,291,286,170.69,21.98,83.05,15.06,89.38,16.28,109.03,26.25
411,2026-02-11T17:44:17.870345,223,194,216,224,215,238,216,271,222,286,230,297,250,315,271,327,286,330,299,330,316,323,330,310,335,303,340,291,347,262,349,247,358,220,243,191,252,186,265,184,281,187,297,192,329,199,342,200,352,202,358,207,360,213,311,214,311,221,312,227,312,234,313,240,313,248,311,254,309,258,307,260,306,261,253,210,263,209,273,210,283,215,274,216,263,215,322,223,331,222,341,225,347,228,339,229,330,227,268,281,284,275,294,274,302,277,310,277,315,280,319,290,311,300,304,302,296,302,287,299,279,295,271,281,286,282,299,284,309,285,317,289,304,290,299,289,292,287,170.08,22.27,81.28,13.69,90.77,15.94,111.72,26.94
412,2026-02-11T17:44:17.909088,222,194,215,223,213,238,214,272,220,286,229,297,249,316,272,328,286,330,299,331,316,323,329,311,334,303,338,291,346,262,348,247,357,220,243,191,253,186,265,185,281,188,298,192,329,199,343,200,352,202,358,207,360,213,311,214,311,222,312,230,313,237,313,244,313,253,312,259,310,263,308,264,306,265,253,210,263,209,273,211,283,215,274,216,263,215,322,223,332,223,341,225,347,228,339,229,330,227,268,284,284,280,294,279,302,283,310,283,315,286,320,294,311,303,304,305,296,305,287,302,279,297,271,284,286,287,299,291,309,292,317,293,304,292,299,291,292,289,168.23,23.14,80.66,13.19,91.92,17.23,118.43,24.88
413,2026-02-11T17:44:17.935060,221,195,213,224,211,239,213,273,219,288,228,299,248,318,271,330,285,332,298,333,315,325,328,313,333,304,338,292,344,262,346,248,356,220,242,192,252,187,265,186,281,189,297,194,329,201,342,202,352,204,357,209,359,215,311,217,311,226,312,233,312,240,313,248,313,257,311,263,309,266,308,268,306,269,252,212,262,210,273,211,283,218,273,219,262,218,322,226,331,224,341,226,346,230,339,232,329,230,267,287,283,283,293,283,302,286,309,286,315,289,319,297,310,307,303,309,295,308,286,306,278,301,270,287,285,291,298,295,308,296,317,297,304,295,298,295,291,293,166.68,24.74,81.3,14.11,91.68,18.48,125.51,23.02
414,2026-02-11T17:44:17.968479,217,197,209,227,207,242,209,275,216,291,225,303,246,322,269,334,283,336,296,337,312,329,326,316,331,307,335,295,342,264,344,250,354,222,239,196,249,191,262,189,278,192,295,197,328,204,341,206,351,207,356,212,357,218,309,220,309,229,310,237,311,244,312,251,312,260,310,267,308,270,306,271,304,273,248,215,258,213,270,215,280,221,270,222,259,221,320,229,330,227,339,230,344,234,337,235,327,233,265,291,281,287,291,287,300,290,307,290,313,293,317,300,308,310,301,312,293,312,284,309,276,305,268,292,282,295,296,298,306,299,314,300,302,299,296,298,289,296,159.59,27.99,77.31,14.32,88.19,17.24,116.84,24.47
415,2026-02-11T17:44:17.994020,213,199,205,229,203,244,205,278,212,293,221,305,243,325,267,337,282,339,295,339,312,331,324,318,329,308,333,295,340,265,342,251,352,223,234,199,244,194,258,192,274,195,292,200,326,207,339,208,349,209,355,213,356,219,307,223,307,231,307,239,308,246,309,253,309,262,307,268,305,271,303,273,301,274,246,218,256,217,267,218,277,223,268,224,256,223,318,231,327,229,337,231,342,235,335,237,325,235,263,295,279,289,289,288,297,291,305,291,310,294,314,304,306,313,299,316,291,316,282,313,274,309,267,296,281,298,294,301,303,302,312,303,299,302,294,301,287,300,163.91,26.6,74.59,15.5,86.48,18.7,107.5,25.06
416,2026-02-11T17:44:18.030973,208,201,201,231,200,246,203,280,210,296,219,308,241,327,265,339,280,342,294,341,310,333,323,319,327,309,332,296,339,265,341,251,350,224,230,201,240,196,253,194,270,197,288,201,323,208,337,208,347,210,352,214,354,220,303,224,304,233,304,240,305,247,306,255,305,264,304,270,302,273,300,275,298,276,242,220,252,219,263,220,274,225,265,225,253,225,316,232,325,231,335,233,340,236,333,238,323,235,262,297,277,292,287,291,295,294,303,293,308,297,312,305,304,316,297,319,289,319,279,316,271,311,265,298,279,300,292,303,301,304,309,305,297,304,292,304,285,302,162.54,25.16,72.67,15.06,83.0,18.84,106.03,25.31
417,2026-02-11T17:44:18.054309,205,202,199,232,197,247,201,281,207,297,217,309,239,328,263,341,279,343,292,343,309,334,321,320,326,310,330,297,337,266,339,252,349,224,227,201,237,196,251,194,268,197,286,202,321,208,335,209,345,210,351,214,352,220,301,225,302,234,303,242,303,249,304,256,304,265,303,272,301,275,299,277,297,278,239,221,249,220,261,221,272,225,262,226,250,226,314,233,323,231,333,233,339,237,332,239,321,236,260,299,275,294,285,293,294,296,301,296,307,299,311,306,303,317,296,320,288,320,278,318,270,313,263,299,277,302,291,305,300,306,309,306,296,306,291,306,283,304,165.68,23.99,70.83,14.95,84.98,19.15,106.08,25.5
418,2026-02-11T17:44:18.093663,204,202,198,232,196,247,199,281,206,297,215,310,237,329,261,342,277,345,291,344,307,335,320,320,324,310,328,297,335,266,337,251,346,224,226,201,236,196,250,195,267,198,285,203,319,208,334,209,344,210,349,214,351,220,300,225,301,234,301,242,302,249,303,257,303,266,301,273,299,276,297,277,296,279,237,221,247,220,259,221,271,226,261,227,249,226,312,233,322,231,332,234,338,237,330,239,320,237,260,300,275,295,284,294,292,297,300,297,305,299,309,307,302,318,295,321,286,322,277,319,269,314,263,300,277,303,289,306,299,307,307,307,295,307,289,307,282,305,164.5,24.82,71.45,14.95,88.12,19.7,106.12,26.41
419,2026-02-11T17:44:18.118210,202,204,196,233,194,248,197,283,204,299,213,311,235,331,259,344,275,347,289,346,306,336,319,321,324,311,328,297,334,266,336,252,345,224,224,202,234,197,247,195,264,198,282,203,317,209,332,209,342,210,348,214,349,220,298,226,298,235,299,243,300,250,300,258,301,267,299,273,297,277,295,278,294,280,234,222,245,221,257,222,268,227,258,228,246,227,311,234,321,232,331,234,336,238,329,240,318,238,257,301,272,296,282,295,291,298,298,297,304,300,308,308,301,319,293,322,285,323,275,320,267,315,260,301,274,304,288,307,297,307,306,308,293,308,287,308,280,306,162.35,24.66,70.34,15.31,82.33,17.5,105.25,26.56
420,2026-02-11T17:44:18.150254,200,205,194,235,192,250,196,285,203,300,212,313,234,332,258,345,274,347,288,347,305,337,318,322,323,312,327,298,334,267,336,252,344,224,221,203,231,197,245,195,261,198,279,203,314,208,329,209,340,210,346,214,348,220,295,226,296,235,297,242,297,250,298,258,298,267,297,273,295,277,293,278,292,280,232,222,242,221,254,222,266,227,256,228,244,227,308,233,318,232,329,234,335,238,327,239,316,237,256,302,270,297,280,296,289,299,296,298,302,301,307,309,299,320,292,323,283,324,273,321,265,316,259,302,273,305,286,308,296,308,304,309,291,309,286,309,279,307,167.43,22.82,68.82,14.98,82.76,18.57,103.24,26.19
421,2026-02-11T17:44:18.189454,199,205,193,235,191,250,194,285,201,301,210,314,232,333,256,346,272,349,286,348,303,338,317,323,322,313,327,299,333,267,335,253,343,225,219,203,228,197,242,195,258,198,276,203,312,208,327,209,338,210,344,214,346,220,293,226,293,235,294,243,295,250,295,258,296,267,294,273,292,277,291,278,289,280,230,223,240,221,252,222,263,227,253,228,241,228,306,234,316,232,326,234,332,238,324,240,314,238,253,303,268,298,278,297,286,300,294,299,299,302,304,310,297,321,290,324,281,324,271,322,263,318,256,303,270,306,283,309,293,309,302,310,289,310,283,310,276,308,166.41,23.62,69.5,14.63,85.39,18.08,104.84,25.62
422,2026-02-11T17:44:18.216917,196,206,190,236,189,251,192,286,199,302,208,314,230,334,254,347,269,349,283,349,301,339,315,323,320,313,325,300,332,268,334,254,342,225,216,203,225,198,239,196,255,198,274,203,310,208,325,209,336,210,343,214,345,221,290,226,291,235,291,243,292,250,292,258,292,267,291,274,289,277,288,279,286,281,228,223,238,222,249,223,261,228,251,229,239,228,304,234,315,233,325,235,331,238,323,240,313,238,250,304,265,299,275,297,284,301,291,300,297,302,303,310,295,322,287,325,278,325,268,323,260,318,254,304,268,307,281,309,291,310,300,310,287,310,281,310,274,309,165.42,23.38,67.43,14.66,82.48,17.34,103.62,24.69
423,2026-02-11T17:44:18.245228,194,206,189,237,188,252,191,287,198,303,207,315,228,335,252,348,268,350,282,350,299,340,313,324,319,314,324,301,331,269,333,254,340,225,214,204,224,198,237,196,254,199,272,203,308,209,323,209,334,210,341,214,343,221,288,226,289,235,289,243,290,250,290,258,291,267,289,274,287,277,286,279,285,281,227,223,236,222,248,223,259,228,250,229,238,228,303,234,313,233,323,235,330,238,322,240,311,238,249,304,264,299,274,298,282,301,290,300,296,303,301,311,293,322,286,326,277,326,267,324,259,319,252,304,266,307,280,310,290,310,298,310,285,311,279,311,272,309,166.27,23.16,66.98,14.41,80.69,16.93,100.26,25.08
424,2026-02-11T17:44:18.273832,193,206,187,237,186,252,190,288,197,303,206,316,227,336,251,349,267,351,281,351,299,341,313,325,318,315,324,301,331,269,333,254,340,225,213,204,223,198,236,196,252,199,271,203,306,209,322,209,333,210,340,215,342,221,287,226,287,235,288,243,288,250,289,258,289,267,288,274,286,277,284,279,283,281,225,223,235,222,247,223,258,227,248,228,236,228,301,234,311,233,322,235,328,238,320,240,310,238,248,304,263,299,272,298,281,301,289,300,294,303,300,311,292,323,285,326,276,326,266,324,258,319,251,305,265,307,278,310,288,310,297,311,284,311,278,311,271,309,168.31,22.19,66.87,14.5,80.43,17.17,100.22,24.62
425,2026-02-11T17:44:18.311129,192,206,187,237,186,253,190,288,197,304,206,316,227,336,250,350,266,352,281,351,298,341,312,325,318,315,323,301,330,269,332,254,339,225,212,204,221,198,235,196,251,199,269,203,305,209,320,209,332,210,338,215,341,221,286,226,286,235,287,243,287,250,288,258,288,267,287,274,285,277,284,279,282,281,224,223,234,222,246,223,257,228,247,228,236,228,301,234,311,233,321,235,328,238,319,240,309,238,246,304,262,299,271,298,280,301,288,300,294,303,300,311,292,323,284,326,275,326,265,324,256,319,249,305,264,307,278,310,288,310,297,310,283,311,277,311,270,310,167.86,22.1,66.86,14.53,80.76,16.95,100.1,24.63
426,2026-02-11T17:44:18.337763,192,207,187,238,186,253,190,289,197,304,206,317,227,336,251,350,266,352,281,351,298,341,312,325,318,315,323,301,330,269,332,254,339,225,211,204,221,198,234,196,250,199,269,203,305,209,320,209,331,210,338,215,341,221,285,226,286,235,286,243,287,250,287,258,287,267,286,274,285,277,283,279,282,281,224,224,234,222,245,223,257,228,247,229,235,228,300,234,310,233,321,235,327,238,319,240,309,238,246,305,261,300,271,298,280,301,288,300,293,303,300,311,292,323,284,327,275,327,265,325,256,320,249,305,264,307,277,310,288,310,297,311,283,312,277,312,270,310,168.1,22.11,66.27,14.54,79.94,16.37,99.09,23.94
427,2026-02-11T17:44:18.373463,190,208,186,238,186,254,190,289,197,305,206,317,227,336,251,349,267,352,281,351,299,340,313,324,318,315,324,301,331,269,333,254,339,225,209,205,218,199,231,197,248,199,267,203,304,209,320,209,332,210,339,214,341,220,284,227,285,235,285,243,286,250,287,258,287,267,286,274,284,277,283,279,281,281,223,224,233,223,244,224,256,228,246,229,234,229,300,234,310,233,320,235,327,238,319,240,308,238,245,304,261,300,271,298,279,301,287,300,293,303,300,311,292,324,284,328,275,328,264,325,256,320,249,305,263,307,277,310,288,310,297,311,283,312,277,312,269,311,168.9,22.41,66.57,14.07,79.9,16.31,97.91,24.58
428,2026-02-11T17:44:18.399599,190,208,186,239,186,255,190,290,198,305,207,317,228,337,251,349,267,352,282,351,299,340,313,324,319,315,324,301,331,269,333,254,340,225,209,205,218,199,231,197,247,199,266,203,304,209,320,209,331,210,338,214,341,220,284,227,284,236,285,243,286,250,286,258,286,267,285,274,284,277,282,279,281,281,223,225,232,224,244,224,255,229,246,230,234,229,300,234,310,233,320,235,327,238,319,240,308,238,245,304,261,299,271,298,279,301,287,300,294,303,300,311,292,324,284,328,275,328,264,326,255,321,248,305,263,307,277,309,288,310,297,311,283,313,277,312,269,311,168.48,22.52,65.71,13.68,79.29,15.9,98.87,24.43
429,2026-02-11T17:44:18.435759,190,209,186,239,186,255,190,290,197,306,206,318,227,336,251,349,267,351,281,350,299,340,313,324,319,314,324,301,331,269,333,254,339,225,209,206,218,200,231,197,247,199,266,204,303,209,319,209,331,210,338,214,340,220,283,227,284,236,284,243,285,250,285,258,286,267,285,274,283,277,282,279,281,281,223,225,232,224,244,224,255,229,245,230,233,229,299,234,309,233,320,235,327,238,318,239,308,238,245,304,260,299,270,298,279,301,287,300,293,303,300,310,291,324,284,327,274,327,264,325,255,320,248,305,263,306,277,309,287,309,297,310,282,312,276,312,269,310,170.11,22.15,65.66,13.81,80.03,16.61,97.88,25.02
430,2026-02-11T17:44:18.461581,190,209,186,239,185,255,190,290,197,305,205,317,227,336,251,349,267,351,281,350,299,340,313,324,318,314,324,301,331,269,333,254,339,225,209,206,218,200,231,197,247,199,266,204,303,209,319,209,331,210,338,214,340,220,283,227,284,235,284,243,285,250,285,258,285,267,284,274,282,277,281,279,280,281,222,225,232,224,244,225,255,229,245,230,233,229,299,234,309,233,320,235,327,238,318,239,308,238,244,304,259,299,269,298,278,301,286,300,292,303,299,310,290,323,283,327,274,327,263,325,255,319,247,304,262,306,276,309,287,309,296,310,282,312,276,312,268,310,169.27,22.32,65.49,14.04,79.68,16.73,97.55,24.96
431,2026-02-11T17:44:18.492389,190,208,186,239,185,255,189,290,196,305,205,317,227,336,251,349,266,351,281,350,299,340,313,324,318,314,324,301,331,269,333,254,339,225,209,206,217,200,230,197,247,199,266,204,303,209,319,209,331,210,338,214,340,220,283,227,283,235,284,243,284,250,285,258,285,267,283,273,282,277,281,279,280,281,222,225,232,224,244,225,255,229,245,230,233,229,299,234,309,233,319,235,327,237,318,239,307,238,244,304,259,299,269,298,278,300,286,299,292,302,299,310,290,323,283,326,274,327,264,324,255,319,248,304,262,306,276,309,287,309,296,310,282,312,275,311,268,310,170.79,22.09,65.38,14.01,78.94,17.28,97.54,24.86
432,2026-02-11T17:44:18.527651,190,208,185,239,185,255,190,290,197,305,206,317,227,336,250,349,266,351,280,350,298,340,312,325,318,315,323,301,330,269,332,254,339,225,209,206,217,200,230,197,247,200,266,204,303,209,318,209,330,210,337,214,340,220,283,227,283,235,284,243,284,250,284,258,284,267,283,273,282,277,281,279,280,281,222,225,232,224,243,225,255,229,245,230,233,229,299,234,309,233,319,235,326,237,318,239,307,237,245,304,259,299,269,297,278,300,286,299,292,302,298,310,290,324,282,327,273,328,263,325,254,320,248,304,262,306,276,308,286,309,294,310,281,313,275,313,268,311,169.67,22.16,65.3,14.02,78.61,16.81,95.82,25.04
433,2026-02-11T17:44:18.555851,189,209,185,239,185,255,190,291,197,306,206,318,227,337,250,350,266,352,280,351,298,341,312,325,318,315,323,302,331,269,332,254,339,225,208,206,217,200,230,198,247,200,265,204,303,209,318,209,330,210,337,214,340,220,283,227,283,235,284,243,284,250,285,258,285,267,284,273,282,277,281,279,280,281,222,225,231,224,243,225,254,229,245,230,233,229,299,234,309,233,319,235,326,237,318,239,307,237,244,304,260,299,269,297,278,300,286,299,293,302,298,311,290,326,283,330,273,330,262,328,254,322,248,305,262,306,276,307,287,308,295,311,281,316,275,316,267,315,170.1,22.21,65.83,13.67,78.65,16.55,95.72,24.96
434,2026-02-11T17:44:18.594037,189,209,185,240,185,255,190,291,197,307,206,319,227,338,250,351,266,353,280,352,298,341,312,325,318,316,323,302,331,270,333,254,339,225,208,206,217,200,230,198,247,200,265,204,302,209,318,209,330,210,337,214,340,220,282,227,283,235,283,243,284,250,285,258,285,267,284,273,282,277,281,279,280,281,222,225,231,224,243,225,254,229,245,230,233,230,299,235,309,233,319,235,326,237,318,239,307,238,244,305,259,298,269,297,278,300,287,299,293,302,299,311,291,327,283,331,273,332,262,329,254,324,247,305,262,305,276,307,287,308,295,311,282,318,275,318,267,316,169.94,22.24,65.34,13.8,77.79,16.92,95.63,24.94
435,2026-02-11T17:44:18.617125,189,209,185,240,185,256,190,291,197,307,206,319,227,338,250,351,266,353,281,352,298,341,312,325,318,316,323,302,331,269,333,254,339,225,208,206,217,200,230,198,247,200,265,204,303,209,318,209,330,210,337,213,340,220,283,227,283,235,284,243,284,250,285,257,285,266,284,273,283,277,281,279,280,280,222,225,231,224,243,225,254,229,244,230,232,230,299,234,309,233,319,235,326,237,318,239,307,238,243,305,260,298,270,296,279,298,288,297,295,300,299,310,292,327,284,331,274,332,263,330,254,324,247,305,262,305,277,305,288,306,296,310,282,318,276,318,268,316,172.26,22.11,65.13,14.18,79.13,17.17,90.78,24.31
436,2026-02-11T17:44:18.658038,189,209,185,240,185,256,190,291,197,307,206,319,227,338,251,351,267,353,281,352,299,341,312,325,318,315,323,302,331,269,333,254,339,224,209,206,218,200,231,197,247,199,266,203,303,208,319,208,331,209,338,213,340,219,283,226,284,234,284,241,285,248,286,255,287,264,286,271,284,275,283,277,282,279,222,225,232,224,244,225,255,229,245,230,233,229,299,234,309,232,320,234,327,236,319,238,308,237,244,305,261,295,273,293,283,295,291,294,298,297,302,309,295,326,287,330,276,331,265,329,255,323,248,305,264,302,280,303,291,303,298,309,285,316,278,316,270,315,172.12,21.98,67.23,14.91,84.13,18.29,93.38,24.1
437,2026-02-11T17:44:18.681531,189,209,185,240,185,256,190,292,198,307,207,319,228,338,252,351,268,353,283,352,300,341,313,325,318,315,323,302,331,269,333,254,339,224,209,206,218,200,231,197,248,198,267,202,305,207,320,207,332,208,339,212,341,218,285,225,286,234,287,241,288,248,289,255,289,264,288,270,287,274,285,276,284,278,222,225,232,224,244,225,255,229,245,230,233,229,300,233,310,232,321,233,328,236,320,238,309,237,244,305,263,295,275,292,285,294,294,293,301,296,304,308,298,326,290,330,279,331,267,328,257,323,248,305,266,301,283,302,294,303,301,308,288,316,281,316,272,314,170.52,21.55,67.47,14.37,82.16,18.07,89.63,23.8
438,2026-02-11T17:44:18.720253,190,209,185,240,185,256,191,291,198,307,207,319,229,338,254,351,271,353,285,351,302,340,314,325,319,315,324,302,331,269,333,254,340,224,210,205,220,199,234,196,251,198,270,202,308,207,323,207,334,208,341,212,343,218,288,225,289,233,290,240,291,247,292,255,293,263,292,270,290,274,289,276,287,278,223,225,234,224,246,225,258,228,247,230,234,229,302,233,312,232,323,233,330,236,322,238,311,237,246,305,266,294,278,291,288,293,297,292,304,295,307,308,301,326,293,330,282,330,270,328,260,323,251,305,269,301,286,301,297,302,303,308,291,316,284,316,275,314,171.43,21.53,68.43,14.37,83.97,19.02,93.29,25.22
439,2026-02-11T17:44:18.743396,190,209,186,240,186,255,191,291,199,307,208,319,230,338,255,351,272,353,287,351,303,340,315,325,320,315,325,302,332,269,333,254,340,224,212,205,222,199,236,196,254,198,273,202,309,207,324,207,336,208,342,212,344,218,290,225,291,233,292,241,294,247,295,255,295,263,294,270,293,274,291,276,289,278,225,224,236,224,249,225,260,228,250,229,237,229,304,233,313,232,324,233,331,236,323,238,312,236,247,304,268,294,280,291,290,293,299,292,305,296,308,308,302,326,294,330,283,330,271,328,261,323,251,305,270,301,287,301,298,302,304,308,292,316,285,316,276,314,171.9,21.64,68.72,13.4,87.17,19.4,100.57,27.13
440,2026-02-11T17:44:18.783375,191,209,186,240,186,255,192,291,199,307,209,319,231,338,258,351,274,353,289,351,305,340,317,325,321,315,326,301,332,269,334,253,341,224,213,205,223,199,238,196,255,198,275,202,311,207,326,207,337,208,343,212,345,218,292,225,293,233,294,241,296,247,297,255,298,264,297,270,295,274,293,276,291,278,227,224,238,224,251,225,262,228,252,229,239,229,305,233,315,232,325,233,332,236,324,238,314,236,249,304,269,294,282,291,292,294,301,293,307,296,309,308,303,326,295,330,285,330,273,328,262,323,253,305,272,301,289,302,300,302,305,308,293,315,287,316,278,314,171.05,21.84,68.2,13.26,85.47,18.9,102.03,27.09
441,2026-02-11T17:44:18.807453,191,209,186,240,187,255,192,291,200,307,210,319,233,338,259,350,276,352,290,351,307,340,318,324,323,315,327,301,333,268,335,253,342,224,214,205,224,199,238,196,256,198,275,202,312,207,327,207,338,208,344,212,346,218,293,225,294,233,295,241,297,247,298,255,299,264,298,270,296,274,294,276,292,278,228,224,239,224,251,225,263,228,253,229,240,229,306,233,316,232,327,233,333,236,325,238,315,236,251,304,270,294,282,291,293,294,301,293,308,296,310,308,304,326,296,330,285,330,273,328,263,323,255,305,273,301,290,302,300,302,306,308,294,315,287,316,279,314,172.18,21.51,68.62,13.35,86.21,19.89,100.92,27.45
442,2026-02-11T17:44:18.844568,192,208,187,239,187,255,193,291,201,307,211,319,234,338,260,350,277,352,291,350,307,339,319,324,323,314,327,300,333,268,335,253,343,224,215,205,225,199,240,196,258,198,277,202,314,207,329,207,340,208,346,212,347,218,294,225,295,233,297,241,298,247,299,255,300,264,299,271,297,274,295,276,293,278,229,224,240,224,253,224,264,228,254,229,241,229,308,233,317,232,328,233,335,236,327,238,316,236,252,304,271,294,284,292,294,294,302,293,308,296,311,308,305,325,297,329,287,330,275,328,265,323,256,305,274,301,291,302,301,303,307,308,295,315,289,315,280,314,170.63,21.63,69.09,13.23,86.38,18.28,101.56,27.01
443,2026-02-11T17:44:18.869012,193,208,188,239,188,255,193,291,201,307,211,319,234,338,260,350,277,352,291,350,307,339,319,324,323,314,327,301,333,268,335,253,343,224,217,205,227,199,241,196,259,198,278,202,314,207,329,207,340,208,346,212,347,218,295,225,296,233,297,241,299,248,300,255,301,264,299,271,298,275,296,277,294,278,231,224,242,224,254,224,265,228,255,229,242,229,308,233,318,232,328,233,334,236,327,238,316,236,253,304,272,294,284,292,294,294,303,293,309,296,311,308,304,325,297,329,287,330,276,328,266,323,257,305,275,301,291,302,301,303,307,308,295,315,289,315,281,314,171.43,21.54,69.48,13.27,86.3,17.79,103.3,26.63
444,2026-02-11T17:44:18.904539,193,208,188,239,188,255,194,291,202,307,212,319,235,338,261,350,278,351,292,350,308,339,319,324,323,314,327,300,333,268,335,253,343,224,217,205,227,200,242,197,260,199,279,203,315,208,330,208,340,209,346,212,347,218,296,226,297,234,298,241,299,248,301,256,301,265,300,271,299,275,297,277,295,278,231,224,242,224,254,224,266,228,255,229,243,229,309,233,318,232,328,233,334,236,327,238,317,237,256,305,274,295,286,292,295,294,303,293,309,296,311,308,305,325,298,329,288,330,277,328,267,323,260,306,277,301,293,302,302,303,308,308,296,315,290,315,282,314,171.07,21.95,70.77,14.45,85.64,17.2,101.66,26.78
445,2026-02-11T17:44:18.932577,194,209,189,240,189,255,194,291,203,307,213,319,236,338,262,350,278,351,292,350,308,339,319,324,323,314,327,300,333,268,335,253,343,224,219,206,229,200,244,198,262,201,281,205,317,209,331,209,341,210,347,213,348,219,298,227,299,235,300,243,301,250,303,257,303,266,302,273,300,276,298,278,296,280,232,225,243,224,256,225,267,229,257,230,244,230,310,234,319,232,329,234,335,236,328,239,318,237,257,306,276,296,287,294,297,296,305,295,310,298,312,309,306,325,299,329,290,330,279,328,269,323,261,306,278,303,294,303,303,304,308,309,297,315,292,315,284,314,170.71,22.13,72.73,14.66,86.42,18.14,103.85,27.25
446,2026-02-11T17:44:18.968804,196,209,190,240,190,255,195,291,203,307,214,319,238,338,265,350,281,351,294,350,308,339,319,324,323,314,327,300,333,268,335,254,344,225,221,207,232,201,247,199,265,202,284,207,320,211,333,211,343,211,348,215,349,221,300,229,302,238,303,245,305,252,306,260,307,268,306,275,304,278,301,280,299,282,235,226,246,226,259,227,270,231,260,232,247,231,311,236,320,234,330,235,336,238,329,241,319,239,259,308,279,298,290,296,299,298,307,297,312,300,314,311,308,325,302,329,292,330,282,328,272,324,263,308,281,305,296,305,305,306,310,310,300,315,294,316,287,315,169.12,21.99,71.38,14.72,88.06,19.37,102.35,28.92
447,2026-02-11T17:44:18.992957,199,209,191,240,190,255,195,291,204,307,215,319,239,338,266,350,283,352,296,350,310,339,319,324,323,314,327,301,333,269,335,255,344,227,225,207,236,202,250,201,269,204,288,208,324,213,338,213,347,214,351,218,351,223,305,231,306,240,308,247,309,255,311,262,312,271,311,278,308,281,305,283,303,284,238,227,250,227,263,229,274,232,264,233,251,232,313,237,323,236,332,238,337,240,331,242,321,241,262,309,282,300,293,298,303,300,310,299,315,303,316,314,311,326,304,329,295,330,285,328,275,324,266,309,284,307,299,308,308,309,312,313,303,316,298,316,290,315,169.77,21.98,73.91,15.14,93.16,21.03,102.64,33.22
448,2026-02-11T17:44:19.033138,202,209,193,239,192,254,197,290,207,306,219,319,245,338,273,351,289,352,302,350,313,340,320,324,323,314,326,300,332,269,335,255,345,228,232,209,244,205,260,203,278,207,298,212,332,218,344,218,352,218,356,222,355,227,314,235,316,244,318,252,320,260,322,268,323,278,321,284,318,287,315,288,312,289,245,229,257,230,270,231,282,234,272,235,259,234,319,240,328,239,337,241,341,243,335,245,326,244,268,311,289,303,301,301,311,303,318,303,323,306,322,317,318,328,312,331,304,331,293,330,283,326,272,311,291,310,307,311,315,312,319,316,311,318,306,318,298,317,163.39,21.08,72.22,15.58,94.63,22.96,103.53,38.37
449,2026-02-11T17:44:19.057138,209,209,199,239,198,255,206,292,218,308,233,321,263,340,292,351,308,352,318,350,325,340,327,323,327,313,329,300,335,269,338,255,351,229,247,212,261,207,278,207,298,211,317,215,349,221,360,221,367,222,369,224,367,229,332,236,335,245,337,253,340,261,343,270,345,279,344,286,340,289,336,290,331,290,258,230,270,230,284,231,296,236,286,237,272,236,334,242,341,240,351,242,354,244,349,247,340,245,286,311,308,305,320,304,330,306,335,305,338,307,335,315,333,328,329,330,323,331,313,330,302,326,290,311,309,312,325,313,331,314,332,315,329,318,325,318,317,317,151.5,19.25,70.32,15.11,109.77,32.38,131.7,70.36
450,2026-02-11T17:44:19.093164,221,217,209,249,208,265,217,303,232,319,249,330,282,347,312,355,326,355,332,353,331,341,324,324,320,314,316,301,318,272,321,258,338,232,263,218,277,213,295,213,314,217,333,222,359,228,367,228,371,228,370,230,365,233,345,241,349,249,353,256,357,263,362,270,365,279,364,285,360,288,355,289,349,290,278,236,290,237,302,238,312,241,303,242,291,241,343,247,349,247,355,249,356,250,354,251,348,250,304,313,328,305,340,304,349,306,354,306,353,308,342,315,346,328,344,331,338,332,329,331,319,327,307,313,328,312,344,313,346,314,341,314,343,318,340,319,333,318,153.26,15.58,78.96,15.53,118.46,19.77,130.82,70.57
451,2026-02-11T17:44:19.121700,234,221,221,255,221,272,231,311,246,326,262,338,293,355,320,363,332,362,337,359,335,347,325,330,320,319,315,305,317,274,320,261,338,235,279,221,294,216,310,215,328,218,346,223,368,230,375,231,378,231,376,233,370,237,355,245,360,252,364,260,368,266,373,273,376,280,375,286,370,289,364,291,358,292,294,238,306,238,317,239,325,242,317,243,307,242,354,247,360,248,364,250,362,252,362,252,358,250,314,319,337,310,349,309,357,311,361,310,361,313,350,321,354,333,352,336,346,338,337,337,328,333,317,320,337,317,351,318,353,319,349,321,350,324,348,325,341,324,155.32,25.91,81.56,20.74,118.14,21.85,143.94,62.6
452,2026-02-11T17:44:19.157700,247,224,229,259,228,276,236,315,251,331,268,343,302,360,333,367,344,365,348,362,337,351,319,333,305,320,295,305,296,273,303,259,330,234,291,226,306,222,320,221,336,224,352,228,372,233,379,234,381,235,377,235,370,237,358,250,363,259,368,266,372,272,377,279,381,286,380,292,375,295,370,296,364,296,304,242,315,241,325,241,332,245,325,246,316,245,354,248,364,247,369,250,368,252,367,252,361,251,327,323,345,315,356,313,364,316,369,315,367,317,355,323,362,335,361,339,357,340,348,339,339,336,329,323,346,322,358,323,360,323,355,323,359,327,357,327,352,327,165.21,19.26,89.15,32.03,113.88,19.7,130.34,70.18
453,2026-02-11T17:44:19.183700,248,224,230,258,228,275,236,312,251,328,268,341,302,358,332,366,344,366,348,363,338,353,318,335,305,323,296,306,300,273,308,259,334,233,294,229,310,226,324,225,340,227,356,230,375,233,381,234,382,235,379,235,373,238,362,250,366,259,371,267,376,273,380,280,384,288,383,294,378,297,372,298,366,298,309,245,319,244,330,244,336,247,330,249,320,248,356,250,366,248,371,250,369,252,369,254,362,253,331,325,348,317,358,315,366,318,371,316,370,319,358,324,365,336,364,339,359,341,352,341,344,338,334,325,350,324,361,325,363,325,358,324,362,328,360,328,355,328,165.63,16.58,88.7,35.33,110.68,17.75,127.54,73.52
454,2026-02-11T17:44:19.213303,252,224,235,258,233,274,241,310,256,327,272,339,304,356,333,365,344,364,348,362,337,352,317,334,304,321,296,306,301,271,310,257,335,233,298,230,313,227,327,227,343,228,358,231,377,233,382,233,383,234,380,234,374,236,364,251,368,260,373,267,377,274,382,281,386,288,384,294,379,297,373,298,368,299,311,246,322,245,332,244,338,248,332,249,323,249,358,249,368,248,373,249,370,251,370,253,364,253,334,325,351,317,361,315,368,318,373,316,372,318,360,324,366,337,364,341,360,343,353,342,345,339,337,325,353,324,363,325,365,325,360,324,363,329,360,329,356,329,161.86,15.18,83.84,33.61,101.1,17.58,121.97,76.43
455,2026-02-11T17:44:19.254277,252,225,237,257,234,273,241,309,255,325,271,337,302,354,330,363,342,364,348,361,344,350,332,333,324,321,319,305,325,271,331,257,352,232,298,230,313,227,328,226,345,227,361,230,380,232,386,232,388,232,387,233,382,236,368,249,372,258,376,266,379,273,384,280,387,288,385,295,380,298,374,299,369,300,313,246,324,245,334,245,341,248,334,249,325,249,363,249,371,247,376,249,375,250,374,253,368,252,336,326,352,318,362,316,369,318,374,316,375,318,367,324,369,336,366,340,361,342,354,341,347,338,339,325,354,325,365,326,368,325,366,323,365,328,363,328,358,328,164.76,16.4,87.0,33.44,107.51,19.11,126.06,74.57
456,2026-02-11T17:44:19.279277,251,224,235,257,233,273,240,309,255,325,272,337,306,354,335,363,347,363,353,361,348,350,334,333,326,321,320,305,323,271,329,257,350,232,299,229,314,226,329,224,345,226,362,229,381,230,387,230,389,231,387,232,381,235,368,248,373,256,377,264,382,271,386,278,390,287,388,293,383,296,377,297,372,298,315,245,325,244,335,243,343,246,335,248,326,248,362,248,371,247,377,248,375,249,374,252,368,252,339,325,356,317,366,315,372,317,376,315,376,317,368,322,372,336,370,339,366,342,359,340,352,336,342,325,357,323,368,325,371,324,368,322,369,327,367,327,362,326,161.43,25.96,90.84,34.82,110.22,19.53,131.29,71.63
457,2026-02-11T17:44:19.306848,251,224,236,257,234,273,242,310,257,325,275,337,308,354,337,362,349,363,356,360,353,349,342,333,334,321,328,305,330,271,335,257,355,231,299,228,314,224,329,223,346,225,361,228,382,230,388,229,391,230,389,231,384,234,369,246,373,255,378,263,382,270,387,277,391,285,389,292,385,295,379,296,374,297,315,244,325,243,336,243,343,246,336,248,327,247,365,248,373,246,378,248,377,249,376,251,370,251,341,325,359,316,368,314,375,315,379,314,380,316,373,322,375,333,373,335,369,338,363,338,355,336,344,324,360,322,371,323,374,322,372,322,372,325,370,325,365,325,163.8,22.02,89.23,33.64,117.23,29.64,130.4,72.12
458,2026-02-11T17:44:19.347838,253,223,236,256,235,273,243,311,258,327,276,339,310,355,341,364,354,363,360,361,355,351,342,334,332,322,325,307,326,273,331,259,352,232,300,226,316,223,330,222,346,224,361,227,383,229,389,229,391,229,389,231,383,234,369,247,373,255,377,262,382,269,387,276,391,285,389,291,385,294,379,295,374,296,315,243,325,242,335,242,342,245,335,247,326,246,364,247,373,245,378,247,376,248,375,250,369,250,343,323,360,315,369,313,376,314,380,313,380,315,371,321,377,331,375,334,372,336,365,336,357,335,346,323,361,321,372,322,374,321,371,321,374,323,371,324,367,324,165.19,18.19,90.11,35.47,118.09,33.09,126.03,74.82
459,2026-02-11T17:44:19.372838,253,222,236,256,234,273,242,310,258,326,275,338,309,355,340,363,354,363,361,361,359,350,349,334,340,322,333,307,331,273,335,259,354,232,300,226,315,222,331,221,346,223,362,226,383,229,389,229,392,229,390,230,384,234,369,246,373,254,377,262,382,269,386,276,390,285,389,291,384,294,379,295,374,296,315,242,325,242,336,242,343,245,336,246,327,246,365,247,373,245,379,246,377,247,376,249,370,249,343,323,359,314,368,312,375,314,379,313,380,315,372,321,376,331,375,333,371,335,365,335,357,335,346,323,361,321,371,322,374,321,371,321,373,323,371,323,367,323,164.85,17.83,93.4,33.08,124.27,37.36,129.84,72.91
460,2026-02-11T17:44:19.400865,254,221,237,256,235,272,244,310,258,326,275,338,309,355,339,363,352,363,359,360,357,350,345,333,337,322,329,306,329,273,333,259,353,232,301,226,316,222,331,221,347,223,363,226,385,229,391,229,393,229,390,230,385,234,370,246,374,254,379,262,383,268,388,275,392,283,390,289,386,293,380,294,375,295,316,242,326,241,337,241,344,244,337,246,328,245,367,245,375,244,380,245,378,247,378,248,372,248,343,323,360,314,369,312,375,314,380,313,380,315,371,321,375,330,374,333,370,334,364,334,356,333,346,323,361,320,371,321,374,321,371,320,373,322,371,322,366,322,162.98,16.56,91.31,30.75,132.0,42.49,126.11,74.58
461,2026-02-11T17:44:19.441996,254,221,238,255,237,272,246,310,261,325,278,337,312,353,343,360,357,360,363,357,363,347,355,332,348,321,342,307,340,274,341,259,356,231,302,225,316,221,331,219,348,221,364,223,385,226,391,226,393,226,390,228,385,231,371,244,376,252,380,259,385,265,390,272,394,279,392,285,388,289,382,290,377,292,318,241,328,239,338,238,345,242,338,244,329,243,368,242,375,241,380,242,379,243,378,245,372,245,345,320,362,312,371,310,377,312,381,311,381,312,376,317,378,326,377,329,373,330,367,330,360,328,348,320,363,318,374,318,376,318,375,317,375,319,373,319,369,319,161.51,15.47,92.9,31.04,152.52,55.65,129.52,73.06
462,2026-02-11T17:44:19.466996,253,220,237,254,235,272,244,309,259,325,277,337,312,352,343,358,358,358,365,355,366,345,359,331,352,321,347,306,345,274,346,259,360,230,301,223,316,218,331,216,348,218,363,221,384,223,390,223,392,223,390,225,386,229,371,241,375,249,380,256,385,263,390,269,394,277,392,283,388,287,382,288,377,290,318,239,327,237,337,236,345,240,338,242,329,241,368,241,374,239,379,240,378,242,377,243,372,243,347,318,363,310,371,309,378,310,381,309,382,310,376,315,379,324,378,326,374,327,368,327,361,326,350,318,364,316,374,316,377,316,376,315,376,317,374,317,370,317,161.29,15.48,95.74,30.12,150.66,54.71,133.06,71.25
463,2026-02-11T17:44:19.494021,253,219,239,253,238,270,245,309,260,325,277,336,311,351,341,358,355,357,363,354,365,344,362,331,358,321,354,306,353,274,354,259,365,230,300,220,315,215,330,212,347,214,362,217,382,220,388,219,391,220,390,222,386,227,371,236,375,245,379,252,383,259,388,267,392,275,391,282,387,285,381,287,376,289,318,237,327,236,337,236,345,239,337,241,328,240,368,240,374,238,378,239,378,241,377,242,372,242,343,318,361,310,370,308,376,310,380,309,381,310,377,315,378,325,376,327,371,328,365,328,357,326,346,317,361,316,373,317,376,316,377,315,375,317,372,317,367,317,157.96,17.61,94.19,29.2,154.75,53.24,143.91,65.34
464,2026-02-11T17:44:19.536574,255,218,241,251,239,268,246,306,260,322,276,334,308,350,338,358,352,358,360,355,364,345,362,331,358,321,356,306,356,274,357,259,369,230,300,219,314,214,329,212,346,214,361,217,382,220,388,220,391,221,391,223,388,228,371,236,374,245,378,253,382,260,386,268,389,276,388,283,384,287,379,288,374,290,317,236,326,236,336,236,344,239,337,240,327,240,369,240,376,239,380,240,380,241,379,243,373,243,342,318,358,310,367,308,374,310,378,309,380,310,375,316,375,327,372,329,368,331,361,330,354,326,345,317,359,316,370,317,374,316,373,316,371,319,369,319,364,318,162.14,16.62,93.13,27.28,167.82,55.72,142.58,66.28
465,2026-02-11T17:44:19.562302,255,217,242,250,239,267,246,304,259,321,275,333,307,349,337,358,351,358,358,356,362,345,359,330,355,321,353,306,353,274,354,259,367,230,300,219,314,215,330,212,346,214,362,217,383,220,388,220,391,221,391,223,387,228,371,237,375,246,378,254,382,261,386,268,389,277,388,283,384,287,378,289,374,290,316,236,327,236,337,236,344,239,337,240,328,239,369,240,376,239,380,240,380,241,379,243,373,243,341,318,357,310,366,308,373,310,377,309,379,310,373,316,374,329,371,332,367,334,360,332,352,328,344,317,358,316,369,317,373,316,372,316,370,321,367,321,363,320,162.25,16.57,101.34,34.1,171.36,56.43,146.88,63.39
466,2026-02-11T17:44:19.589327,257,217,243,249,240,266,246,303,259,319,275,332,307,349,336,359,350,360,358,357,361,345,360,330,357,320,356,306,356,273,358,257,369,229,302,220,316,215,332,213,349,214,365,217,386,221,392,221,394,222,394,224,390,228,374,238,377,246,381,255,385,263,389,271,392,280,390,287,386,290,380,291,376,292,319,236,329,236,340,235,347,239,340,240,330,240,371,240,379,238,384,239,384,241,382,243,376,243,340,318,358,311,367,310,374,311,378,310,380,311,374,317,374,330,371,333,367,335,360,333,353,330,343,318,358,317,370,318,374,317,373,317,370,322,368,322,363,322,159.3,16.37,92.95,35.69,187.65,63.19,156.63,55.0
467,2026-02-11T17:44:19.632883,260,217,243,249,241,266,246,304,259,320,275,332,306,351,336,361,350,362,357,360,360,347,360,332,357,321,355,306,355,273,356,258,368,230,304,222,317,219,332,219,349,221,365,224,387,228,393,228,396,228,394,229,390,232,374,245,377,254,381,262,385,269,389,276,392,284,390,290,386,293,380,294,376,295,319,238,329,237,340,236,347,242,340,243,331,242,371,245,379,241,384,242,383,245,382,248,376,247,341,321,358,314,367,313,374,314,378,313,380,314,373,320,373,332,371,335,366,336,359,335,352,332,344,321,358,320,369,321,373,320,372,320,370,324,367,324,363,323,162.47,20.8,83.75,36.33,163.06,61.11,141.68,65.45
468,2026-02-11T17:44:19.696569,259,217,242,250,240,266,247,304,261,320,277,333,309,351,337,361,351,362,358,359,360,347,357,332,356,321,351,306,350,273,355,258,365,230,305,224,319,221,334,220,350,222,366,226,388,228,394,228,396,229,394,230,390,233,374,246,378,254,382,262,386,269,390,276,393,285,392,291,387,294,382,295,377,296,320,240,330,238,341,238,348,243,341,244,332,243,371,246,379,243,384,244,382,247,382,249,376,248,342,322,361,314,371,313,377,315,381,313,382,315,376,321,377,332,374,335,369,337,363,336,355,333,345,322,361,321,373,322,376,321,376,321,373,324,371,324,366,324,160.59,25.82,81.92,33.59,148.76,56.59,138.97,67.2
469,2026-02-11T17:44:19.724126,259,218,242,250,240,266,247,304,261,320,278,333,310,351,338,361,351,362,358,359,360,347,356,332,354,320,349,306,349,273,353,258,365,230,305,225,319,221,334,221,350,223,366,226,387,228,394,229,396,229,394,231,390,234,374,245,378,254,382,262,386,269,390,276,393,284,391,291,387,294,381,295,377,296,320,240,330,238,341,238,348,243,341,244,332,244,371,246,379,243,383,245,382,247,381,249,376,248,343,322,362,314,371,312,378,314,381,313,382,315,376,321,377,332,375,335,370,337,364,336,356,333,346,322,362,321,373,322,376,321,375,320,374,324,372,324,367,323,160.1,26.36,83.94,34.59,145.89,57.26,135.54,69.58
470,2026-02-11T17:44:19.776824,260,218,244,250,242,266,248,304,261,320,277,333,309,351,337,361,350,362,358,359,361,347,359,332,355,321,351,307,350,274,353,259,367,233,304,224,319,221,334,220,350,222,366,226,388,229,395,230,397,231,396,232,392,235,374,246,378,254,382,262,385,269,389,276,392,284,391,291,386,294,381,295,376,296,320,240,330,238,341,238,348,243,341,244,331,243,372,246,380,244,385,245,384,248,383,250,377,249,344,322,361,314,370,312,377,314,381,313,382,314,376,321,377,332,374,335,370,336,363,336,356,333,347,321,362,320,372,322,376,321,375,321,373,324,371,324,367,323,162.3,22.25,90.13,41.24,149.96,54.02,136.2,69.18
471,2026-02-11T17:44:19.822404,260,217,242,248,239,265,244,303,258,320,275,333,308,351,337,361,350,361,358,359,361,348,358,332,355,321,349,306,348,273,350,258,366,231,304,224,318,221,333,220,349,222,365,225,387,229,394,230,397,230,396,232,391,235,374,245,377,253,381,261,385,267,389,275,392,283,390,290,386,293,381,294,376,295,320,239,330,238,340,237,347,242,340,244,331,242,371,246,379,244,385,245,383,248,382,250,376,249,344,321,360,313,370,311,377,313,381,312,382,314,376,321,376,332,374,335,369,337,363,336,355,333,346,321,361,320,372,322,376,321,375,320,373,323,371,323,366,322,159.11,22.15,93.62,38.69,147.31,49.59,134.01,70.66
472,2026-02-11T17:44:19.854404,260,215,243,247,240,264,245,302,258,319,275,331,307,349,336,360,349,361,357,359,360,347,357,332,353,321,349,306,348,272,350,257,366,230,304,223,318,220,333,220,349,222,365,225,387,229,394,229,397,230,395,232,391,235,374,245,377,253,381,261,385,268,389,275,392,283,390,290,386,293,380,294,376,295,320,239,330,238,340,237,347,242,340,243,331,242,371,246,379,243,384,245,382,248,382,249,376,249,343,321,360,312,369,311,376,313,380,312,380,314,375,321,375,332,373,335,368,337,362,335,355,332,346,320,361,320,371,322,375,321,375,320,372,323,370,323,366,322,156.06,23.98,93.56,40.34,151.04,51.5,132.74,71.34
473,2026-02-11T17:44:19.885405,258,216,242,247,239,263,244,301,257,317,273,330,305,349,333,359,346,360,354,358,357,347,355,332,351,321,348,306,347,272,349,257,364,231,304,223,318,220,333,219,349,222,365,225,387,229,393,229,395,230,394,231,389,235,373,244,377,253,381,261,385,268,389,275,392,283,389,290,385,293,379,294,374,295,320,239,330,238,340,237,347,242,340,243,331,242,371,246,378,243,383,245,382,248,381,249,375,248,341,320,358,312,367,310,374,313,378,312,379,314,375,321,374,332,371,335,366,336,360,335,353,331,344,319,359,320,369,321,373,321,374,320,371,323,368,322,364,321,155.93,24.21,95.04,41.44,154.85,51.16,134.43,70.47
474,2026-02-11T17:44:19.918707,257,216,242,247,239,263,244,300,257,316,273,329,304,348,331,359,345,360,353,358,357,348,356,333,354,322,352,307,355,274,356,259,369,233,303,223,316,220,332,219,349,222,365,225,386,229,393,229,395,230,394,231,390,235,373,244,377,253,380,261,383,267,387,275,389,284,387,290,383,293,377,295,373,296,318,239,328,238,339,238,346,242,339,243,329,242,371,246,378,244,383,245,382,248,381,250,375,249,338,319,355,312,364,311,371,313,375,312,378,315,374,321,372,332,369,335,364,336,358,334,351,331,341,319,356,320,367,321,371,321,374,321,369,323,366,322,361,321,157.76,22.82,99.77,42.04,157.55,48.96,137.87,68.51
475,2026-02-11T17:44:19.948706,250,216,235,247,233,263,240,299,254,316,270,329,303,348,332,359,345,361,354,359,359,349,358,335,355,324,353,310,353,277,355,262,369,236,298,223,312,220,328,219,345,221,362,225,385,229,392,230,395,231,393,233,390,237,371,244,374,253,378,261,381,268,385,275,388,284,386,290,382,294,376,295,371,296,312,239,324,239,335,239,343,242,335,243,324,243,369,247,377,246,382,248,382,250,380,252,374,251,333,319,351,312,362,311,369,313,374,312,377,315,374,323,372,333,369,335,363,336,356,334,347,331,336,319,352,320,365,321,370,322,373,322,368,323,365,322,359,321,160.41,27.78,94.7,34.68,155.98,46.09,138.02,68.18
476,2026-02-11T17:44:19.981706,242,216,228,247,226,263,234,300,249,317,267,330,301,349,331,359,345,361,353,360,356,350,351,337,347,326,343,311,346,278,350,263,368,236,288,223,303,220,320,219,337,221,355,225,380,230,387,231,391,232,391,235,388,238,365,245,369,253,372,261,376,269,379,276,382,285,380,292,376,295,370,296,365,297,303,239,315,241,327,241,336,242,327,244,316,243,364,248,372,248,378,250,378,251,376,253,370,251,328,319,346,313,356,311,363,314,368,314,371,316,369,324,369,333,366,335,360,335,353,333,344,330,332,319,347,320,360,322,366,322,368,323,364,323,361,322,355,321,155.7,30.84,88.08,24.6,144.95,39.38,134.34,69.7
477,2026-02-11T17:44:20.012280,235,217,223,248,221,263,228,301,242,317,258,330,291,349,322,360,338,361,348,360,354,350,352,336,349,325,349,311,356,279,359,264,374,237,275,223,289,220,305,219,323,221,343,226,373,231,384,232,390,233,391,236,388,240,357,246,361,254,364,262,368,269,371,277,374,286,372,292,369,296,363,297,359,298,288,239,301,242,314,242,325,242,316,244,303,243,360,248,369,249,376,251,378,252,375,254,367,252,318,321,339,314,350,313,358,315,364,315,367,318,365,325,364,333,361,335,355,335,346,333,336,330,322,321,340,321,355,323,361,323,363,325,360,324,356,323,349,322,129.86,23.4,76.45,17.36,160.56,52.2,128.08,73.07
478,2026-02-11T17:44:20.045725,230,221,220,251,219,267,227,303,239,319,254,331,284,349,313,360,328,361,338,360,342,351,339,336,336,325,335,311,342,278,347,264,367,237,265,223,277,220,292,219,310,221,330,225,362,231,373,232,381,233,384,235,382,239,346,245,350,254,353,262,357,269,360,277,363,286,362,292,358,295,354,297,350,297,276,240,288,242,302,242,313,242,304,244,291,244,350,248,360,248,369,250,372,252,367,254,358,252,307,321,328,315,339,314,348,316,355,316,358,318,358,325,355,332,351,334,345,334,336,332,326,329,311,321,329,321,345,322,352,323,356,324,350,324,346,323,338,322,139.36,17.22,67.94,16.49,150.23,59.71,121.82,74.63
479,2026-02-11T17:44:20.073725,218,224,211,255,211,271,222,307,235,322,250,333,280,349,309,358,323,359,333,357,336,349,333,334,331,324,330,310,336,278,341,264,356,237,252,224,264,220,279,219,297,221,316,225,348,231,360,231,369,232,373,235,372,239,332,245,335,253,338,260,342,267,345,275,348,284,347,291,344,294,340,295,337,296,263,240,274,242,287,242,299,243,290,245,277,245,337,248,347,248,356,250,359,252,354,254,344,252,298,319,317,313,328,312,337,313,344,313,347,314,347,319,344,325,340,328,335,328,326,328,316,326,301,319,319,318,335,319,342,319,345,319,339,319,335,319,327,319,139.48,18.57,65.01,14.83,115.37,42.5,116.21,71.7
480,2026-02-11T17:44:20.103753,211,223,205,253,205,267,213,301,224,316,237,328,264,346,292,356,307,356,318,354,326,343,329,326,330,314,331,300,338,269,342,256,356,231,242,225,254,221,269,220,287,222,306,226,338,230,351,229,360,228,364,230,364,234,321,245,324,253,326,261,329,268,332,277,334,286,333,293,330,296,327,297,323,297,252,240,263,241,277,242,288,243,280,245,267,246,327,248,337,246,347,248,351,249,345,253,334,252,284,319,303,313,314,312,324,313,331,312,335,314,335,320,331,327,326,329,319,329,310,328,301,326,288,319,305,319,321,319,328,319,333,320,325,320,320,320,313,320,130.3,21.36,61.84,15.54,96.71,34.92,100.07,57.51
481,2026-02-11T17:44:20.141030,205,222,200,251,200,265,206,298,215,313,226,325,250,344,277,355,293,356,306,354,319,343,328,326,331,314,333,300,339,270,342,256,352,230,229,225,239,220,254,219,272,221,291,225,326,227,341,225,351,225,357,227,357,231,308,244,310,253,311,261,313,269,315,278,316,288,314,294,312,297,310,298,308,298,240,241,251,241,265,241,277,243,268,245,254,246,318,248,328,245,339,246,345,249,337,253,326,251,267,319,285,314,296,313,306,315,313,314,319,315,324,320,316,328,309,331,302,331,292,330,282,327,271,319,287,320,303,321,313,321,321,320,308,322,303,322,295,321,146.75,24.11,56.76,13.25,89.45,33.15,84.28,35.77
482,2026-02-11T17:44:20.166030,199,222,196,251,197,265,204,299,213,314,223,326,247,345,272,356,288,356,301,354,314,343,323,326,326,315,330,301,336,270,338,256,346,229,220,224,229,220,242,218,259,221,279,224,315,225,331,223,342,222,348,224,350,229,297,244,298,253,300,261,301,269,302,278,303,287,302,294,301,297,299,298,297,298,232,241,241,241,254,241,267,244,258,246,245,247,310,248,320,244,331,245,337,247,329,252,318,251,261,320,276,315,287,314,296,316,304,314,310,315,316,320,308,330,302,333,294,334,284,333,275,330,265,321,280,322,295,323,305,322,313,320,300,323,294,323,287,323,160.47,22.05,56.47,12.35,85.8,20.87,78.97,24.9
483,2026-02-11T17:44:20.203057,192,223,190,252,191,266,198,299,207,315,217,327,240,345,265,356,281,357,295,355,311,344,321,327,325,316,329,301,335,269,337,255,343,227,211,224,219,220,233,218,250,220,270,223,308,224,324,222,336,221,343,223,345,228,289,243,290,252,292,261,293,269,294,278,294,287,294,294,292,296,291,297,289,298,224,241,234,241,247,241,260,244,250,246,237,246,304,247,315,244,326,245,333,247,324,251,313,250,253,322,269,317,279,316,289,317,297,315,303,317,311,321,302,331,295,335,287,336,276,335,267,332,256,322,272,323,287,324,298,323,308,321,293,324,287,325,279,324,161.04,21.95,55.51,11.99,83.59,20.29,77.44,23.82
484,2026-02-11T17:44:20.230595,188,225,186,253,188,268,196,301,205,316,215,328,238,347,263,358,280,358,294,356,310,344,321,326,325,315,329,301,334,268,335,254,340,226,205,224,213,219,226,217,243,219,263,222,302,222,318,220,331,218,338,220,341,225,284,242,285,252,286,260,288,268,289,277,290,287,289,293,288,296,287,297,286,298,219,242,229,241,242,241,255,244,245,246,232,247,299,245,310,243,321,243,329,245,320,249,308,248,249,322,265,317,275,316,285,317,294,315,300,317,309,321,300,333,293,336,284,338,273,337,263,334,252,323,269,324,284,325,296,323,306,321,291,325,284,325,276,325,159.61,22.05,54.16,11.32,77.79,18.94,75.54,24.94
485,2026-02-11T17:44:20.260595,185,226,184,255,185,270,193,303,202,318,212,330,234,348,260,359,276,360,290,357,307,344,319,326,323,315,328,300,332,268,333,253,337,225,201,224,209,219,222,217,239,218,259,221,298,221,314,218,327,216,335,218,338,223,280,241,281,251,282,260,284,268,285,277,286,287,285,293,284,296,283,297,282,298,215,242,225,241,238,241,251,244,241,246,228,247,296,244,307,241,318,241,326,243,316,247,305,246,248,323,263,318,272,316,281,318,290,316,296,317,304,321,296,333,289,337,280,338,270,338,261,334,251,323,266,324,280,325,291,323,301,321,287,325,280,325,273,325,162.71,22.06,54.31,10.96,78.47,19.02,79.78,26.84
486,2026-02-11T17:44:20.299623,183,226,181,255,182,270,190,304,199,319,209,331,231,350,257,361,273,361,288,359,305,345,317,327,322,315,326,300,330,268,330,253,334,225,199,224,207,219,220,216,237,218,256,221,296,221,312,218,325,216,332,218,335,223,277,241,278,251,279,259,281,267,282,276,283,286,282,293,281,296,280,297,279,298,214,242,223,241,235,241,248,244,238,246,226,247,294,244,304,240,316,241,323,242,314,246,302,246,244,323,260,318,269,317,279,319,287,317,293,318,303,321,294,334,287,338,277,340,267,339,257,336,247,323,263,325,278,326,289,324,300,322,284,326,278,326,270,326,161.23,22.44,53.7,10.63,77.77,17.91,81.53,26.25
487,2026-02-11T17:44:20.324194,180,226,179,255,180,270,188,305,197,320,207,332,229,351,254,363,271,363,286,361,303,346,315,327,320,316,324,301,329,268,330,253,333,225,196,224,203,219,216,216,233,217,254,220,294,220,311,217,323,216,331,218,334,223,275,241,276,251,277,259,279,267,280,276,281,287,280,293,279,296,278,298,277,299,212,243,221,241,234,241,246,244,236,246,224,247,292,244,303,240,314,241,321,242,312,246,301,246,242,324,258,319,267,318,276,320,285,318,291,319,300,322,292,336,284,340,275,341,264,340,255,337,246,324,261,325,275,327,287,325,297,323,282,326,275,327,267,326,161.23,22.83,52.78,10.17,75.35,17.58,82.53,24.79
488,2026-02-11T17:44:20.357194,179,226,177,256,179,271,187,305,195,321,205,333,227,352,252,365,268,365,283,363,300,348,312,327,317,316,321,301,327,268,328,253,332,225,194,224,202,219,215,216,232,217,252,220,292,220,309,217,321,216,329,218,332,223,273,241,275,251,276,259,277,267,278,276,279,286,278,293,277,296,276,298,275,299,211,243,220,241,232,241,245,244,235,246,223,247,290,244,301,240,312,241,319,242,310,246,299,245,242,324,256,320,265,319,273,321,281,319,286,320,295,324,287,336,280,340,272,342,262,341,253,337,245,325,259,326,272,328,283,326,292,324,278,327,272,328,265,327,161.97,22.05,53.32,10.22,75.17,17.78,81.21,24.33
489,2026-02-11T17:44:20.387194,179,226,177,256,178,271,187,306,195,321,204,334,226,354,250,366,267,367,281,364,298,349,311,328,316,316,320,301,325,268,327,254,331,225,194,225,201,219,214,216,232,217,252,220,291,220,308,217,321,216,329,218,332,223,272,241,273,251,274,259,275,268,276,276,277,286,276,293,275,296,274,298,273,299,210,243,219,241,231,241,243,244,234,246,221,247,289,244,300,240,311,240,318,242,309,246,298,246,241,325,255,321,264,320,272,322,280,319,286,321,294,324,287,337,280,342,271,343,261,342,252,338,244,325,258,327,271,329,282,327,292,325,277,328,271,329,264,328,162.48,22.09,52.84,10.41,74.75,17.12,81.93,23.94
490,2026-02-11T17:44:20.425351,178,226,177,256,178,271,186,306,194,322,203,334,224,354,249,367,266,368,280,365,298,350,311,330,316,317,320,302,325,269,326,254,330,225,193,225,201,219,214,216,231,217,251,220,290,220,307,217,320,216,328,218,331,223,271,241,272,251,273,259,274,267,275,276,276,286,275,293,274,296,273,298,272,299,209,243,219,241,231,241,243,244,233,245,221,247,289,244,299,240,310,241,317,243,308,246,297,245,242,326,255,320,263,319,271,321,279,319,284,320,291,325,285,339,279,344,270,346,259,345,251,340,246,326,258,328,270,329,280,328,288,325,276,329,270,330,263,329,162.62,21.8,51.99,10.56,73.01,16.31,80.41,23.96
491,2026-02-11T17:44:20.453351,177,227,176,256,177,271,186,306,194,322,203,335,224,355,249,367,265,368,280,366,298,350,311,330,315,318,320,302,325,269,326,254,330,225,192,225,200,219,212,216,229,217,249,220,289,220,306,217,319,216,327,218,330,223,270,241,271,251,272,259,273,267,274,276,275,286,274,293,273,296,272,298,271,299,208,243,217,241,229,241,242,244,232,245,220,247,288,244,298,240,309,241,317,243,308,246,296,246,240,326,253,320,262,318,271,320,279,319,285,320,292,325,286,341,279,346,269,348,259,347,250,342,244,327,257,327,270,329,280,327,289,326,276,331,270,333,262,332,164.15,21.59,52.42,10.25,73.88,16.39,79.36,24.23
492,2026-02-11T17:44:20.480351,177,227,176,256,177,271,186,306,194,322,203,335,224,355,249,368,265,369,280,366,298,351,311,330,315,318,320,302,325,269,326,254,330,225,192,224,199,219,212,216,229,217,249,220,289,220,306,217,319,216,327,218,330,223,270,241,271,251,272,259,273,267,274,276,274,286,274,293,273,296,272,298,271,299,207,243,217,241,229,241,241,244,232,245,219,247,287,244,298,240,309,241,316,243,307,246,296,246,239,326,252,320,262,318,271,320,279,318,286,319,293,325,287,341,279,347,269,348,258,347,249,343,242,326,256,327,270,328,281,327,290,325,276,332,270,333,262,333,163.87,21.67,51.95,10.24,73.43,15.96,78.44,24.0
493,2026-02-11T17:44:20.511438,177,226,177,256,178,271,186,306,194,322,203,335,224,354,248,367,265,368,280,365,297,350,310,330,315,318,320,302,325,269,326,254,330,225,192,224,199,218,212,215,229,217,249,220,288,219,305,217,318,215,327,218,330,223,269,240,270,250,271,259,272,267,273,276,274,286,273,292,272,296,271,297,271,298,207,243,217,241,229,241,241,244,231,245,219,247,287,243,298,240,309,240,316,242,307,246,296,245,238,326,252,319,261,316,270,318,279,316,286,318,294,325,286,341,279,346,269,348,258,347,249,342,242,326,256,326,269,327,281,326,290,325,276,332,269,333,261,332,165.64,22.03,51.88,10.07,73.91,16.91,80.09,24.96
494,2026-02-11T17:44:20.553438,178,226,177,256,178,271,186,306,194,322,203,334,224,354,248,367,265,368,280,365,297,350,310,330,315,318,320,302,325,269,326,254,330,225,193,223,200,217,213,215,230,216,249,219,289,218,305,216,318,214,326,217,330,222,270,239,271,249,271,257,272,265,273,274,274,283,273,290,273,293,272,295,271,296,207,242,217,240,229,240,241,243,232,245,219,246,287,243,298,239,309,240,316,242,307,245,296,245,237,324,251,316,261,314,270,315,279,313,286,315,294,323,287,341,279,345,269,347,258,346,249,342,240,324,255,323,269,323,281,323,291,323,276,331,269,332,261,332,165.8,21.79,53.44,10.24,75.59,17.37,80.5,24.74
495,2026-02-11T17:44:20.580438,178,225,177,255,179,270,187,305,195,320,204,333,225,352,249,365,265,366,280,364,298,349,310,329,315,317,320,302,325,268,326,253,330,224,194,222,202,216,214,213,231,215,250,218,289,217,306,214,319,213,327,216,330,221,270,238,271,248,272,256,273,264,274,272,275,282,274,288,273,292,272,293,272,295,208,241,218,239,230,239,243,242,233,244,220,245,288,242,298,238,310,238,317,240,308,244,297,244,237,322,252,314,261,312,271,313,280,311,287,313,295,321,287,339,279,344,269,345,258,344,249,340,240,322,255,321,270,321,282,321,292,322,276,329,270,330,262,329,165.29,21.49,54.24,10.22,74.2,16.87,80.08,24.99
496,2026-02-11T17:44:20.607003,179,224,178,254,179,269,187,303,195,318,205,331,225,350,249,362,266,363,280,361,298,347,311,328,315,317,320,301,325,268,326,253,330,224,195,221,203,214,215,211,232,212,251,215,291,215,307,212,320,211,328,214,331,220,271,236,272,246,273,254,274,262,275,270,275,280,275,286,274,290,273,291,272,293,209,240,219,237,231,237,243,240,233,242,221,244,289,241,299,237,311,237,318,240,309,244,298,243,238,320,252,311,262,309,272,311,280,309,287,311,296,320,288,336,280,340,270,342,259,341,250,336,241,320,256,318,271,319,282,318,293,320,277,326,270,326,262,326,165.47,21.64,54.78,10.3,75.2,16.64,82.81,25.9
497,2026-02-11T17:44:20.638003,180,222,179,252,180,267,188,301,196,316,205,328,226,347,250,359,266,360,281,358,298,345,311,327,316,315,320,300,325,267,326,252,331,223,196,219,204,213,216,210,233,211,252,214,291,214,307,211,320,211,328,214,331,219,271,235,272,244,273,252,274,260,275,268,275,277,275,284,274,287,273,289,272,290,210,238,219,236,232,236,244,238,234,241,221,242,289,239,299,236,311,237,318,239,309,242,298,241,239,318,252,309,262,306,272,308,280,306,288,309,296,318,288,334,280,338,270,340,259,338,250,334,242,318,256,316,271,316,282,316,293,318,277,324,270,325,262,324,166.24,21.67,56.72,10.21,77.32,16.58,85.12,24.04
498,2026-02-11T17:44:20.669003,181,221,179,250,180,265,188,299,196,315,206,327,226,346,250,358,266,359,281,357,298,344,311,326,316,315,320,300,326,267,327,252,331,223,196,218,204,212,216,209,233,210,251,213,290,213,307,211,320,210,328,214,331,219,271,234,272,243,272,251,273,258,274,266,274,276,273,282,273,285,272,287,271,289,210,236,220,235,232,235,244,237,234,239,222,240,289,238,299,235,310,236,318,238,309,241,297,240,238,317,251,307,261,305,271,306,280,305,287,308,295,317,287,332,279,336,269,338,259,336,249,332,241,317,256,314,270,314,282,314,292,317,277,323,270,324,262,323,166.53,21.44,56.36,9.58,76.32,16.29,86.82,24.96
499,2026-02-11T17:44:20.700030,181,218,179,247,180,262,188,296,197,311,205,323,225,343,248,356,264,358,279,356,297,343,311,324,316,313,320,299,326,266,327,251,331,222,197,216,204,211,216,208,232,209,251,211,289,212,306,210,319,210,327,213,330,219,270,232,270,242,270,250,271,257,271,266,272,275,271,282,271,285,270,287,269,288,209,234,219,233,232,233,243,235,234,237,221,238,288,237,298,235,310,236,318,237,308,240,297,239,237,315,250,306,260,303,269,305,278,304,285,306,294,316,285,330,277,334,267,335,257,333,248,330,241,315,254,313,268,314,280,314,290,316,274,320,268,320,260,319,167.91,22.21,57.53,9.03,75.3,16.41,82.23,24.39
500,2026-02-11T17:44:20.730585,181,217,180,245,181,260,188,294,197,310,205,322,224,341,247,354,263,356,278,354,296,341,311,323,316,312,321,298,327,265,328,250,331,222,197,215,204,210,216,207,231,208,249,211,287,211,304,210,318,209,326,213,330,218,268,231,269,240,269,248,269,256,270,264,270,273,270,279,269,283,269,285,268,286,209,233,219,232,231,232,243,234,233,235,221,236,287,235,297,234,309,235,317,236,307,239,296,238,237,313,249,304,258,302,268,304,276,302,284,305,292,315,284,329,276,332,266,333,256,332,247,328,240,313,253,311,267,312,278,312,289,315,273,319,266,319,259,318,169.53,22.27,59.38,9.98,76.82,16.52,83.72,25.09
501,2026-02-11T17:44:20.761526,183,217,181,245,182,260,189,294,197,309,205,321,224,340,247,353,263,354,277,353,296,340,310,323,316,312,321,298,327,265,329,250,331,222,197,214,204,209,216,206,232,207,250,210,287,211,304,209,317,209,326,212,330,218,268,231,269,239,269,247,269,255,270,262,270,272,270,278,269,281,268,283,268,285,210,232,219,231,232,231,243,233,233,235,221,236,287,235,297,234,309,235,317,236,307,238,296,237,237,312,250,303,259,300,268,302,276,301,284,304,292,314,283,327,276,331,266,332,256,330,247,326,241,312,254,310,267,311,278,311,288,314,273,317,267,317,259,316,169.49,22.3,59.9,9.79,77.4,16.34,85.91,23.66
502,2026-02-11T17:44:20.798458,184,217,183,245,183,260,190,294,198,309,206,320,225,339,248,351,264,353,278,351,297,339,311,321,316,311,321,297,328,265,329,250,332,221,197,214,205,208,216,205,232,207,250,209,289,210,305,208,318,208,327,211,330,217,269,230,270,239,270,247,271,254,271,261,272,270,271,277,270,280,270,282,269,284,210,232,220,231,232,231,243,233,234,235,221,235,288,235,298,233,310,234,317,235,308,238,297,237,238,311,250,302,260,300,269,302,277,300,284,303,293,313,284,326,276,330,267,331,257,329,248,325,241,311,255,309,268,310,279,310,289,313,274,316,267,316,260,316,168.37,22.21,59.78,9.83,76.27,15.73,85.11,24.35
503,2026-02-11T17:44:20.827558,185,217,183,245,184,260,192,293,199,308,207,320,226,339,249,351,265,352,279,350,297,338,311,320,317,310,322,295,328,264,330,249,332,221,199,214,207,208,218,205,234,206,252,209,289,210,306,208,319,208,327,211,331,217,271,230,271,239,272,246,272,254,273,261,273,270,272,277,272,280,271,282,270,283,212,231,221,229,233,229,245,233,235,235,223,235,289,235,299,232,310,233,318,235,309,238,297,237,239,311,252,302,261,299,270,301,279,300,286,303,293,312,285,326,277,329,268,330,258,329,249,325,243,311,256,309,269,309,280,310,290,312,275,316,269,316,261,315,167.02,22.37,62.06,10.03,80.25,17.77,87.02,23.49
504,2026-02-11T17:44:20.857472,187,217,185,245,186,260,194,293,201,308,210,320,229,338,252,351,268,352,283,350,300,337,313,319,319,309,323,294,329,263,330,248,334,220,203,214,210,209,222,206,238,207,256,210,293,210,309,209,322,208,329,211,333,217,275,230,275,239,276,247,277,254,278,262,278,271,278,278,277,281,276,283,275,284,215,231,224,230,236,230,248,233,238,235,226,235,291,235,301,232,312,233,320,235,311,238,300,237,242,311,256,302,266,299,275,301,284,300,291,303,298,312,290,326,283,330,273,331,262,330,253,326,246,311,260,309,274,310,285,310,294,312,280,316,273,317,266,316,165.62,22.7,61.59,10.27,82.22,18.43,87.76,24.23
505,2026-02-11T17:44:20.892039,187,217,186,245,187,260,196,293,203,308,212,320,232,339,256,352,272,353,287,351,304,337,316,319,321,308,326,293,331,261,332,247,336,219,204,215,212,209,224,206,241,207,259,210,297,211,312,209,325,208,332,211,335,217,278,230,279,239,280,247,282,255,283,263,283,272,283,278,282,281,281,283,280,284,217,231,227,229,239,229,251,233,241,235,229,235,294,235,305,231,315,232,322,234,314,237,303,237,245,311,260,302,270,300,279,301,288,300,295,303,302,312,295,327,287,331,277,332,266,331,257,327,249,311,264,309,278,310,289,310,299,312,285,317,278,318,270,317,169.73,21.94,61.37,9.54,84.27,19.06,88.07,25.12
506,2026-02-11T17:44:20.927209,188,217,187,246,188,260,196,294,204,309,214,321,234,340,258,352,274,353,289,351,306,337,318,319,322,308,327,294,332,262,333,247,336,220,205,214,213,209,226,206,242,207,261,210,298,210,314,208,326,208,333,211,336,216,280,230,281,239,282,247,283,254,284,262,285,271,284,278,284,281,282,283,281,284,219,231,228,229,240,229,252,233,243,235,230,235,295,235,306,231,316,232,323,234,315,237,304,237,247,311,262,302,272,300,281,302,290,300,296,303,303,312,296,327,289,331,279,333,268,331,258,327,250,311,265,309,280,310,291,309,300,312,286,318,279,318,271,317,169.02,21.88,61.44,9.32,83.3,19.19,87.75,25.27
507,2026-02-11T17:44:20.959127,189,217,187,245,188,260,196,294,204,309,214,321,234,340,258,352,274,353,289,351,306,338,318,319,322,308,327,294,332,262,333,247,337,219,206,214,214,208,226,206,243,207,261,210,299,210,314,209,326,208,334,211,337,216,280,230,281,239,282,247,283,254,284,262,285,271,285,277,284,280,283,282,282,283,219,231,229,229,241,229,253,233,243,234,231,235,296,234,306,231,317,232,324,234,316,237,305,236,248,310,262,302,272,300,281,302,289,300,296,303,303,311,296,327,288,331,278,333,268,331,259,327,251,310,266,308,280,309,291,309,300,311,286,318,279,318,271,318,168.52,22.05,61.1,9.71,82.07,18.39,86.49,25.17
508,2026-02-11T17:44:20.987586,189,214,187,243,188,257,196,292,204,307,213,319,233,339,256,352,272,353,287,351,304,338,317,320,322,309,327,294,332,262,333,248,337,220,206,212,214,206,226,204,242,205,260,209,298,210,314,208,326,208,333,211,336,216,279,229,280,238,281,246,282,253,283,261,285,270,284,276,283,279,282,281,281,282,218,229,228,228,240,228,252,231,242,233,230,233,295,233,306,231,317,232,324,234,315,237,304,236,246,309,262,301,271,299,281,301,289,300,295,302,303,310,295,327,287,331,276,333,265,331,256,326,250,309,265,308,279,309,291,308,299,310,285,318,278,318,270,317,165.1,22.98,62.01,9.89,80.85,17.55,87.32,24.97
509,2026-02-11T17:44:21.017114,189,213,186,242,187,257,194,291,201,306,210,318,229,338,252,351,269,353,284,351,302,338,317,320,322,309,326,295,332,262,334,248,337,220,205,211,213,205,224,203,240,204,258,208,296,210,313,208,325,208,333,211,336,216,277,228,277,237,278,245,279,252,279,260,280,269,279,275,278,278,278,280,277,282,217,229,227,228,240,228,252,230,242,232,229,232,294,233,305,231,316,232,323,234,315,237,303,235,240,308,256,300,266,298,276,300,285,299,292,301,301,310,292,326,283,331,273,332,261,330,252,326,244,308,259,307,275,308,287,308,297,310,281,317,274,318,265,317,164.92,23.28,63.06,10.36,81.75,16.9,88.71,24.2
510,2026-02-11T17:44:21.044891,189,214,186,243,186,257,193,292,200,307,209,318,228,338,251,351,267,353,282,351,301,338,316,320,321,309,326,295,332,262,333,248,337,220,203,211,210,205,221,202,237,204,255,207,293,209,310,207,323,207,332,210,335,216,274,228,275,237,275,244,276,251,276,259,276,268,276,275,275,278,275,280,274,281,216,229,226,228,238,228,249,231,239,232,227,233,293,233,303,231,315,232,322,234,313,236,302,235,238,307,254,300,263,298,273,300,282,298,290,301,299,309,290,325,281,330,270,331,259,329,250,325,242,308,257,306,272,307,285,307,295,309,279,316,271,317,263,316,164.52,24.25,61.01,10.63,79.4,16.06,90.89,24.96
511,2026-02-11T17:44:21.074131,188,214,185,243,186,258,192,292,200,307,208,319,228,338,251,351,267,352,282,351,301,338,316,320,321,309,326,295,332,263,333,248,337,220,201,211,208,205,219,202,235,204,253,207,291,208,308,207,321,207,330,210,334,216,272,228,273,236,273,244,274,251,274,259,274,268,274,275,273,278,272,280,272,281,215,229,224,228,236,228,248,231,238,232,226,233,291,232,302,231,313,232,320,233,311,236,300,235,238,307,252,300,261,298,271,300,280,299,287,301,297,309,288,325,279,329,269,330,258,329,249,324,242,308,256,307,270,307,282,307,294,309,277,316,270,316,262,315,168.67,22.57,60.67,10.68,79.64,16.59,89.55,24.23
512,2026-02-11T17:44:21.105934,187,214,184,243,185,258,191,292,199,307,207,319,227,338,250,351,266,352,281,351,300,338,315,320,321,309,326,295,332,262,333,248,336,219,199,211,206,206,218,203,233,204,252,207,290,209,307,207,320,207,328,210,332,216,271,228,272,237,272,245,273,252,273,260,273,269,273,275,272,278,272,280,271,282,215,230,223,228,235,228,246,231,237,233,225,233,290,232,301,231,311,232,319,233,310,236,299,235,238,307,252,301,261,299,270,301,279,299,286,301,296,309,287,324,279,328,269,330,258,328,249,324,241,308,255,307,269,308,282,308,293,309,276,314,269,315,261,314,168.8,22.31,60.78,10.34,79.65,16.62,91.0,23.12
513,2026-02-11T17:44:21.143618,186,215,183,243,184,258,191,293,198,308,207,319,227,338,250,351,266,353,280,351,299,338,314,320,320,309,325,295,332,262,333,248,335,219,199,211,206,206,217,203,233,204,251,207,289,209,306,207,319,207,327,210,331,216,271,228,271,237,271,245,272,252,272,260,273,270,272,276,272,280,271,281,270,283,213,230,222,229,234,228,245,231,236,233,224,234,289,233,300,231,310,232,318,233,309,236,298,235,237,307,251,301,260,299,269,302,278,300,286,302,296,309,287,324,278,328,268,329,257,328,248,323,240,308,254,307,269,309,281,308,293,309,276,313,269,314,261,313,168.12,22.28,60.1,10.3,78.02,16.98,92.92,22.47
514,2026-02-11T17:44:21.169293,185,215,183,244,183,259,190,293,198,308,207,320,227,339,249,351,265,353,280,351,298,338,313,320,320,309,325,295,331,262,332,248,334,219,198,212,205,206,217,203,233,205,251,207,289,209,305,207,318,207,327,210,331,216,270,229,271,238,271,246,272,254,272,262,272,271,272,278,271,281,271,283,270,284,213,231,221,229,233,229,244,232,235,234,223,234,289,233,299,232,310,232,318,234,309,237,298,236,237,307,251,302,260,300,269,303,278,301,285,303,295,309,286,324,278,329,268,330,257,328,248,323,240,308,254,309,268,311,281,310,292,309,275,314,268,314,261,313,168.65,22.33,59.62,10.11,76.57,16.34,92.48,22.4
515,2026-02-11T17:44:21.204497,184,216,182,245,183,260,190,294,197,309,206,321,226,340,249,353,265,354,280,352,298,339,313,321,319,310,324,295,330,263,331,248,333,219,197,213,204,207,216,204,232,206,250,208,288,209,305,208,318,207,326,211,330,216,270,230,270,239,271,248,271,255,272,263,272,273,272,279,271,283,270,284,270,286,211,232,220,230,232,230,244,233,234,235,222,235,289,235,299,232,310,233,317,234,308,237,297,237,237,310,251,304,260,303,269,305,278,303,285,305,295,310,286,327,278,331,268,333,257,331,248,326,241,311,254,311,268,312,281,311,292,311,275,317,268,318,261,317,168.94,22.41,59.95,9.77,78.52,17.01,95.12,22.41
516,2026-02-11T17:44:21.230071,183,217,182,246,183,262,190,296,198,311,206,323,226,342,249,354,265,356,279,354,297,340,312,322,318,311,324,296,330,263,331,248,333,220,196,214,203,208,215,205,231,207,249,209,288,210,304,208,317,208,326,211,330,216,269,231,270,240,270,249,271,256,271,265,271,274,271,281,271,284,270,286,269,287,211,233,220,231,231,231,243,235,233,237,222,237,288,236,299,233,309,233,316,235,308,238,297,238,237,311,250,306,259,304,269,306,277,304,284,306,294,312,285,329,277,333,267,335,257,333,248,328,241,312,254,311,268,312,280,312,291,312,275,320,268,321,260,320,167.73,22.35,58.7,9.88,76.63,16.7,91.77,22.34
517,2026-02-11T17:44:21.261438,182,218,181,247,182,263,190,297,198,312,206,324,226,343,249,356,265,357,279,355,297,341,312,322,318,311,324,297,330,264,331,249,333,220,196,215,203,209,214,206,230,207,249,210,287,211,304,209,317,208,326,211,330,217,269,231,269,241,270,249,271,257,271,265,271,275,271,281,271,285,270,286,269,287,211,234,219,231,231,231,243,235,233,237,221,238,288,237,298,233,309,234,316,236,307,239,296,239,237,312,250,306,259,304,268,306,277,304,284,306,294,313,285,330,277,335,267,336,256,335,247,330,240,313,254,312,268,313,280,312,291,313,275,322,267,323,260,322,167.72,22.32,58.12,9.49,75.9,16.26,89.95,23.08
518,2026-02-11T17:44:21.292165,182,219,181,248,182,264,190,298,198,313,206,325,226,344,249,357,265,358,279,356,297,342,312,323,318,312,323,297,330,264,330,249,333,220,195,215,202,209,214,206,230,207,249,210,287,211,304,209,317,208,325,211,329,217,268,231,269,241,270,250,270,257,271,266,271,275,271,282,270,285,270,287,269,288,210,234,219,232,230,231,242,236,232,238,221,239,288,237,298,233,309,234,316,236,307,239,296,239,236,313,250,306,259,305,268,306,277,305,285,307,294,313,285,330,277,335,267,337,256,335,247,330,240,313,253,312,268,313,280,312,291,314,275,322,267,323,259,322,168.27,22.33,57.61,9.47,75.91,16.47,90.27,22.89
519,2026-02-11T17:44:21.322123,181,219,180,249,181,264,189,299,197,314,206,326,226,345,249,358,265,359,279,357,297,343,312,324,318,313,323,298,329,264,330,249,332,220,195,216,202,210,214,207,230,208,248,210,287,211,304,209,317,209,325,212,329,217,268,232,269,242,270,250,270,258,271,266,272,276,271,283,271,286,270,288,269,289,210,235,218,232,230,232,242,236,232,238,220,239,288,237,298,233,309,234,316,236,307,240,296,239,236,314,250,308,259,306,269,308,278,306,285,308,294,314,286,332,278,337,267,339,256,337,247,332,239,315,254,313,268,314,280,313,291,314,275,324,268,325,260,324,167.97,22.35,56.92,9.31,75.64,16.42,89.45,22.78
520,2026-02-11T17:44:21.355779,181,220,180,249,180,265,189,300,197,315,206,327,226,346,249,359,265,360,279,358,297,344,312,325,318,314,323,299,329,265,330,250,332,220,194,217,201,211,213,208,229,209,248,211,287,212,303,210,317,210,325,213,329,218,268,233,269,242,270,251,270,259,271,267,271,277,271,284,271,287,270,289,269,290,209,235,218,233,230,232,241,236,232,238,220,239,287,237,298,234,309,234,316,236,307,240,296,239,236,315,250,309,259,307,269,309,278,307,285,309,294,315,286,333,278,338,267,340,256,338,247,333,239,316,253,314,268,315,280,314,291,316,275,325,268,326,260,325,166.77,22.67,55.99,8.91,75.44,16.67,86.86,22.35
521,2026-02-11T17:44:21.386055,180,220,179,250,180,265,188,300,196,316,205,328,226,347,249,360,265,361,279,359,297,345,311,326,318,314,323,299,329,266,330,250,332,221,194,217,201,211,213,209,229,210,248,212,287,213,303,211,316,210,325,213,329,219,268,233,269,243,269,252,270,259,271,268,271,278,271,284,270,288,270,289,269,290,208,236,218,234,230,233,241,237,232,239,220,239,287,238,298,235,309,235,316,237,307,240,296,240,235,316,249,309,259,307,269,309,278,307,285,309,294,316,286,334,278,339,267,341,256,339,247,334,239,317,253,315,268,315,280,315,291,317,275,325,268,326,259,325,165.74,22.92,55.71,9.06,75.19,16.91,86.28,23.12
522,2026-02-11T17:44:21.416984,179,220,178,250,179,266,188,301,196,316,205,328,225,348,248,361,264,362,279,360,297,345,311,326,317,315,323,300,329,266,330,251,332,221,193,218,200,212,212,209,229,210,248,213,286,213,303,211,316,211,325,214,329,219,268,234,268,244,269,252,270,260,270,269,271,279,271,285,270,289,269,290,269,292,208,236,217,234,229,234,241,237,231,239,219,240,287,238,297,235,309,236,316,237,307,241,296,240,234,317,249,310,258,308,268,310,277,308,285,310,294,317,286,335,278,340,267,341,256,340,246,335,238,317,253,316,268,317,280,316,291,317,275,326,267,326,259,325,164.64,22.97,54.96,9.26,73.8,17.14,86.05,22.14
523,2026-02-11T17:44:21.455096,179,220,178,250,179,265,187,300,196,316,205,328,225,347,248,361,264,362,279,360,297,345,311,326,317,315,323,300,329,266,330,251,332,221,193,218,200,213,212,210,228,211,247,213,286,214,303,212,316,211,325,214,329,219,267,234,268,244,268,253,269,261,270,269,270,279,270,286,269,289,269,291,268,292,208,236,217,235,229,234,241,237,231,239,219,240,287,238,297,236,308,236,316,238,307,241,295,240,233,318,248,310,258,308,268,310,277,308,284,310,294,317,286,335,277,341,266,342,255,341,245,336,237,318,252,316,267,317,280,316,291,317,274,326,267,327,258,326,166.16,24.51,54.58,9.62,73.54,16.49,84.67,22.46
524,2026-02-11T17:44:21.481771,179,220,178,250,179,265,187,300,195,315,204,327,224,347,247,360,264,362,279,359,297,345,311,326,317,314,323,299,329,266,330,251,332,221,192,218,199,213,211,210,227,211,246,214,286,214,303,212,316,211,325,214,329,219,267,234,267,244,268,253,269,261,269,270,270,279,269,286,269,289,268,291,268,292,207,236,216,235,228,235,240,237,231,239,218,240,286,238,297,235,308,236,316,238,307,241,295,240,232,317,247,311,257,309,267,310,277,308,284,310,294,317,285,336,277,341,266,343,254,341,245,336,236,318,251,317,267,317,280,316,291,317,274,326,266,327,258,326,165.94,24.61,54.16,9.34,74.11,16.48,83.72,22.89
525,2026-02-11T17:44:21.509039,179,220,178,250,179,265,187,300,195,315,204,327,224,347,247,360,264,362,279,359,297,345,311,326,317,314,323,299,329,266,330,251,332,221,192,218,199,213,211,210,227,211,246,214,286,214,303,212,316,211,325,214,329,219,267,234,267,244,268,253,269,261,269,270,270,280,269,286,269,290,268,291,267,292,206,236,216,235,228,235,240,237,230,239,218,240,286,238,297,235,308,236,316,238,307,241,295,240,232,317,247,311,257,309,267,311,276,309,284,310,294,316,285,335,277,340,266,342,254,340,244,335,236,318,251,317,266,318,279,317,291,317,273,326,266,327,257,326,166.05,24.6,54.03,9.51,73.34,16.6,83.61,22.9
526,2026-02-11T17:44:21.546284,179,220,178,250,179,265,187,300,195,315,203,327,223,347,247,360,264,361,279,359,297,345,311,325,317,314,323,298,329,265,330,250,332,221,192,218,199,212,210,210,227,211,246,214,285,214,303,212,316,211,325,214,329,219,266,234,267,244,267,253,268,261,269,270,269,280,269,287,268,290,268,291,267,292,206,236,216,235,228,235,240,237,230,239,218,240,286,238,296,235,308,236,316,238,306,241,295,240,232,318,247,311,257,309,266,311,276,309,284,310,294,316,285,334,276,338,266,340,254,339,245,335,235,318,251,318,266,319,279,317,291,317,273,323,266,324,257,323,168.0,24.4,53.76,9.67,73.15,17.01,83.41,22.77
527,2026-02-11T17:44:21.570675,179,220,178,250,179,265,187,300,195,315,203,327,223,346,247,360,263,361,278,359,297,345,311,325,317,313,323,298,329,264,330,249,332,221,192,218,199,212,210,210,227,211,246,214,285,214,303,212,316,211,325,214,329,219,266,234,267,244,267,253,268,261,269,270,269,280,269,286,268,289,268,291,267,292,206,236,215,235,228,235,240,237,230,239,218,240,286,238,297,235,308,235,316,237,306,241,295,240,232,317,247,311,256,309,266,311,275,309,283,310,294,316,284,332,276,337,265,338,254,337,244,333,235,318,250,318,266,319,279,318,291,317,273,321,266,322,257,321,167.61,24.38,53.86,9.79,73.76,16.92,83.01,22.25
528,2026-02-11T17:44:21.607652,179,220,178,249,179,265,187,299,195,315,203,327,223,346,246,360,263,361,278,359,297,345,311,325,317,313,323,298,329,264,330,249,332,221,192,218,199,212,211,209,227,211,246,214,285,214,303,211,316,210,325,213,329,219,266,234,267,244,267,253,268,261,269,269,269,279,269,286,268,289,268,291,267,292,206,236,215,235,228,235,240,237,230,239,218,240,286,238,297,235,308,235,316,237,306,241,295,240,231,317,246,311,256,309,266,311,275,309,283,311,294,316,284,331,275,335,265,336,254,335,244,332,235,318,250,318,265,319,278,318,291,317,272,320,265,321,257,320,167.54,24.36,53.28,9.96,73.05,16.71,83.76,23.46
