frame,timestamp,lm_0_x,lm_0_y,lm_1_x,lm_1_y,lm_2_x,lm_2_y,lm_3_x,lm_3_y,lm_4_x,lm_4_y,lm_5_x,lm_5_y,lm_6_x,lm_6_y,lm_7_x,lm_7_y,lm_8_x,lm_8_y,lm_9_x,lm_9_y,lm_10_x,lm_10_y,lm_11_x,lm_11_y,lm_12_x,lm_12_y,lm_13_x,lm_13_y,lm_14_x,lm_14_y,lm_15_x,lm_15_y,lm_16_x,lm_16_y,lm_17_x,lm_17_y,lm_18_x,lm_18_y,lm_19_x,lm_19_y,lm_20_x,lm_20_y,lm_21_x,lm_21_y,lm_22_x,lm_22_y,lm_23_x,lm_23_y,lm_24_x,lm_24_y,lm_25_x,lm_25_y,lm_26_x,lm_26_y,lm_27_x,lm_27_y,lm_28_x,lm_28_y,lm_29_x,lm_29_y,lm_30_x,lm_30_y,lm_31_x,lm_31_y,lm_32_x,lm_32_y,lm_33_x,lm_33_y,lm_34_x,lm_34_y,lm_35_x,lm_35_y,lm_36_x,lm_36_y,lm_37_x,lm_37_y,lm_38_x,lm_38_y,lm_39_x,lm_39_y,lm_40_x,lm_40_y,lm_41_x,lm_41_y,lm_42_x,lm_42_y,lm_43_x,lm_43_y,lm_44_x,lm_44_y,lm_45_x,lm_45_y,lm_46_x,lm_46_y,lm_47_x,lm_47_y,lm_48_x,lm_48_y,lm_49_x,lm_49_y,lm_50_x,lm_50_y,lm_51_x,lm_51_y,lm_52_x,lm_52_y,lm_53_x,lm_53_y,lm_54_x,lm_54_y,lm_55_x,lm_55_y,lm_56_x,lm_56_y,lm_57_x,lm_57_y,lm_58_x,lm_58_y,lm_59_x,lm_59_y,lm_60_x,lm_60_y,lm_61_x,lm_61_y,lm_62_x,lm_62_y,lm_63_x,lm_63_y,lm_64_x,lm_64_y,lm_65_x,lm_65_y,lm_66_x,lm_66_y,lm_67_x,lm_67_y,lm_68_x,lm_68_y,nose_tip_mean,nose_tip_std,left_eye_mean,left_eye_std,right_eye_mean,right_eye_std,forehead_mean,forehead_std
1,2026-02-11T16:51:06.825390,261,336,263,352,263,360,261,376,260,382,258,385,258,390,262,393,268,393,276,391,292,387,310,380,319,376,326,368,333,349,333,341,329,321,254,329,253,325,255,322,258,320,263,319,278,314,286,311,295,310,303,312,309,316,270,325,268,329,266,331,264,334,262,336,260,340,260,343,262,346,264,348,265,350,257,336,258,333,262,331,267,333,263,335,259,336,285,328,289,323,295,323,301,326,295,328,289,328,259,368,260,361,262,359,266,358,269,357,274,358,283,363,275,366,270,368,266,369,263,370,261,370,260,368,263,365,267,363,274,362,282,363,270,363,267,364,264,364,145.57,35.83,130.48,36.06,91.21,21.35,153.33,56.44
2,2026-02-11T16:51:06.856270,261,336,263,353,263,360,261,376,259,382,258,385,258,390,262,393,267,393,275,392,291,388,308,381,317,377,324,370,331,350,331,341,327,322,254,329,254,325,255,322,258,320,263,319,277,314,285,311,294,310,301,312,307,316,269,326,267,329,266,331,264,334,262,336,260,340,260,344,261,346,263,348,265,350,257,337,257,333,261,332,266,333,262,335,258,337,283,329,287,324,293,323,298,326,292,328,287,328,259,368,260,361,262,359,265,358,269,357,274,358,283,363,275,367,271,368,266,369,263,370,261,370,260,368,263,365,267,364,273,362,282,363,270,363,267,364,264,365,143.77,35.45,126.58,35.29,93.38,19.63,163.12,50.27
3,2026-02-11T16:51:06.894333,261,338,264,355,263,363,261,379,260,384,258,387,258,392,262,394,268,394,276,393,292,389,310,382,318,378,325,371,331,351,332,342,327,322,254,331,254,327,255,324,258,322,263,321,276,316,284,313,293,311,300,313,306,316,269,327,268,330,266,332,264,334,261,337,260,340,260,344,261,346,263,348,265,350,257,338,257,334,261,333,266,334,262,336,259,338,283,329,287,324,293,324,298,326,292,328,287,329,259,368,260,361,263,359,266,358,269,357,274,358,283,362,275,366,271,368,267,369,264,370,261,370,260,367,264,365,267,363,274,362,282,362,270,363,267,364,265,364,144.24,35.71,130.0,34.91,93.55,19.03,144.69,51.92
4,2026-02-11T16:51:06.920332,261,340,264,356,263,364,261,380,260,384,259,387,259,392,262,394,268,394,276,393,293,389,310,382,319,378,326,370,331,351,330,342,324,322,252,332,252,328,253,325,256,323,261,321,275,316,283,313,291,311,298,313,304,316,268,327,266,330,265,332,263,334,261,337,259,340,259,343,261,346,263,348,265,350,255,338,256,335,260,334,265,334,261,336,258,338,282,330,286,325,292,324,297,326,292,328,286,329,259,367,261,361,264,359,267,358,270,357,275,358,283,361,276,366,272,368,267,369,264,370,262,370,260,367,264,365,268,363,274,362,282,361,271,363,268,364,266,364,140.99,38.41,136.9,42.17,96.91,21.14,171.35,55.73
5,2026-02-11T16:51:06.950970,261,339,264,355,263,363,261,379,260,384,259,387,259,391,263,394,268,394,275,393,291,389,308,383,316,379,323,372,328,353,328,344,324,324,253,331,253,327,254,324,257,322,262,321,276,316,284,313,293,311,300,313,305,316,269,327,267,330,265,332,264,334,262,337,260,340,260,343,262,346,264,348,265,350,257,338,258,335,261,333,266,334,262,336,259,338,282,330,287,325,292,324,298,326,292,328,286,329,259,366,262,361,264,358,267,358,271,356,275,357,283,360,276,366,272,368,268,369,264,370,262,369,260,366,264,364,268,363,275,361,282,360,271,363,268,363,266,364,138.78,37.48,128.94,35.83,94.47,21.7,172.27,55.2
6,2026-02-11T16:51:06.980471,261,340,264,356,264,364,262,379,261,384,259,387,260,392,263,395,268,394,276,393,291,389,309,383,317,379,324,372,328,353,328,344,324,325,254,333,253,329,255,326,258,323,263,321,277,316,286,313,294,312,301,313,307,316,270,327,268,330,266,332,265,334,262,337,261,340,261,343,262,346,264,348,266,350,257,339,258,336,262,334,267,335,263,337,259,339,284,330,288,325,294,324,299,326,293,328,288,329,260,366,262,360,264,357,267,357,271,355,276,356,283,360,276,366,272,367,268,369,265,369,262,369,261,366,265,364,269,362,275,360,282,360,272,362,268,363,266,363,141.34,37.22,137.66,40.36,94.44,21.86,162.55,56.37
7,2026-02-11T16:51:07.019697,261,340,264,356,264,364,262,379,260,385,259,388,260,392,263,395,269,394,276,393,293,389,310,383,318,379,325,372,329,353,329,345,326,325,254,333,254,329,256,325,259,323,264,322,278,316,286,313,295,312,302,313,308,317,270,327,269,330,267,332,265,334,263,337,261,340,261,343,263,346,264,348,266,350,257,340,258,337,262,335,267,335,263,338,260,340,284,330,289,325,295,324,300,326,294,328,288,330,260,366,262,360,264,357,267,356,271,355,276,356,284,360,277,366,273,367,268,369,265,369,262,369,261,366,265,363,269,362,275,360,283,360,272,362,268,362,266,363,138.6,38.59,144.71,46.61,99.82,22.62,164.95,58.38
8,2026-02-11T16:51:07.087051,262,339,265,355,265,363,262,379,261,384,259,387,260,392,263,394,269,394,277,394,293,389,310,383,318,378,325,372,330,353,330,345,327,326,255,332,254,328,256,325,260,323,265,321,280,316,288,313,296,312,303,313,309,317,272,327,270,330,268,332,266,334,263,337,261,340,261,343,263,346,265,348,266,350,258,339,259,336,263,334,268,335,264,337,260,339,286,330,290,325,296,324,302,326,296,329,290,330,261,366,262,359,265,356,268,356,271,354,276,356,284,361,277,366,273,367,269,368,265,369,263,369,262,365,265,363,269,361,275,360,283,361,272,361,268,362,266,363,133.47,38.54,138.48,47.02,96.05,22.53,166.32,58.48
9,2026-02-11T16:51:07.141479,264,339,267,355,266,363,264,377,262,382,260,386,260,391,264,394,270,394,278,393,295,388,312,382,320,377,327,370,333,352,332,344,328,326,256,332,256,328,258,325,261,323,266,321,281,316,290,313,298,312,305,313,311,317,273,327,271,330,269,332,267,334,265,336,263,339,263,342,264,345,266,347,268,349,260,339,260,336,264,334,269,335,265,337,261,339,287,330,292,325,298,324,304,326,298,329,292,330,261,366,263,359,265,356,268,356,272,355,277,356,285,361,277,366,273,367,269,368,266,368,264,368,262,365,265,363,269,361,276,360,284,361,272,361,269,362,267,362,138.47,38.19,140.77,44.49,98.34,23.06,162.99,58.51
10,2026-02-11T16:51:07.166697,264,339,267,355,266,363,264,377,262,382,261,385,261,391,266,394,272,394,280,393,296,388,313,381,321,377,328,370,333,352,333,344,329,326,257,332,257,328,259,325,262,323,267,321,282,316,291,313,300,312,307,313,312,317,274,327,273,330,271,332,269,334,266,336,265,338,265,342,266,344,268,347,270,349,261,339,262,336,266,334,270,335,266,337,262,339,288,330,293,325,299,324,304,326,299,329,293,330,263,366,265,359,268,356,270,356,274,355,278,356,286,361,279,365,275,366,271,367,268,368,266,368,264,365,268,363,271,361,278,360,285,361,274,361,271,362,269,362,147.02,33.47,137.91,40.82,100.41,23.43,161.64,58.04
11,2026-02-11T16:51:07.205315,264,339,267,355,266,363,264,377,263,381,262,385,262,390,266,394,272,394,280,393,297,388,313,381,322,377,328,370,334,352,335,344,331,325,257,331,257,327,259,324,262,322,268,320,283,315,291,313,300,312,308,313,313,317,275,327,273,329,271,331,269,333,267,335,265,338,265,341,267,344,268,346,270,348,261,339,262,335,266,334,271,335,267,337,263,338,289,330,294,325,300,324,306,326,300,328,294,329,263,366,266,359,268,356,271,356,275,355,279,356,288,361,280,365,276,366,272,367,269,367,267,368,264,365,268,363,272,361,279,360,286,361,275,361,272,362,270,362,136.72,36.57,134.3,42.02,98.4,23.04,165.94,58.49
12,2026-02-11T16:51:07.235366,264,339,267,354,266,361,265,375,263,379,262,383,262,388,267,392,272,392,281,391,297,386,314,379,322,375,329,368,335,350,335,342,331,324,257,331,257,327,259,324,262,322,268,320,283,315,292,312,301,311,308,313,314,317,275,326,273,329,271,331,269,333,267,335,265,338,265,341,267,344,269,346,271,348,261,339,262,335,266,334,271,334,267,337,263,338,289,329,294,325,300,324,306,326,300,328,294,329,264,365,266,359,269,356,271,356,275,355,279,356,287,361,279,364,276,365,272,366,269,366,267,367,265,365,269,362,272,361,279,360,286,361,275,361,272,361,270,362,139.3,37.31,138.27,43.75,99.46,22.96,168.38,57.37
13,2026-02-11T16:51:07.263729,264,338,266,354,266,361,264,375,263,380,262,383,262,389,267,392,273,392,281,391,297,386,313,379,322,374,328,367,334,350,335,342,331,324,258,330,258,326,259,323,263,320,268,319,283,314,292,312,301,311,308,312,314,316,275,326,274,328,272,330,270,332,268,334,266,337,266,340,268,343,270,345,271,347,261,337,262,334,266,332,271,333,267,336,263,337,290,329,294,324,301,323,306,326,300,328,294,329,264,365,267,359,269,356,272,356,275,354,280,356,288,361,280,363,276,364,272,365,269,366,267,366,265,364,269,362,273,361,279,360,287,360,276,360,273,361,271,361,145.27,37.17,138.05,43.39,100.2,23.18,175.57,56.19
14,2026-02-11T16:51:07.293239,264,338,266,353,266,361,264,375,263,380,262,383,262,389,267,392,273,392,282,391,297,386,314,379,322,374,328,367,334,350,335,342,331,324,258,330,258,326,260,322,263,320,268,318,283,314,292,311,301,310,308,312,314,316,275,325,273,328,272,330,270,332,268,334,266,336,266,340,268,343,270,345,271,347,261,337,262,333,266,332,271,333,267,335,263,336,290,328,295,324,301,323,306,325,300,327,294,328,265,364,267,358,269,356,272,355,275,354,280,355,288,360,280,363,276,364,272,365,270,365,267,366,266,364,269,361,273,360,279,359,287,360,276,360,273,360,271,361,145.38,34.09,133.03,38.1,98.43,23.08,171.2,53.44
15,2026-02-11T16:51:07.327533,263,338,265,354,264,361,262,375,261,380,260,383,262,389,267,392,273,392,281,391,297,386,314,379,321,374,328,368,334,350,334,342,331,324,258,330,258,326,259,323,263,320,268,318,283,314,292,311,301,310,308,312,313,316,275,325,273,328,271,330,270,332,267,334,266,336,266,339,267,342,269,345,271,347,261,337,262,333,266,332,271,333,267,335,263,336,289,328,294,324,300,323,306,325,300,327,294,328,264,364,267,358,269,356,272,355,275,354,280,355,288,360,280,362,276,363,272,364,270,365,267,365,265,363,269,361,273,360,279,359,287,359,276,359,273,360,271,360,150.97,32.62,135.14,34.76,101.82,23.56,170.83,52.43
16,2026-02-11T16:51:07.354847,262,339,264,354,264,362,262,376,261,380,260,384,261,389,267,392,273,392,281,391,297,385,314,379,321,374,328,368,333,350,333,342,330,324,257,330,257,326,259,323,262,320,268,318,283,314,292,311,300,310,308,312,313,316,275,325,273,328,271,330,269,331,267,333,265,336,266,339,267,342,269,344,270,346,261,337,261,333,265,332,270,333,266,335,263,337,289,328,294,323,300,323,305,325,299,327,293,328,264,364,266,358,268,355,271,355,275,354,279,355,288,359,279,362,276,364,272,365,269,365,267,365,265,363,269,361,272,360,279,359,286,359,275,359,272,360,270,360,148.14,36.38,132.4,32.9,102.23,23.75,171.57,51.89
17,2026-02-11T16:51:07.390182,260,339,263,355,262,362,261,376,260,380,259,384,261,389,267,392,273,392,281,390,297,385,313,378,320,374,326,367,331,350,332,342,328,324,255,331,256,326,258,323,261,320,267,319,282,314,291,311,299,311,307,312,312,316,274,325,272,328,271,330,269,331,267,333,265,336,265,339,267,342,269,344,270,346,259,337,260,333,264,332,269,333,265,335,261,337,288,328,293,323,299,323,304,325,298,327,292,328,263,364,265,358,268,355,271,355,274,353,279,355,287,359,279,362,275,364,271,365,268,365,266,366,264,363,268,361,272,359,278,358,286,359,275,359,272,360,270,360,144.46,35.36,130.33,36.39,99.93,22.46,166.37,53.76
18,2026-02-11T16:51:07.420051,260,339,263,355,262,362,261,376,260,381,259,384,261,389,267,392,273,392,281,390,297,385,313,378,320,374,326,367,331,350,331,342,328,324,255,331,255,327,257,323,261,320,266,319,281,314,290,311,299,311,306,312,311,316,273,325,272,328,270,330,269,331,267,333,265,336,265,339,267,342,268,344,270,346,259,337,260,333,264,332,269,333,265,335,261,337,288,328,292,323,298,323,304,325,298,327,292,328,263,364,265,358,268,355,271,355,274,353,279,355,286,359,279,363,275,364,271,365,268,365,266,366,264,363,268,361,272,360,278,358,285,359,275,359,272,360,270,360,147.51,35.09,131.84,34.64,100.29,22.39,169.63,53.88
19,2026-02-11T16:51:07.450216,260,339,262,354,262,361,260,375,259,380,258,384,260,389,266,392,272,391,281,390,296,384,312,377,319,373,325,366,330,349,330,341,327,324,255,331,255,327,257,323,261,321,266,319,281,314,290,311,298,310,306,312,311,316,273,325,272,328,270,330,269,331,267,333,265,336,265,339,267,342,268,344,270,346,259,337,260,334,264,332,269,333,265,335,261,337,288,328,292,324,298,323,304,325,298,327,292,328,263,364,265,357,267,355,270,354,273,353,278,354,286,359,278,363,275,364,271,365,268,365,265,366,264,363,268,361,271,359,277,358,284,359,274,359,271,360,269,360,147.53,35.63,129.68,34.04,101.16,23.1,166.45,52.1
20,2026-02-11T16:51:07.482939,260,339,263,354,262,361,261,375,259,380,258,384,259,389,265,391,271,391,279,390,295,385,311,378,318,373,324,367,330,349,330,341,327,324,255,331,255,327,257,323,260,321,266,319,280,314,288,311,297,310,304,312,310,316,272,325,271,328,269,330,267,332,265,334,264,336,264,339,265,342,267,344,269,347,259,337,260,334,263,332,268,333,264,335,261,337,287,328,291,324,297,323,303,325,297,327,291,328,262,364,264,357,266,354,269,354,272,353,277,354,284,359,277,363,274,364,270,365,267,365,264,366,263,363,267,361,270,359,276,358,283,359,273,359,270,360,268,360,144.35,35.71,125.92,33.92,98.6,21.95,161.82,51.0
21,2026-02-11T16:51:07.512004,260,339,263,354,262,361,261,375,259,380,258,383,259,388,264,391,270,391,278,390,294,385,309,378,317,374,323,367,329,350,329,342,326,324,255,331,255,327,256,323,260,321,265,319,280,314,288,312,297,311,304,312,309,316,272,325,271,328,269,330,267,332,265,334,263,336,264,339,265,342,267,345,268,347,259,338,259,334,263,332,268,333,264,336,260,337,287,328,291,324,297,323,302,326,296,327,291,328,262,364,263,357,266,354,268,354,272,353,276,354,283,359,277,363,273,364,269,365,266,365,264,366,263,363,266,361,270,359,275,358,282,359,272,359,269,360,267,360,146.45,36.13,126.14,33.83,100.04,23.01,164.26,53.28
22,2026-02-11T16:51:07.543739,260,339,262,354,262,361,261,375,259,380,258,383,259,388,264,391,270,391,278,390,294,385,310,378,317,374,323,367,329,350,329,342,326,324,255,331,255,327,256,324,260,321,265,320,280,315,288,312,297,311,304,312,309,316,272,326,270,328,269,330,267,332,265,334,264,337,264,340,265,343,267,345,268,347,259,338,259,334,263,333,268,334,264,336,260,337,286,329,291,324,296,323,302,326,296,327,290,328,262,365,264,357,266,355,269,354,272,353,277,354,284,359,277,363,274,364,270,365,266,366,264,366,263,364,266,361,270,359,276,358,282,359,273,359,270,360,267,360,145.82,36.34,125.85,33.81,101.23,23.34,160.55,52.9
23,2026-02-11T16:51:07.574403,260,339,262,354,261,361,260,375,259,380,258,383,259,388,264,391,270,391,278,390,294,385,309,377,317,373,323,366,328,349,329,341,325,324,255,331,255,327,256,324,260,321,265,320,280,315,288,312,297,311,304,312,309,316,272,326,270,328,269,330,267,332,265,334,264,337,264,340,265,343,267,345,268,347,258,338,259,334,263,333,267,334,263,336,260,337,286,329,290,324,296,323,302,326,296,327,290,328,261,365,263,357,266,355,269,354,272,353,277,354,284,360,277,363,274,365,270,366,266,366,264,367,263,364,266,361,270,359,276,358,283,359,273,359,270,360,268,361,140.88,36.38,122.26,33.36,98.87,22.77,158.9,51.47
24,2026-02-11T16:51:07.609422,259,340,262,355,261,362,260,376,259,381,258,385,260,390,264,393,270,392,279,391,294,386,310,378,317,373,323,366,328,349,328,341,325,324,254,332,254,328,255,325,259,323,264,321,279,315,287,312,296,311,303,313,308,316,271,327,270,330,268,332,267,333,265,336,263,338,263,341,265,344,267,346,268,348,258,339,258,335,262,333,267,335,263,337,259,338,285,329,290,325,296,324,301,326,295,328,290,329,261,367,263,359,266,356,269,356,272,354,277,355,284,361,277,364,273,366,269,367,266,367,264,368,262,366,266,362,270,361,276,360,283,360,273,360,270,361,267,362,149.46,35.19,128.82,34.17,100.54,22.8,159.23,51.32
25,2026-02-11T16:51:07.650949,259,343,262,358,262,365,261,380,260,385,259,388,260,393,265,395,271,394,279,392,295,387,311,380,319,375,325,368,329,350,329,342,325,324,253,334,253,330,254,327,258,324,263,322,277,316,285,313,294,312,301,313,307,317,270,328,269,330,267,332,266,334,264,336,262,339,262,342,264,345,266,347,267,349,257,341,258,337,262,335,266,336,262,338,259,340,285,330,289,325,295,324,300,326,295,329,289,330,260,367,262,360,265,357,268,356,271,355,276,356,284,361,277,365,273,366,269,368,266,368,264,369,262,367,266,363,269,362,275,360,283,361,272,361,269,362,267,363,146.1,33.85,125.09,33.55,100.39,22.2,153.15,53.13
26,2026-02-11T16:51:07.702268,258,344,261,360,261,367,261,381,260,386,259,389,260,394,265,395,271,395,279,393,295,388,311,381,319,376,325,369,329,351,329,342,325,324,252,335,252,331,254,327,257,324,263,322,276,316,285,313,293,312,300,313,306,317,270,328,268,330,267,332,265,334,263,336,262,339,262,342,264,345,266,347,267,349,256,341,257,337,261,335,266,336,262,339,258,341,284,330,288,325,294,324,300,326,294,329,289,330,259,368,261,361,264,357,267,357,271,355,276,357,284,362,276,365,272,367,268,368,265,369,263,369,260,367,265,364,269,362,275,361,283,362,271,362,268,362,266,363,141.64,36.05,123.6,34.05,97.8,22.01,153.46,52.64
27,2026-02-11T16:51:07.731953,257,344,260,360,261,367,260,382,259,387,259,390,260,394,265,396,271,395,280,393,295,388,312,381,319,376,325,369,329,350,329,342,324,323,251,336,251,331,253,328,257,325,262,323,276,316,284,313,292,312,300,313,306,316,269,328,268,331,267,333,265,335,263,338,262,341,262,344,264,347,265,349,267,351,255,342,256,338,260,336,265,337,261,340,257,342,284,331,288,325,294,324,300,326,294,329,288,330,260,368,261,362,264,358,267,358,271,356,276,357,284,362,276,366,273,367,269,368,266,369,263,370,261,367,265,365,269,363,275,361,283,362,272,362,268,363,266,364,146.69,32.99,126.61,36.71,98.96,21.88,153.2,53.36
28,2026-02-11T16:51:07.763915,257,344,260,360,260,367,260,382,259,387,258,391,259,395,265,397,271,396,279,394,295,389,312,382,319,377,325,370,329,351,329,342,324,324,251,336,251,332,253,328,257,325,262,323,276,316,284,313,292,312,299,313,306,316,269,329,268,332,267,334,265,336,263,338,261,341,262,344,263,347,265,349,266,351,255,343,256,339,260,336,265,338,261,340,257,342,284,331,288,325,294,324,300,326,294,329,288,330,259,369,261,362,264,359,267,358,270,357,275,358,283,363,276,366,272,367,268,368,265,369,263,370,260,368,264,365,268,363,275,362,282,362,271,362,268,363,266,364,147.06,31.27,124.06,37.29,98.01,22.04,149.98,52.9
29,2026-02-11T16:51:07.794323,256,344,259,359,259,367,258,381,258,386,257,390,259,394,265,397,271,396,279,394,295,389,312,382,319,377,325,370,329,351,329,343,324,324,250,335,251,331,253,327,256,325,262,322,276,316,284,313,293,312,300,313,306,317,269,328,268,331,267,334,265,336,263,338,262,341,262,344,263,347,265,349,267,351,255,342,256,338,260,336,265,337,261,339,257,341,284,331,288,325,294,324,300,326,294,329,288,330,260,369,261,362,264,359,267,359,270,357,275,358,283,363,276,366,272,367,268,368,265,369,263,370,261,368,264,365,268,364,275,362,282,363,271,363,268,363,266,364,146.7,31.9,124.34,38.13,96.74,21.81,152.08,52.78
30,2026-02-11T16:51:07.826507,256,343,259,359,259,366,259,381,258,386,257,389,259,394,265,397,271,396,279,395,295,389,311,382,318,377,324,370,329,351,329,343,324,324,251,335,251,331,253,327,256,324,262,322,276,316,285,313,293,312,300,313,306,317,269,328,268,331,267,333,265,335,263,338,262,341,262,344,263,347,265,349,267,351,255,342,256,338,260,336,265,337,261,339,257,341,284,331,288,325,294,324,300,327,294,329,288,330,260,369,261,362,264,359,267,358,271,357,276,358,284,363,276,367,272,368,268,369,265,370,263,370,261,368,265,365,269,364,275,362,282,363,271,363,268,364,266,364,145.56,34.87,125.71,38.54,97.68,22.4,151.56,52.5
31,2026-02-11T16:51:07.857238,256,343,259,359,259,366,259,381,258,386,257,390,260,394,265,397,272,396,280,395,296,389,312,382,320,377,326,369,331,351,330,342,325,324,250,335,250,331,252,327,256,324,261,322,276,316,285,313,293,312,301,313,306,317,269,328,268,331,266,334,265,336,263,338,262,341,262,344,263,347,265,349,267,351,255,342,256,338,260,336,265,337,261,339,257,341,284,331,288,325,294,324,300,327,294,329,288,330,260,369,262,362,265,360,268,359,271,358,276,359,285,363,277,367,273,368,269,369,266,370,264,370,261,368,265,365,269,364,276,363,283,363,272,363,269,364,267,365,145.19,32.04,123.27,38.1,96.59,22.57,144.24,52.96
32,2026-02-11T16:51:07.888755,256,343,259,359,259,366,259,381,258,386,258,390,260,394,266,397,272,397,280,395,296,390,312,382,320,377,326,370,331,351,331,342,326,324,250,334,250,330,252,326,256,323,261,322,276,316,285,313,294,311,302,313,308,317,269,328,268,331,266,333,265,336,263,338,262,341,262,344,263,347,265,349,267,351,255,341,256,337,260,335,265,336,261,339,257,341,284,331,288,325,294,324,300,327,294,329,288,330,260,369,262,362,265,360,268,359,272,358,277,359,285,363,277,367,273,368,269,369,266,370,264,370,261,368,265,365,270,364,276,363,284,363,272,363,269,364,267,365,145.92,31.74,123.3,38.28,95.78,22.31,141.15,53.05
33,2026-02-11T16:51:07.918354,256,341,259,357,259,365,259,380,258,386,258,390,260,394,266,397,272,396,281,395,296,390,313,382,320,377,327,370,332,351,332,342,327,323,250,332,250,328,252,324,256,322,262,321,276,315,285,312,295,311,303,312,309,316,269,328,268,331,266,333,265,335,263,338,262,341,262,344,264,347,266,349,267,351,255,340,256,336,260,334,265,335,261,338,257,340,284,330,289,325,295,324,301,326,295,329,289,330,261,369,263,362,266,360,269,360,273,358,277,359,286,363,278,367,274,368,270,369,267,370,264,370,262,368,266,365,270,364,276,363,284,363,273,363,270,364,267,365,144.43,33.77,123.51,39.17,94.07,19.44,144.25,53.93
34,2026-02-11T16:51:07.952101,256,338,259,355,259,363,259,379,258,385,258,388,260,394,266,397,273,396,281,395,296,390,313,382,320,377,327,370,332,351,332,342,328,322,250,329,250,324,252,321,256,320,262,319,277,314,286,311,296,310,304,311,310,315,270,326,268,329,267,332,265,334,263,336,262,340,262,343,264,346,266,348,267,350,255,337,256,334,260,333,265,334,261,336,257,338,284,329,290,326,295,325,301,326,295,329,289,329,261,369,263,362,266,360,269,360,273,358,277,359,286,364,278,367,274,369,270,370,267,370,264,370,262,368,266,365,270,364,277,363,285,364,273,364,270,365,268,365,133.91,34.87,115.2,35.25,86.82,13.7,147.03,55.27
35,2026-02-11T16:51:07.981318,256,335,259,352,259,360,259,377,258,382,258,386,260,392,266,396,272,396,281,395,296,390,313,382,320,377,327,370,334,351,334,342,331,322,250,326,250,322,253,319,257,317,263,317,280,312,289,310,299,309,306,311,312,315,271,325,270,328,268,331,267,334,265,336,264,340,264,343,265,346,267,348,268,350,255,335,257,332,262,331,266,332,262,334,258,335,286,328,291,326,297,325,303,326,297,328,291,329,261,369,263,362,266,359,269,359,273,358,278,359,287,364,279,369,275,371,271,372,267,372,264,371,263,368,266,365,271,364,277,363,285,364,274,365,271,365,268,366,137.48,30.82,111.42,33.64,86.68,12.95,143.85,51.21
36,2026-02-11T16:51:08.016516,255,333,258,350,258,359,258,376,258,382,258,386,262,392,268,396,274,396,283,395,298,391,314,383,322,378,328,371,335,351,335,342,332,322,251,325,251,320,254,317,259,316,265,316,282,312,292,310,301,309,309,311,315,315,274,325,272,328,271,331,270,334,268,336,267,340,268,344,269,347,270,349,271,350,255,334,258,332,263,331,268,331,263,334,259,335,288,328,294,326,300,326,306,327,300,329,293,329,262,369,265,362,268,360,272,360,276,359,282,360,291,365,282,370,278,371,273,372,269,372,266,372,264,368,268,366,273,365,280,364,289,365,277,365,273,366,270,366,142.97,28.74,110.15,33.61,88.11,12.88,136.26,45.46
37,2026-02-11T16:51:08.043439,254,333,257,351,257,359,258,377,258,382,259,386,263,392,270,397,277,397,286,396,301,392,318,384,326,379,333,371,339,351,339,342,336,322,251,325,251,320,254,317,260,315,267,314,285,311,295,309,304,308,312,310,318,315,276,324,275,328,273,331,272,334,271,337,270,341,270,345,271,348,272,350,273,351,256,334,259,332,265,331,270,331,265,334,260,335,290,328,297,326,303,326,309,327,303,329,296,329,263,369,266,362,270,360,274,360,279,359,284,360,293,365,285,371,280,373,275,373,271,373,268,373,265,368,269,366,275,365,283,365,291,365,279,366,275,366,272,366,133.01,30.03,99.23,27.44,81.78,11.83,124.38,38.39
38,2026-02-11T16:51:08.076693,253,333,257,352,257,360,258,378,258,385,260,389,265,395,273,399,280,399,289,399,305,394,321,386,329,380,336,372,342,352,342,342,338,322,251,325,251,320,254,316,260,315,267,314,286,310,297,308,306,307,314,310,320,315,277,324,276,328,275,331,274,334,273,338,272,342,272,346,273,349,275,351,276,352,256,335,260,332,266,331,271,331,266,334,260,335,293,329,299,327,305,327,312,327,305,329,298,329,264,370,268,363,271,361,276,361,281,360,286,362,295,367,287,373,282,374,277,375,273,375,269,374,266,370,271,368,277,367,285,366,294,367,281,367,277,368,274,368,135.07,33.75,94.23,23.28,81.45,12.45,112.04,29.38
39,2026-02-11T16:51:08.108045,251,332,255,351,256,360,258,379,259,386,260,391,267,398,276,402,284,402,293,401,308,396,324,387,331,382,338,373,343,352,343,342,340,321,250,324,251,319,255,315,260,313,269,313,288,309,299,307,309,307,317,309,323,314,279,324,278,328,277,331,277,335,276,338,275,343,276,347,277,350,278,352,279,353,257,334,261,332,267,331,273,331,267,334,261,335,295,328,301,327,307,326,314,327,308,329,301,329,268,372,271,365,275,363,279,363,284,362,290,364,299,369,291,374,286,375,281,376,277,376,273,375,269,371,274,369,280,369,289,368,297,369,285,369,281,369,277,369,141.86,30.23,90.85,20.86,81.29,11.06,111.42,24.39
40,2026-02-11T16:51:08.136719,250,329,254,349,255,359,258,379,259,386,261,391,268,397,278,402,286,402,295,401,311,396,326,387,333,382,339,373,344,352,344,342,342,320,250,321,251,316,255,313,261,311,270,311,291,309,302,306,312,306,320,308,326,313,281,323,280,328,279,331,278,335,278,338,277,343,277,348,278,351,279,352,280,354,257,332,262,331,268,330,274,330,268,333,262,334,297,328,304,326,311,326,317,327,311,329,304,329,269,372,273,365,276,363,281,364,285,362,291,364,300,369,292,374,287,376,282,377,278,377,274,376,271,371,276,369,282,369,290,368,298,369,286,369,282,369,279,369,129.26,34.24,82.43,16.48,75.81,11.28,104.83,24.04
41,2026-02-11T16:51:08.171933,249,328,252,349,254,359,257,379,259,386,261,391,269,399,279,403,288,403,297,403,313,398,328,389,335,383,341,374,346,352,347,342,345,319,250,320,251,315,255,312,263,310,272,311,293,308,304,305,315,305,323,307,329,313,283,323,282,328,282,331,281,335,280,339,280,344,280,348,281,351,282,353,283,354,258,332,262,331,269,330,275,330,269,332,262,333,299,328,306,326,313,326,319,326,313,329,306,329,271,372,275,365,279,363,283,364,288,363,294,364,303,370,295,376,290,377,285,378,280,378,276,377,272,371,278,370,284,369,292,369,301,370,288,370,284,370,281,370,143.16,29.98,82.21,15.41,75.67,10.98,99.08,22.11
42,2026-02-11T16:51:08.198191,248,327,251,348,253,358,257,379,259,387,262,392,270,399,280,404,289,405,298,404,314,399,329,390,336,384,342,375,348,352,348,342,346,319,249,319,251,314,256,310,263,309,273,310,294,307,306,305,316,304,325,307,330,312,284,322,283,327,282,331,282,335,281,339,280,344,281,349,282,352,283,354,283,355,258,331,263,329,269,328,276,330,269,332,263,333,300,328,308,325,314,325,320,326,314,329,307,329,272,373,276,367,280,365,284,366,289,365,295,366,304,371,296,377,291,379,286,379,281,379,277,378,273,373,279,371,285,371,294,370,303,371,290,371,285,372,282,372,138.82,31.37,81.19,13.8,75.93,10.73,101.82,21.6
43,2026-02-11T16:51:08.233207,247,323,250,344,251,355,255,377,258,386,261,391,270,400,281,405,290,406,300,405,316,400,332,390,339,384,345,374,351,351,351,340,349,317,249,316,251,311,256,308,264,307,274,308,297,306,309,304,319,303,328,306,334,311,285,321,285,327,284,331,283,335,283,340,282,346,283,351,283,353,284,355,285,356,258,329,262,327,269,326,276,328,270,330,263,331,302,327,310,324,317,324,323,325,317,328,309,328,272,374,277,368,281,366,286,367,291,366,297,367,307,372,298,378,293,380,287,381,282,380,278,379,274,373,280,372,287,372,296,371,305,372,292,372,287,373,283,372,130.29,31.69,74.77,10.56,72.11,9.97,94.08,21.63
44,2026-02-11T16:51:08.263773,246,321,249,343,250,354,255,377,258,386,261,391,270,400,282,406,291,406,301,406,317,400,333,390,340,384,346,374,352,351,353,339,351,316,249,315,251,309,256,306,265,305,275,306,298,305,310,302,321,302,330,305,336,310,287,320,286,326,285,331,285,335,284,340,284,346,284,351,285,354,286,355,286,356,258,327,263,325,270,325,277,327,270,329,263,330,303,326,311,323,319,323,325,325,319,327,311,328,272,374,278,368,283,366,288,367,294,366,300,367,309,373,301,380,295,381,289,382,284,382,279,380,274,374,281,372,289,372,298,371,307,372,294,373,289,374,285,373,139.83,27.17,74.84,9.95,72.57,10.27,93.82,21.08
45,2026-02-11T16:51:08.295929,245,319,247,341,248,352,254,376,258,386,261,391,271,401,284,406,293,407,303,406,320,401,335,390,342,383,348,374,354,349,354,337,352,314,249,313,251,308,257,305,266,304,276,305,300,304,313,302,324,301,332,304,338,309,288,319,288,325,287,330,287,335,286,340,286,346,286,351,287,354,288,355,288,356,258,326,263,324,270,323,278,325,271,328,264,328,305,325,313,322,321,322,327,323,321,326,312,326,273,375,279,368,284,366,289,367,296,365,302,367,312,373,303,381,297,383,291,383,285,383,280,381,275,375,282,373,290,372,300,372,310,373,296,374,291,374,286,374,137.45,25.15,74.93,9.41,72.95,10.2,94.94,20.41
46,2026-02-11T16:51:08.327207,244,316,247,339,248,351,254,375,258,385,261,391,272,401,285,407,295,408,305,408,322,402,337,391,344,383,350,374,356,348,357,336,355,312,249,310,251,305,257,302,266,301,278,303,303,302,316,299,327,299,336,302,342,307,291,318,290,324,290,329,289,334,289,339,288,346,289,351,289,354,290,355,290,356,259,324,263,321,271,320,280,324,272,327,264,327,308,324,317,319,325,319,331,321,325,325,316,325,274,375,280,368,286,366,291,367,298,366,304,368,314,374,305,381,299,383,293,384,287,383,282,382,276,375,284,373,292,373,302,373,312,374,298,374,293,375,288,374,126.77,25.5,72.14,9.23,68.55,10.28,89.65,20.86
47,2026-02-11T16:51:08.354604,244,315,246,338,247,350,253,374,258,385,262,391,273,401,287,408,297,409,307,408,324,402,339,390,346,383,352,373,358,347,359,335,358,311,249,309,252,303,258,300,268,301,280,302,305,301,318,299,330,298,338,300,344,306,293,317,292,324,292,329,292,334,291,340,291,346,291,352,292,355,292,356,293,357,259,323,264,320,272,320,280,324,273,326,264,326,310,323,319,318,328,318,334,321,327,325,318,325,276,376,282,369,288,368,294,368,300,367,306,369,316,375,307,382,301,384,295,385,289,384,284,382,278,375,286,374,294,374,304,373,314,375,299,375,295,375,290,375,133.49,24.13,71.92,9.49,69.86,10.61,86.58,19.14
48,2026-02-11T16:51:08.388252,244,314,246,337,247,349,253,374,258,385,263,391,275,403,289,410,299,411,311,410,327,403,343,391,349,384,356,373,362,347,363,335,362,310,249,308,252,303,259,300,269,300,281,302,309,301,323,299,334,297,343,300,349,305,295,317,295,324,295,329,295,334,295,340,294,347,295,353,295,356,295,357,296,358,259,322,265,319,273,319,282,324,274,326,266,326,313,323,322,318,331,318,337,320,330,324,321,325,278,377,285,371,290,369,297,370,303,369,309,371,319,376,310,384,304,386,298,387,291,386,286,384,280,377,288,376,297,376,307,375,317,376,302,377,297,378,293,377,126.01,23.67,71.54,9.38,69.34,9.92,87.22,18.79
49,2026-02-11T16:51:08.419988,244,311,245,335,246,347,253,374,258,384,263,392,275,404,290,411,301,413,312,412,330,405,345,393,352,385,358,374,365,347,366,335,366,310,249,306,254,300,261,297,272,298,285,300,313,300,327,298,340,297,349,300,354,305,299,316,299,323,299,329,298,334,298,340,298,348,298,353,298,356,299,357,299,359,261,320,267,317,276,317,286,322,277,324,268,324,317,322,327,317,336,317,343,320,335,324,325,324,280,378,287,372,293,370,299,371,306,370,313,372,323,378,313,387,307,389,300,390,293,389,287,386,282,378,290,377,300,378,310,377,320,378,305,379,300,379,295,379,114.46,23.75,68.27,8.92,63.42,10.13,83.66,18.75
50,2026-02-11T16:51:08.453380,244,309,245,334,246,346,253,373,258,384,263,392,277,405,292,413,303,414,315,414,332,407,348,394,354,386,361,374,368,347,369,334,369,309,251,305,256,299,264,296,275,297,288,299,317,299,331,297,344,297,352,300,358,305,303,316,302,323,302,329,302,335,301,341,301,349,301,354,301,357,301,358,302,360,264,319,269,317,279,317,288,322,280,324,270,323,320,322,330,317,339,317,345,320,338,324,328,324,282,379,289,373,295,372,302,373,309,372,315,374,325,380,315,388,309,391,302,391,295,390,290,388,284,379,293,379,302,379,312,379,323,380,308,380,302,381,297,380,120.85,22.3,68.39,8.49,64.38,10.54,80.85,18.58
51,2026-02-11T16:51:08.479370,245,306,245,332,246,345,253,373,258,384,264,393,278,407,295,415,306,416,318,416,335,408,351,395,357,387,364,375,371,347,373,334,373,308,253,303,257,297,266,295,277,295,292,298,322,299,336,297,349,296,358,299,363,305,306,315,306,323,306,329,306,335,305,342,305,350,305,355,305,358,305,359,305,360,265,318,271,315,281,315,291,320,282,323,272,323,323,321,334,316,343,317,349,320,342,324,332,324,284,380,292,374,299,373,306,374,313,373,319,375,329,380,320,389,313,392,306,392,299,391,293,389,287,380,296,379,306,380,316,379,327,380,311,382,306,382,301,381,115.1,21.98,68.6,8.73,64.72,10.15,83.1,17.99
52,2026-02-11T16:51:08.515285,245,304,246,331,246,344,253,373,258,384,265,394,279,407,296,416,308,417,320,417,337,409,352,396,359,388,365,376,373,347,375,334,377,308,255,300,260,294,269,291,281,292,296,295,326,297,341,295,353,295,362,298,367,303,310,314,310,321,310,328,309,335,309,341,309,349,308,355,308,358,308,359,308,360,267,316,273,312,284,312,294,319,285,321,274,321,327,320,338,315,348,316,355,319,347,323,336,323,285,380,294,374,301,373,308,374,316,373,322,375,332,381,323,390,316,393,308,393,301,392,294,390,288,380,298,379,308,380,319,379,330,381,314,383,309,383,303,382,107.32,21.52,66.19,8.72,60.54,9.95,78.5,19.21
53,2026-02-11T16:51:08.543761,246,300,246,327,247,341,253,372,258,384,265,393,280,408,297,417,309,418,321,418,339,410,354,397,361,389,368,377,376,348,378,334,381,307,258,297,263,291,273,289,285,290,300,293,331,296,346,294,359,294,367,297,371,303,315,313,314,321,314,328,313,334,313,341,312,350,312,356,312,359,312,360,312,361,270,314,277,310,287,310,297,317,288,320,277,319,331,319,342,314,351,315,357,318,350,323,339,322,287,380,297,374,304,373,312,375,319,374,326,375,335,381,325,391,318,393,311,394,303,392,296,390,289,380,300,379,311,380,322,380,333,381,317,383,311,383,305,382,113.52,20.98,66.6,9.15,62.07,9.75,75.79,17.24
54,2026-02-11T16:51:08.577677,247,296,246,324,247,338,253,370,258,383,265,393,281,408,299,418,312,419,324,419,342,411,357,398,364,389,371,377,380,347,382,333,384,305,260,294,266,288,276,286,289,288,304,291,336,295,350,293,363,293,371,296,376,302,318,311,318,320,317,327,317,334,317,341,316,349,316,355,316,358,316,359,315,360,273,311,280,308,290,308,300,315,291,317,280,316,334,318,345,313,355,314,361,318,353,322,343,321,289,380,300,374,307,373,315,375,323,373,329,375,339,381,329,391,322,393,314,394,306,393,299,390,292,380,303,379,315,379,326,379,336,381,321,383,315,383,308,383,107.92,21.36,66.43,8.7,62.68,9.56,78.51,17.92
55,2026-02-11T16:51:08.606626,248,292,246,321,246,335,252,367,258,381,265,392,282,407,301,417,314,419,326,418,343,410,359,397,366,388,373,376,382,346,384,332,388,303,262,291,268,285,279,283,292,285,308,288,341,292,356,290,369,290,377,294,381,300,323,309,322,318,322,325,322,332,321,340,321,349,320,355,320,358,319,359,319,360,275,309,282,305,293,306,303,313,294,315,283,314,339,317,350,311,360,312,366,316,358,320,348,320,291,379,302,374,310,373,318,374,326,373,332,375,341,381,331,392,324,394,316,394,308,393,301,390,294,379,305,378,317,379,328,379,339,381,323,383,317,383,311,383,106.26,19.37,63.31,9.19,58.96,9.23,75.36,18.95
56,2026-02-11T16:51:08.639289,249,289,246,318,247,333,252,366,258,380,265,391,282,407,301,418,315,420,327,419,345,411,362,398,369,389,375,376,385,346,387,331,392,302,263,287,270,282,281,280,295,282,311,286,344,290,359,289,372,289,380,293,384,299,325,308,325,316,324,324,324,331,323,339,323,349,322,355,322,357,321,359,321,360,277,306,284,303,295,303,305,311,296,313,285,312,341,315,353,310,363,311,369,315,361,320,350,319,292,379,304,374,312,372,320,374,328,373,334,375,343,381,333,392,326,394,318,395,310,393,302,390,295,379,307,378,319,379,330,379,341,381,325,383,319,383,312,382,108.43,19.26,63.47,9.49,60.55,9.47,74.67,17.67
57,2026-02-11T16:51:08.669602,250,286,246,315,247,330,252,364,258,379,265,391,283,407,302,418,315,420,328,420,346,412,363,398,370,389,377,376,387,345,390,330,395,301,265,285,272,280,283,278,297,280,313,285,347,289,363,288,376,288,384,292,387,298,328,306,328,315,327,323,327,331,326,339,325,349,325,354,324,357,324,359,323,360,279,304,286,301,297,301,307,310,298,312,287,311,344,314,355,309,366,310,371,314,363,319,352,318,293,379,305,373,313,372,322,374,330,373,336,375,346,381,335,392,327,394,319,395,310,393,303,390,296,379,308,378,321,379,332,379,343,381,327,383,320,383,314,382,105.53,19.91,64.46,9.67,60.54,9.16,76.74,17.64
58,2026-02-11T16:51:08.702510,251,282,246,312,247,328,252,363,258,378,266,390,284,407,303,419,317,421,329,420,347,412,364,398,371,388,378,376,388,343,391,328,397,298,267,282,274,276,285,274,300,277,316,281,350,286,366,285,378,285,387,289,390,295,331,304,330,313,329,321,329,329,328,337,328,348,327,354,326,357,326,358,325,359,280,302,287,298,299,299,309,307,299,310,288,308,346,312,358,306,369,307,375,312,367,317,355,316,294,378,307,373,315,372,323,374,331,373,337,375,347,381,336,392,329,394,320,395,312,393,304,389,297,379,310,378,322,379,334,379,344,381,328,382,322,382,315,382,103.05,19.38,62.37,9.02,57.9,9.45,72.75,18.23
59,2026-02-11T16:51:08.730341,251,278,246,309,246,325,252,361,258,376,266,389,284,407,304,419,318,421,331,421,349,412,365,397,372,388,379,375,390,341,393,326,399,295,267,278,275,272,286,270,301,273,318,278,353,283,369,282,381,282,389,286,393,293,333,301,332,311,332,319,331,327,331,336,330,346,329,353,328,356,327,357,327,358,280,298,288,295,300,296,311,304,301,306,289,305,348,309,360,304,371,306,377,310,368,314,357,313,296,378,309,373,317,372,325,374,333,373,340,374,348,381,338,391,331,394,322,395,314,393,306,389,299,378,311,378,324,379,335,379,346,380,330,382,324,382,317,381,105.52,18.48,62.42,8.71,58.2,9.63,72.58,17.69
60,2026-02-11T16:51:08.764483,251,275,246,306,246,323,251,359,258,375,266,388,284,407,304,419,318,421,331,421,349,412,366,397,373,388,381,374,391,340,395,324,401,293,267,274,275,269,287,267,302,270,319,275,354,280,370,279,384,279,392,283,395,290,334,299,333,308,332,317,332,325,331,333,331,343,330,350,329,354,328,355,328,356,280,295,288,292,300,293,311,302,301,304,289,302,350,307,362,302,373,303,379,308,370,313,359,311,296,377,309,371,318,371,326,373,334,372,341,374,349,380,339,392,331,395,323,395,314,393,306,389,299,377,312,377,325,379,336,379,347,380,331,382,324,382,318,381,104.84,17.97,63.09,9.16,58.49,9.4,77.44,17.7
61,2026-02-11T16:51:08.794781,250,272,246,304,246,321,251,358,258,374,266,387,284,407,304,419,318,421,331,421,350,411,367,397,374,386,381,372,393,338,396,322,403,290,266,271,274,265,286,263,301,266,318,271,354,277,371,276,384,276,393,280,397,287,334,296,333,306,332,315,332,323,331,331,330,342,329,349,329,352,328,353,328,354,280,293,287,289,299,291,310,300,300,301,288,300,351,305,363,299,375,300,381,305,372,310,360,309,296,375,309,370,318,369,326,372,334,371,341,373,349,380,339,391,331,394,323,395,314,393,306,389,300,376,312,376,325,378,336,378,347,380,331,382,324,382,318,381,102.82,18.65,61.73,8.98,56.52,8.98,75.5,18.0
62,2026-02-11T16:51:08.830663,250,269,245,302,244,319,250,357,257,373,265,386,283,407,304,419,318,421,332,421,351,411,368,396,376,386,383,371,395,336,398,320,405,287,265,268,273,261,285,259,300,263,318,268,354,273,372,272,385,272,394,276,398,283,334,293,333,304,332,313,331,321,331,330,330,340,329,348,328,351,328,352,327,353,278,290,286,287,298,288,310,297,299,299,287,297,351,302,364,296,375,298,382,302,373,308,360,306,295,374,308,369,317,368,326,371,334,370,341,372,350,379,339,391,331,394,322,394,313,393,306,389,298,375,311,375,325,377,337,377,347,379,330,382,324,382,317,381,101.8,18.82,61.85,9.19,56.66,9.28,73.01,17.57
63,2026-02-11T16:51:08.857900,248,265,243,299,242,316,248,355,255,372,264,386,283,407,304,419,318,422,332,422,351,412,368,396,376,385,384,370,395,334,399,318,405,285,265,265,273,259,286,257,301,261,319,266,356,271,373,270,387,270,396,274,400,281,335,291,334,301,333,310,332,319,332,328,331,338,330,346,329,349,329,350,328,351,278,287,286,284,299,285,310,295,299,297,287,295,351,300,365,294,377,295,383,300,374,306,361,304,295,373,308,367,317,367,326,369,335,368,342,370,351,377,340,391,332,394,323,394,313,393,305,389,298,374,311,373,325,375,337,375,348,377,331,381,324,381,317,380,101.52,18.58,63.11,9.62,56.72,9.03,76.64,17.78
64,2026-02-11T16:51:08.887525,246,262,241,296,240,314,247,354,254,371,263,385,283,407,303,420,317,423,331,422,351,412,369,396,377,384,385,369,397,332,401,315,407,282,265,261,272,255,284,253,300,257,318,263,356,268,373,267,387,267,397,271,401,278,334,288,333,299,332,308,332,317,331,326,330,337,329,345,329,348,328,349,328,350,278,284,285,280,298,282,310,292,299,294,286,292,352,297,365,291,378,292,384,297,375,303,362,302,294,371,307,366,316,365,326,368,335,367,342,369,351,376,339,391,331,393,322,394,313,393,304,388,297,372,311,372,325,373,337,374,348,376,330,381,324,381,316,379,98.93,18.51,61.55,9.34,53.5,8.8,72.48,17.88
65,2026-02-11T16:51:08.922791,244,259,239,294,239,312,245,353,252,370,261,384,282,407,303,420,317,423,332,422,352,412,370,395,378,383,387,367,399,330,403,313,410,279,263,257,272,251,283,249,299,252,318,258,357,264,375,263,390,263,399,268,404,275,335,285,334,296,333,306,332,315,332,325,331,336,330,344,329,347,328,348,328,349,277,281,285,278,297,279,310,290,298,292,286,290,353,295,367,288,380,290,387,295,377,301,364,300,293,371,307,366,316,365,326,368,335,367,342,369,352,375,340,390,331,393,322,394,312,392,304,387,296,371,310,372,324,373,337,374,349,375,331,380,324,380,316,378,99.85,18.75,61.88,9.38,54.44,9.13,72.69,17.54
66,2026-02-11T16:51:08.950835,243,255,238,291,237,309,243,351,251,369,260,383,281,407,303,420,318,423,333,423,353,412,372,394,380,382,389,366,402,328,406,310,413,276,262,254,272,248,283,246,299,250,318,256,359,262,377,261,392,261,402,265,406,272,336,283,335,294,334,304,333,313,333,323,332,335,331,342,330,346,329,347,329,348,277,278,285,274,297,276,310,287,298,289,285,287,354,293,369,285,382,287,389,292,378,299,365,297,293,371,307,366,317,365,326,367,336,366,344,368,354,375,341,390,332,393,323,394,312,392,304,387,296,371,310,372,325,373,338,374,350,375,332,379,324,379,317,378,99.61,19.23,63.15,10.04,53.74,8.9,74.72,17.23
67,2026-02-11T16:51:08.980472,241,253,236,289,236,308,243,350,250,369,259,383,281,406,303,421,319,424,334,423,356,412,375,394,384,381,393,364,406,326,409,307,416,272,260,251,269,244,282,242,298,246,318,252,359,258,378,257,394,257,404,261,408,268,336,280,335,292,334,303,333,312,333,323,332,334,331,343,330,346,329,347,329,348,275,276,284,272,297,273,311,285,298,287,285,285,355,290,370,281,384,283,391,288,380,295,366,294,293,371,307,366,317,365,327,368,336,366,344,368,354,375,342,390,333,393,323,394,313,392,304,387,296,372,310,372,325,374,339,374,351,375,332,379,325,379,317,378,96.6,19.51,61.08,9.69,50.17,8.66,75.59,17.97
68,2026-02-11T16:51:09.012661,239,250,234,287,234,307,240,350,248,369,257,384,279,407,303,423,319,426,335,425,357,414,376,394,385,382,394,365,407,326,411,307,418,271,258,248,267,241,282,239,298,243,318,249,361,255,381,254,397,254,407,259,412,267,337,279,336,291,335,301,334,311,333,322,332,334,331,342,330,346,330,347,329,348,274,274,283,270,297,272,310,283,298,285,285,283,356,288,372,281,386,283,393,288,382,294,368,293,293,371,307,366,317,365,327,368,337,367,345,369,355,375,342,390,333,393,323,394,313,392,304,387,296,372,310,372,325,374,339,374,352,375,332,379,325,379,317,378,98.15,19.67,60.58,9.87,50.36,9.03,70.92,17.06
69,2026-02-11T16:51:09.047782,236,248,232,285,232,305,239,350,248,369,257,384,279,409,303,425,320,428,336,428,358,415,378,394,387,382,396,365,409,324,413,305,421,268,256,246,266,239,281,237,298,241,319,248,363,254,383,252,400,252,410,257,414,264,338,278,337,290,336,301,336,311,335,322,334,335,333,343,332,347,331,348,331,349,273,273,283,269,297,270,311,282,298,284,284,282,358,287,374,279,388,280,396,286,384,292,369,291,293,372,308,366,318,366,328,369,338,367,346,369,357,376,344,392,335,396,324,396,313,394,304,389,296,372,311,373,327,376,341,375,354,376,334,380,326,380,318,378,99.45,19.38,61.61,9.85,50.31,8.8,75.88,17.01
70,2026-02-11T16:51:09.074371,235,245,231,284,230,305,238,350,246,370,255,386,278,412,303,429,320,432,336,431,359,418,380,396,388,382,397,365,411,324,415,304,423,266,255,244,265,237,280,235,298,239,320,246,365,253,386,251,403,251,413,255,418,263,339,277,338,290,337,301,336,311,336,322,335,335,333,343,332,347,332,348,331,349,272,271,282,267,297,269,311,281,298,283,284,281,360,286,376,278,391,279,399,285,387,292,372,291,292,373,307,367,318,366,328,369,339,367,347,370,358,377,344,394,335,398,324,399,313,396,304,391,296,373,311,374,327,376,341,376,354,377,334,381,326,382,318,380,94.51,20.63,60.96,9.72,47.2,8.71,74.41,17.94
71,2026-02-11T16:51:09.105317,233,243,228,283,228,304,235,351,243,370,253,387,276,415,303,432,319,435,336,434,361,421,382,399,391,384,400,366,414,324,418,304,426,265,253,242,264,235,279,233,298,237,320,244,367,251,389,249,406,249,417,254,421,262,340,276,339,289,338,301,338,312,337,323,335,336,334,344,333,348,332,349,332,350,271,270,281,266,297,268,311,280,298,282,283,280,361,286,378,277,394,279,401,284,389,292,373,290,291,375,307,369,317,369,328,372,339,371,347,373,359,380,344,396,335,400,324,401,313,399,304,393,295,375,311,377,326,381,341,380,355,380,334,383,326,383,317,382,97.64,20.31,60.22,9.25,47.51,8.91,67.95,16.7
72,2026-02-11T16:51:09.138651,231,239,226,279,226,301,233,350,241,370,251,389,275,417,302,436,320,439,337,438,363,424,384,400,393,384,402,365,416,321,421,300,429,261,252,240,263,234,278,231,298,236,321,244,369,250,392,248,409,248,420,252,424,260,342,276,341,290,340,302,339,313,338,324,337,338,335,348,334,352,334,353,333,353,270,269,280,265,297,267,312,279,298,281,282,280,363,285,380,276,396,278,404,283,391,291,375,290,290,378,307,373,317,372,329,376,340,374,349,376,360,384,346,400,336,404,324,405,313,402,304,397,294,378,310,381,327,384,342,384,357,384,335,386,326,386,318,385,94.84,20.17,60.03,9.33,46.28,8.99,70.51,16.52
73,2026-02-11T16:51:09.167889,227,238,223,279,223,301,230,350,239,372,248,391,273,421,301,439,319,442,337,441,363,427,385,402,394,386,403,365,418,321,423,300,433,260,248,239,258,232,274,230,296,235,320,242,371,249,394,247,412,246,424,250,428,259,342,276,341,291,340,303,339,313,338,326,337,342,336,351,335,355,334,357,333,357,267,270,278,266,295,267,312,280,298,282,280,280,364,285,382,276,398,278,406,284,393,292,376,290,288,381,306,376,317,375,329,379,340,377,349,380,361,387,346,403,336,407,324,408,313,406,303,400,292,381,310,384,327,388,343,387,357,387,335,389,326,389,317,388,92.36,20.62,56.29,9.08,42.61,9.28,70.07,16.14
74,2026-02-11T16:51:09.202585,224,238,220,280,220,302,228,351,236,375,246,395,271,424,300,443,319,446,338,445,364,430,387,405,397,388,406,366,421,321,426,300,435,258,245,239,255,232,272,229,294,234,320,241,371,248,395,246,413,245,425,249,429,257,342,276,340,291,339,304,339,314,338,328,337,344,335,354,334,358,333,359,332,360,265,270,276,266,293,268,311,279,297,282,278,280,364,285,382,277,398,279,407,284,393,292,376,290,287,384,305,380,317,379,328,383,340,381,349,383,362,390,346,406,336,410,324,411,312,409,302,403,291,385,309,388,327,392,343,391,358,390,335,393,326,393,317,391,93.57,21.21,54.53,8.81,41.53,9.26,65.48,15.16
75,2026-02-11T16:51:09.231045,221,236,217,279,217,302,225,352,234,377,244,397,269,427,299,446,319,449,337,449,364,434,388,407,397,390,407,367,423,321,428,299,437,257,242,238,253,230,270,228,292,233,319,240,371,247,396,245,415,244,427,249,431,257,341,276,340,291,339,304,338,316,337,331,336,347,335,357,334,361,333,362,332,362,263,270,274,266,291,267,311,279,295,282,277,280,364,285,383,277,399,279,408,284,394,292,377,290,284,386,303,381,316,381,328,384,340,383,350,385,362,392,346,408,336,413,324,413,311,411,300,405,288,386,307,390,326,394,343,393,359,392,335,394,326,394,316,392,92.57,21.33,54.78,8.97,40.83,9.34,68.61,15.25
76,2026-02-11T16:51:09.264995,217,235,214,279,214,302,223,353,232,378,242,398,267,429,296,448,317,452,337,451,363,436,387,409,397,392,407,369,424,321,429,299,438,257,237,237,248,229,265,227,288,231,316,239,371,246,396,244,416,244,428,248,432,257,341,276,340,292,339,305,338,319,337,334,336,350,334,360,333,364,332,365,331,365,258,270,269,267,287,268,308,280,291,282,272,281,363,285,383,277,400,279,409,284,394,292,376,290,282,388,301,384,314,384,327,388,340,386,349,388,362,394,346,410,335,415,323,415,309,413,298,407,286,389,305,393,325,396,342,395,358,394,334,397,325,397,315,395,93.55,20.71,50.77,8.81,37.45,9.16,67.82,14.91
77,2026-02-11T16:51:09.294193,215,234,211,278,211,302,220,353,228,378,239,398,264,429,293,449,313,452,334,452,362,436,386,410,397,393,407,370,424,322,429,300,439,257,235,236,245,228,262,226,285,231,313,239,370,246,395,244,415,244,428,248,432,257,339,276,338,292,337,306,336,320,335,335,333,351,331,362,330,365,329,366,329,367,255,269,267,266,285,267,305,280,289,282,270,281,362,285,382,277,399,279,408,284,394,292,376,290,278,389,298,385,311,385,324,389,338,388,348,390,361,396,345,413,333,417,319,418,306,415,294,409,282,390,302,394,322,398,341,397,357,396,332,399,322,399,311,397,95.1,20.62,50.98,8.66,37.74,9.34,60.7,15.27
78,2026-02-11T16:51:09.322864,212,232,208,276,208,300,217,353,225,378,236,399,261,430,289,451,310,454,331,454,362,438,385,411,396,394,407,371,424,322,429,299,439,256,231,234,242,227,258,224,282,230,310,238,369,245,395,243,415,243,428,248,433,256,337,276,335,292,333,307,332,321,331,336,329,353,327,363,326,367,326,368,325,368,252,268,264,265,282,267,302,279,286,282,267,280,362,285,381,277,399,279,408,284,393,292,375,290,274,390,294,386,307,386,321,390,335,388,346,390,360,397,343,414,330,418,316,419,302,416,290,410,278,391,298,395,319,399,339,398,357,397,329,399,319,399,308,397,92.3,20.74,50.35,9.25,36.36,8.85,62.8,14.82
79,2026-02-11T16:51:09.355647,208,231,206,276,207,300,216,353,224,378,234,398,259,430,287,450,308,454,330,453,361,438,385,411,396,393,406,371,424,321,430,298,439,254,226,233,236,226,253,223,277,229,306,237,368,244,393,242,414,241,427,246,432,255,333,275,332,292,330,307,329,321,328,336,326,353,324,363,324,367,323,368,322,368,248,267,259,264,279,266,299,279,282,281,263,279,361,285,380,276,398,278,407,283,392,291,374,289,271,390,291,386,304,386,319,390,333,388,345,390,360,397,341,414,328,419,314,419,300,417,287,411,275,391,295,395,317,399,337,398,357,397,327,400,317,400,305,398,93.12,20.92,47.17,9.67,33.61,8.35,60.93,15.72
80,2026-02-11T16:51:09.386821,206,230,204,275,205,299,214,353,223,378,233,398,257,430,285,451,306,454,328,454,359,438,384,411,395,393,406,371,424,321,429,297,439,253,224,232,234,225,251,223,275,228,303,236,366,243,393,241,413,240,426,245,431,254,331,274,329,292,328,307,327,321,325,336,324,353,322,363,321,367,321,368,320,368,247,267,258,263,277,265,297,278,281,280,261,278,359,284,380,276,397,278,406,283,391,290,373,288,268,390,289,386,302,386,317,390,331,388,343,390,359,397,339,415,326,419,312,420,298,417,285,411,273,391,293,395,315,399,335,398,355,398,326,400,315,400,303,398,93.09,20.7,47.61,9.43,34.46,9.24,57.7,15.09
81,2026-02-11T16:51:09.420903,205,230,203,275,204,299,214,353,223,378,233,398,256,430,285,450,306,454,327,453,357,438,384,411,394,393,405,370,423,320,429,297,438,252,222,232,232,224,249,222,273,227,301,235,364,243,392,240,412,240,425,244,430,253,329,274,327,291,326,307,325,321,323,335,322,352,320,362,319,366,319,367,319,367,245,266,256,263,275,264,295,277,278,279,259,277,357,283,379,275,397,277,405,282,391,290,372,288,268,390,288,386,301,386,315,390,329,388,341,391,357,398,338,414,325,419,311,419,297,417,285,411,272,391,293,395,313,399,334,398,353,398,324,400,313,400,302,398,92.04,20.77,47.96,9.75,35.19,9.35,59.3,15.05
82,2026-02-11T16:51:09.448529,204,229,202,274,203,298,214,352,222,378,232,397,256,429,284,450,305,453,326,453,356,437,384,410,394,393,405,370,423,319,429,296,437,251,221,232,230,224,247,222,271,227,299,235,361,242,390,239,412,239,424,243,429,252,326,273,325,291,323,306,322,321,321,335,319,351,318,362,317,366,317,367,317,367,243,266,254,262,273,264,294,277,277,278,258,277,355,282,376,274,395,276,405,281,389,289,370,287,268,390,287,386,300,386,314,390,328,388,339,390,355,397,336,413,324,418,310,418,296,416,284,410,272,391,292,394,312,398,332,398,351,397,323,399,312,399,301,397,92.46,20.62,46.45,9.69,33.97,9.04,58.68,14.39
83,2026-02-11T16:51:09.499158,204,228,202,273,203,297,213,352,222,377,231,397,255,429,283,449,304,452,325,452,355,436,383,410,394,392,405,369,423,317,428,294,436,249,220,231,230,224,246,222,270,227,298,234,358,241,386,238,409,237,423,242,429,250,325,272,323,290,321,305,320,320,319,335,317,351,316,361,315,365,315,366,315,366,242,265,253,261,272,263,292,276,275,278,256,276,353,281,374,272,393,274,403,279,387,288,368,286,267,389,285,385,298,385,312,389,326,387,337,389,353,396,334,412,322,417,308,417,295,415,283,409,271,390,290,393,310,397,330,397,349,397,321,398,310,398,299,396,92.4,20.65,47.31,9.31,35.67,9.17,58.91,14.42
84,2026-02-11T16:51:09.526759,204,228,202,273,204,297,214,351,222,376,232,396,256,428,283,448,304,452,325,451,355,436,382,409,393,391,404,368,422,317,427,293,436,249,220,231,230,224,246,221,269,226,297,234,357,240,385,238,407,237,422,241,428,250,324,271,322,289,321,305,320,319,318,334,316,351,315,361,315,365,314,366,314,366,242,264,253,260,272,262,291,275,275,277,256,276,353,281,373,271,392,273,402,278,386,287,367,285,267,388,285,383,298,383,311,387,325,385,337,388,352,395,334,412,322,416,308,417,294,414,283,409,271,389,290,392,310,396,330,395,348,395,320,397,310,397,299,395,91.66,20.36,48.19,9.56,35.22,8.8,60.03,14.67
85,2026-02-11T16:51:09.571889,206,228,204,272,205,296,215,350,224,374,233,395,257,427,284,448,305,451,325,451,355,434,381,406,392,388,404,365,421,315,426,292,435,248,222,231,231,223,247,221,270,226,298,234,357,240,384,238,406,236,420,241,426,249,324,270,323,287,321,302,320,316,319,331,317,348,316,359,316,363,315,363,315,363,244,263,254,259,273,260,292,274,276,276,257,275,353,279,373,269,392,271,401,276,386,285,367,284,269,386,287,380,299,379,313,383,326,381,337,383,352,392,334,408,322,413,309,413,296,411,284,405,273,386,292,388,311,391,330,391,348,392,321,393,311,393,301,391,92.07,20.57,48.57,9.57,34.79,8.23,60.82,14.81
86,2026-02-11T16:51:09.599047,206,228,204,272,206,295,215,348,224,372,234,392,257,424,285,445,305,448,325,447,355,431,381,403,392,385,403,363,420,313,425,291,433,247,223,230,232,223,249,221,271,226,299,234,357,240,384,237,405,236,418,240,424,248,325,269,324,285,322,300,321,313,320,328,318,344,317,355,316,359,316,359,316,359,244,262,255,258,274,259,293,272,277,275,258,273,353,278,373,268,391,270,401,275,386,284,367,282,269,382,287,376,299,375,313,379,327,377,337,379,352,388,335,404,323,408,309,409,296,406,284,401,273,383,292,384,311,387,331,387,348,387,321,389,311,389,301,388,92.71,20.58,51.1,10.15,37.92,8.97,57.28,14.27
87,2026-02-11T16:51:09.652717,211,227,209,270,210,293,219,345,227,369,237,389,260,420,287,440,307,443,327,442,355,427,381,400,391,383,402,361,418,312,424,290,432,247,228,229,237,222,252,220,274,225,300,233,358,239,384,236,405,235,417,239,423,247,325,267,324,283,323,297,322,310,320,324,319,341,317,351,317,355,316,355,316,355,249,260,259,256,277,257,295,270,280,273,262,271,353,276,374,267,391,268,400,274,386,283,367,281,273,377,290,372,301,372,314,375,327,374,338,375,352,382,335,399,324,403,311,403,299,401,288,396,277,378,294,379,313,383,331,382,348,382,322,385,313,385,303,383,91.92,20.57,53.01,10.37,38.08,8.9,60.83,14.97
88,2026-02-11T16:51:09.682822,214,227,213,270,214,293,223,344,232,367,241,386,264,415,292,434,312,437,331,436,357,421,381,395,391,378,401,357,417,309,421,287,430,245,232,229,241,222,256,220,278,224,303,231,358,237,384,234,404,233,417,238,422,245,327,265,326,280,325,294,324,306,323,320,322,335,321,345,320,349,320,350,320,350,252,259,262,255,279,256,297,268,282,271,265,270,354,274,374,265,391,266,400,272,386,280,367,278,279,374,295,368,306,367,318,371,330,369,340,371,353,378,338,392,327,396,316,397,304,395,294,390,282,374,299,375,317,378,334,377,349,377,326,379,317,379,308,378,93.03,20.39,53.31,10.58,38.52,8.89,61.05,15.59
89,2026-02-11T16:51:09.715839,219,227,217,269,218,291,227,341,236,363,245,381,268,410,295,429,314,432,333,431,358,416,381,390,390,374,400,353,415,307,420,286,429,244,237,228,246,221,261,218,282,223,307,229,359,235,384,233,404,232,416,236,421,244,330,262,329,277,328,290,327,302,326,315,325,330,324,340,323,344,323,344,323,345,256,256,266,253,283,253,300,265,286,268,269,266,354,271,374,263,391,264,400,269,386,277,368,276,283,370,298,364,309,364,321,367,332,365,341,367,354,373,340,387,330,391,319,391,308,390,298,385,286,370,303,371,320,374,336,373,350,373,329,375,320,375,311,374,95.28,20.23,56.75,11.27,42.37,9.9,62.44,15.35
90,2026-02-11T16:51:09.747191,222,226,220,267,221,289,230,338,238,359,248,377,270,405,297,423,315,426,333,426,358,411,380,387,389,371,398,351,414,306,418,285,427,245,241,227,250,220,266,217,286,221,310,228,360,233,384,231,403,231,415,235,419,243,332,260,331,274,330,286,329,297,329,310,328,324,326,334,326,338,325,339,325,339,259,254,269,250,286,251,302,264,288,266,272,264,355,269,374,261,391,262,399,268,385,275,368,274,284,363,300,358,311,358,323,361,334,359,343,361,356,368,341,382,331,386,320,386,309,384,299,379,287,363,304,365,322,368,337,368,352,368,330,370,322,370,313,368,94.22,19.87,58.39,11.08,42.97,9.64,68.1,16.67
91,2026-02-11T16:51:09.778744,227,226,224,267,225,288,234,335,242,356,250,373,272,399,298,416,316,419,333,419,358,406,380,383,388,368,397,349,412,305,417,285,425,245,244,226,253,219,268,216,288,220,311,226,360,232,383,230,401,230,412,235,417,242,332,258,332,271,331,283,330,294,329,306,328,320,327,329,326,333,326,334,325,335,262,253,271,249,287,250,304,262,290,264,273,262,355,268,373,260,389,261,397,267,385,274,368,272,285,358,301,353,312,353,323,356,335,355,343,357,356,364,341,377,332,380,321,381,310,378,300,374,289,358,305,360,322,363,338,362,352,363,331,365,322,365,314,363,96.64,20.18,58.23,10.82,43.21,9.82,70.66,16.92
92,2026-02-11T16:51:09.809606,230,226,227,266,227,287,236,332,244,353,253,369,274,395,299,412,317,415,334,415,358,402,378,379,387,365,396,346,411,304,415,284,423,245,248,225,257,219,271,216,290,220,313,226,360,231,382,230,400,230,411,234,415,242,333,257,333,270,332,281,331,292,330,303,329,317,328,326,327,330,327,331,327,332,265,252,274,248,290,249,305,261,291,263,276,261,355,266,373,258,388,260,396,265,384,272,368,271,288,355,303,350,314,349,324,352,335,350,343,353,355,360,341,373,332,376,321,376,311,374,302,370,291,355,307,356,323,359,338,359,352,360,331,361,323,360,315,359,99.95,19.77,61.1,10.6,45.77,9.97,71.35,16.95
93,2026-02-11T16:51:09.840178,232,226,229,266,229,286,238,331,246,350,254,367,275,392,300,409,317,411,334,411,358,399,377,377,385,363,394,345,409,304,413,284,420,245,250,225,259,219,273,216,292,220,314,226,360,231,381,230,398,230,408,234,413,242,334,256,333,268,332,280,331,290,330,301,329,315,328,324,328,328,327,329,327,329,266,251,276,248,291,249,306,260,292,262,277,261,355,265,372,258,386,260,394,265,383,271,368,270,288,352,303,347,314,346,324,349,335,348,343,350,355,357,341,369,332,372,322,373,311,371,302,367,291,352,307,353,323,356,338,355,352,357,331,357,323,357,315,356,99.75,19.84,63.45,10.93,46.88,10.21,80.2,18.46
94,2026-02-11T16:51:09.874441,234,228,232,266,232,287,240,331,248,350,256,365,277,389,300,405,317,408,334,408,357,396,377,376,385,362,394,345,408,304,411,285,418,246,251,226,260,219,274,216,292,220,314,226,359,231,379,230,395,230,406,235,411,243,333,255,333,267,332,278,331,288,330,299,329,312,328,321,328,325,327,326,327,327,267,252,277,248,291,250,306,260,293,263,278,261,354,266,370,258,384,260,391,265,381,271,366,270,289,349,304,344,314,343,325,346,335,345,343,347,355,354,341,367,332,369,322,370,312,368,303,363,292,349,308,350,324,353,338,353,352,354,331,354,324,354,316,353,100.02,19.81,62.97,9.68,47.27,9.94,82.75,18.68
95,2026-02-11T16:51:09.903675,236,229,233,266,234,287,242,329,249,348,257,363,277,387,301,403,317,406,334,406,357,394,375,374,384,360,392,343,406,304,410,285,416,247,253,226,261,219,274,217,292,220,313,226,357,232,377,230,393,230,404,235,408,243,333,256,332,267,331,278,331,288,330,298,329,311,328,319,327,323,327,324,327,325,268,252,277,249,291,250,306,260,293,262,278,261,354,266,368,258,382,260,389,265,379,271,365,270,290,347,304,342,314,341,325,344,335,343,343,346,355,353,341,365,332,368,322,368,312,366,303,362,293,347,308,348,323,351,338,351,352,353,331,353,324,353,316,351,104.9,19.31,66.42,9.83,50.46,9.75,86.28,16.95
96,2026-02-11T16:51:09.935376,238,232,235,267,235,287,243,329,250,347,258,361,278,385,301,401,317,404,333,403,356,392,374,372,382,359,391,342,404,304,407,285,413,249,254,228,262,221,275,218,292,221,313,226,356,232,375,231,391,231,401,236,406,244,333,256,332,268,331,278,331,287,330,298,329,310,328,318,327,322,327,323,326,324,269,252,278,249,291,250,306,261,293,263,279,261,353,266,367,259,380,260,387,265,377,271,364,270,290,345,304,340,314,340,324,343,335,342,343,344,355,351,341,364,332,366,322,366,312,364,303,360,293,345,308,346,323,349,338,349,352,351,331,352,323,352,315,350,104.11,19.33,66.99,10.05,50.34,9.65,96.31,16.51
97,2026-02-11T16:51:09.968212,240,234,237,269,237,287,244,329,251,347,259,361,278,384,301,399,317,401,333,401,355,391,374,372,382,360,390,343,403,304,406,286,411,251,255,230,263,223,275,220,292,223,312,228,354,232,373,231,388,232,398,237,403,245,332,256,331,268,330,278,330,287,329,297,328,309,328,317,327,321,327,322,326,323,269,253,278,249,292,251,306,261,293,263,279,262,351,266,365,259,378,261,385,266,376,272,362,271,289,344,304,340,314,339,324,342,334,341,342,343,354,350,341,362,332,364,322,364,311,362,302,358,293,344,308,345,323,348,338,348,351,350,331,351,323,350,315,349,104.72,19.11,67.05,9.7,50.53,9.07,91.63,16.67
98,2026-02-11T16:51:09.996399,240,235,237,269,237,287,244,329,251,346,259,360,278,382,301,397,317,399,332,399,353,389,372,370,380,358,388,342,400,304,403,286,409,252,255,231,263,225,276,222,292,225,312,230,353,234,371,233,386,234,396,239,401,246,331,257,330,269,329,279,329,288,328,297,327,309,327,317,326,321,326,322,325,323,270,254,279,250,292,251,305,261,293,263,280,262,350,267,363,260,376,261,383,266,373,272,361,271,290,344,304,339,314,338,324,341,333,340,341,342,353,350,340,361,331,363,321,363,311,361,302,357,293,344,308,345,323,348,336,348,350,349,330,349,323,349,315,348,107.01,18.71,68.38,9.69,52.71,9.32,90.34,16.09
99,2026-02-11T16:51:10.030405,241,237,239,271,239,287,245,328,252,345,260,359,279,380,301,394,317,397,331,397,352,387,370,369,378,358,386,342,398,304,401,287,407,254,256,233,264,227,276,224,293,227,312,232,351,236,370,235,385,236,395,240,399,248,330,257,329,269,328,279,328,288,327,297,326,308,326,316,325,320,325,321,325,322,270,255,279,251,292,252,305,262,293,264,280,262,349,267,362,260,375,262,382,267,372,272,359,271,290,342,304,337,314,336,323,339,332,338,340,341,352,348,339,360,330,363,321,363,311,361,302,356,293,342,307,342,323,345,336,345,349,348,329,349,323,349,315,347,105.44,18.87,68.53,9.68,52.61,9.11,91.31,17.53
100,2026-02-11T16:51:10.057412,242,238,239,272,239,289,246,329,253,345,260,358,279,379,301,392,317,394,331,394,351,385,369,368,377,357,385,342,397,304,400,288,405,254,256,234,264,228,276,225,292,228,311,233,350,237,368,236,383,236,393,241,397,248,328,257,328,269,327,279,327,287,326,297,325,308,325,316,324,319,324,321,324,321,270,256,278,252,292,253,305,262,293,264,279,263,347,267,361,261,373,263,380,268,371,273,358,272,290,341,303,337,313,336,323,339,331,338,339,340,350,347,337,358,329,360,321,360,311,358,302,354,293,342,307,342,322,344,335,345,347,347,329,347,322,347,315,346,105.13,19.23,67.86,9.62,52.36,9.0,87.27,17.16
101,2026-02-11T16:51:10.094227,242,239,239,272,239,289,245,328,252,344,260,357,279,377,301,390,315,393,329,393,349,383,367,366,375,355,383,340,395,304,398,288,403,255,256,235,264,229,276,226,292,229,311,234,349,238,367,237,382,238,391,242,396,249,328,258,327,269,326,279,326,287,325,296,325,307,324,315,323,319,323,320,323,321,270,256,278,253,291,254,305,263,293,265,279,263,345,267,359,262,372,263,378,268,369,273,356,272,290,341,303,336,313,336,321,339,330,338,337,340,348,347,336,357,328,360,319,359,310,357,302,353,293,341,307,342,320,344,333,345,346,347,327,347,321,346,314,345,106.68,19.29,69.22,9.69,53.54,9.67,86.82,17.8
102,2026-02-11T16:51:10.121434,242,240,240,273,240,289,246,328,252,344,260,356,278,376,300,389,315,392,328,392,348,383,366,366,374,355,381,341,393,305,396,288,401,256,256,236,264,229,275,227,292,229,310,234,348,239,365,238,380,238,389,243,394,250,326,259,326,270,325,279,325,287,324,296,324,307,323,314,322,318,322,319,322,320,270,257,278,254,291,255,304,263,293,265,279,264,344,268,358,262,370,264,376,268,367,273,355,272,289,339,303,335,312,334,320,337,329,336,337,339,348,346,335,357,327,359,318,359,309,357,302,352,293,340,306,340,320,343,332,343,345,345,326,346,320,345,313,344,105.68,19.2,68.99,9.72,53.02,9.63,90.34,18.16
103,2026-02-11T16:51:10.155470,243,241,240,274,240,290,246,328,252,343,260,355,278,374,299,386,312,389,326,389,346,381,365,366,373,355,381,341,392,305,395,289,399,256,256,237,263,230,275,228,291,230,308,235,345,239,363,238,377,239,387,243,391,251,324,259,324,270,323,279,322,287,322,296,321,306,320,314,320,317,320,318,320,319,270,258,278,254,291,255,303,264,291,266,279,264,342,268,355,263,367,265,374,269,365,273,353,272,288,337,301,334,310,333,318,336,327,335,335,337,346,344,333,355,325,357,316,357,307,355,300,351,291,338,304,338,318,340,330,341,343,344,324,345,317,345,310,343,106.46,19.9,68.15,9.06,53.75,9.52,84.77,18.46
104,2026-02-11T16:51:10.183619,243,242,240,274,240,290,246,327,252,342,260,354,278,373,298,385,311,387,325,387,345,379,363,364,371,354,378,340,389,305,392,289,397,257,255,238,263,231,275,229,289,231,306,236,344,240,361,239,375,239,385,243,389,251,323,260,322,270,322,279,321,287,321,295,320,305,319,313,319,316,319,318,318,319,270,258,278,255,290,256,302,264,291,266,279,265,340,268,354,263,365,265,372,269,363,273,351,272,288,337,300,333,308,332,317,335,325,334,332,337,343,344,331,353,323,355,315,355,306,353,299,349,291,337,303,338,316,340,328,341,340,343,322,344,316,343,309,342,107.89,19.73,69.96,8.66,55.71,9.61,86.2,17.79
105,2026-02-11T16:51:10.214642,242,242,240,275,240,291,246,327,252,342,259,354,278,372,296,383,309,385,323,386,343,378,361,363,369,353,377,340,388,305,391,289,395,257,255,238,263,232,273,229,288,231,304,236,341,240,359,239,373,239,383,244,387,251,321,260,320,270,320,278,319,286,319,294,318,304,317,312,317,315,317,317,317,317,269,259,277,255,288,256,301,265,289,267,278,265,339,268,352,263,364,265,371,269,362,273,349,272,286,335,298,332,306,331,315,334,323,333,331,335,341,342,329,352,321,353,313,353,304,352,297,348,289,336,301,336,314,338,327,339,339,342,320,342,314,342,307,340,106.68,19.41,69.89,8.76,55.36,9.62,87.9,18.41
106,2026-02-11T16:51:10.251472,242,243,240,275,240,291,245,327,252,341,259,353,277,371,295,382,309,384,322,385,342,377,360,362,368,352,376,338,387,305,389,289,393,256,255,239,262,232,273,230,287,232,303,236,339,240,356,239,371,239,380,244,385,251,320,260,319,269,318,278,318,285,318,293,317,303,316,311,316,314,315,315,315,316,268,259,276,256,287,256,300,265,288,267,276,265,337,268,350,263,362,265,369,269,360,273,348,272,285,335,297,331,305,331,313,333,322,332,329,334,340,341,328,350,320,352,312,352,303,350,296,347,288,335,300,336,313,338,325,338,337,340,319,341,313,340,306,339,112.44,19.89,70.45,8.73,57.06,9.84,84.56,18.1
107,2026-02-11T16:51:10.277337,242,243,240,275,240,291,245,326,252,341,259,352,276,370,295,382,308,384,321,384,341,376,359,361,367,351,375,337,385,304,388,289,392,256,255,239,261,232,271,230,285,232,302,236,338,240,355,239,369,239,378,244,383,251,318,260,317,269,317,277,316,285,316,293,315,303,314,310,314,313,314,314,314,315,268,259,275,255,286,256,298,264,287,267,275,265,335,268,348,263,360,265,367,269,358,273,346,272,285,334,297,331,304,330,312,333,321,332,328,334,339,339,327,349,319,351,311,351,303,349,296,346,287,334,299,335,312,338,324,338,336,339,318,340,312,339,305,338,114.15,19.92,73.44,8.98,59.86,10.05,88.92,18.62
108,2026-02-11T16:51:10.307782,242,243,240,275,240,291,245,326,252,340,258,351,274,369,293,381,306,383,320,383,339,375,357,360,365,351,373,337,384,304,386,289,390,257,254,238,260,232,270,229,284,232,301,236,336,240,353,239,367,239,377,244,382,251,317,259,316,269,315,277,315,284,314,292,313,302,313,309,312,312,312,314,312,315,266,259,274,255,285,256,297,264,286,266,274,265,334,268,347,263,359,265,366,269,357,273,345,272,283,333,295,329,302,329,311,332,319,331,327,333,338,339,326,349,318,351,309,351,301,349,294,345,286,333,298,334,310,336,323,337,335,338,317,339,310,339,304,338,113.11,19.97,72.95,9.13,58.58,9.83,90.86,19.21
109,2026-02-11T16:51:10.345321,242,243,239,275,239,291,245,325,251,339,258,350,274,368,292,380,305,382,318,382,338,374,356,360,364,350,372,337,383,304,386,289,389,257,253,239,259,232,269,230,283,232,299,236,335,240,351,239,365,239,375,244,380,251,315,259,315,268,314,276,313,284,312,292,312,301,311,309,311,312,311,313,311,314,265,259,272,255,284,256,296,264,285,266,273,265,333,268,346,263,358,265,364,268,356,273,343,272,282,332,293,328,301,328,309,331,318,330,325,332,337,338,324,348,316,350,308,350,299,348,292,344,285,332,296,333,309,335,321,336,334,338,315,339,309,338,302,337,116.51,19.57,73.63,9.09,59.58,9.99,88.08,18.75
110,2026-02-11T16:51:10.371212,242,244,239,275,239,291,245,325,251,339,257,350,273,367,291,379,304,381,317,382,337,374,355,359,364,350,372,337,382,304,385,289,388,257,252,239,258,232,268,230,282,232,298,236,333,240,350,239,364,239,374,244,379,251,314,259,313,268,312,276,312,283,311,291,310,301,309,308,309,311,309,312,309,313,264,259,271,255,283,256,295,264,284,266,272,265,332,268,344,263,356,264,363,268,354,273,342,272,281,331,292,328,299,328,307,330,316,329,323,332,335,338,322,347,315,349,306,349,298,347,291,344,284,332,295,332,307,335,320,335,332,337,314,338,307,338,301,337,115.58,19.38,75.32,9.21,60.34,9.5,92.61,18.73
111,2026-02-11T16:51:10.408115,241,243,239,275,239,290,244,324,250,338,256,349,271,366,289,378,302,380,315,381,335,373,354,359,362,350,370,337,381,304,384,289,387,257,250,239,256,232,266,230,280,232,296,236,331,240,348,239,362,240,372,244,377,251,312,259,311,268,310,276,309,283,309,291,308,301,307,308,307,311,307,312,307,313,263,258,270,255,282,256,294,264,282,266,271,265,330,268,343,263,355,264,362,268,353,273,341,272,279,331,290,327,297,327,305,329,314,329,321,331,333,337,320,347,313,349,304,349,296,347,289,343,281,331,293,331,305,333,318,334,330,337,312,338,305,337,299,336,114.46,19.7,74.54,9.75,59.34,9.18,90.33,19.99
112,2026-02-11T16:51:10.436654,240,243,239,274,239,290,243,323,249,337,254,347,269,365,286,376,299,379,312,379,333,373,352,359,361,349,369,336,380,304,383,289,387,257,249,238,255,232,265,230,278,232,294,236,329,240,346,239,361,240,371,244,376,251,309,259,308,268,307,275,306,283,305,291,304,300,304,307,303,310,303,312,304,313,262,258,269,255,280,256,292,264,281,266,269,265,328,268,341,263,353,264,360,268,351,273,339,272,277,331,288,327,295,327,302,329,311,328,318,331,330,337,317,346,309,348,301,347,293,346,286,342,279,331,291,332,302,334,315,335,328,337,309,337,302,336,296,335,118.8,19.34,74.76,9.64,59.61,9.01,88.38,19.22
113,2026-02-11T16:51:10.463930,240,243,238,274,238,289,242,322,246,336,252,346,266,363,282,375,295,378,308,379,329,373,350,359,359,350,368,337,379,305,383,289,386,258,248,238,254,232,264,230,277,232,293,236,327,240,345,240,359,240,369,245,375,252,307,259,306,267,305,275,304,282,302,290,301,299,300,306,300,310,300,311,300,312,260,258,267,255,279,256,290,264,279,266,267,264,327,268,340,263,351,264,358,268,349,273,337,272,273,330,284,327,291,326,298,329,307,328,314,331,326,337,313,345,305,347,297,347,289,345,283,341,276,330,287,332,298,334,311,335,324,337,305,336,298,336,292,334,117.91,19.4,77.14,10.15,60.83,8.84,94.29,18.05
114,2026-02-11T16:51:10.498878,240,241,238,271,237,286,240,319,244,333,248,344,261,361,276,374,289,377,302,378,324,372,345,359,355,350,365,337,378,305,381,290,386,260,247,237,253,232,262,229,275,232,291,236,325,240,342,240,356,241,367,246,372,253,304,259,302,267,301,275,299,282,297,290,295,299,295,306,294,310,295,311,295,312,258,257,265,254,277,255,288,264,277,265,265,263,324,268,337,263,349,265,356,269,346,274,334,272,269,330,279,326,286,326,293,329,301,328,309,331,321,338,308,346,300,348,291,347,284,345,278,341,272,330,282,332,293,334,305,335,319,337,299,336,293,336,287,334,116.88,19.2,76.93,10.31,58.49,8.1,94.3,19.49
115,2026-02-11T16:51:10.529324,240,240,237,270,237,285,238,318,241,332,245,343,257,361,273,373,285,376,299,378,321,372,343,360,353,351,363,338,377,307,381,292,385,262,246,237,251,231,261,229,273,232,289,236,323,242,341,242,356,243,366,248,372,256,303,259,301,267,299,275,297,282,295,290,293,299,292,306,292,310,293,311,293,312,257,257,264,254,275,255,286,264,275,265,264,263,322,269,336,264,347,266,354,271,344,275,332,273,266,330,277,326,284,326,291,328,300,328,307,331,320,338,306,346,298,347,289,347,282,345,275,341,269,331,280,331,291,334,304,335,317,338,298,337,291,336,285,334,120.7,18.53,77.99,10.83,59.18,8.38,92.42,19.82
116,2026-02-11T16:51:10.562195,240,239,237,269,236,283,237,317,240,331,243,342,255,360,270,372,283,376,296,378,319,373,341,361,352,352,362,340,376,309,380,294,385,264,246,236,251,231,260,229,273,232,288,237,322,243,340,244,355,245,365,250,371,258,302,259,299,268,297,275,296,283,294,290,292,300,291,307,291,310,291,311,291,312,256,256,263,253,274,255,285,264,274,265,263,263,321,270,335,265,347,267,353,272,343,277,331,274,265,330,275,326,282,326,290,329,298,328,306,331,318,338,304,347,295,348,287,347,279,345,273,342,267,331,278,332,289,334,302,335,315,338,295,337,289,336,283,335,117.99,19.79,79.68,12.17,59.06,8.06,94.57,19.16
117,2026-02-11T16:51:10.589803,240,239,237,269,236,284,237,317,240,331,243,342,254,360,269,373,281,377,295,379,317,373,340,363,350,355,361,343,375,312,379,297,385,267,246,235,251,230,260,229,273,232,288,237,322,244,340,245,355,246,365,252,371,260,301,260,299,268,297,276,295,283,293,291,291,300,289,307,289,310,290,312,290,313,256,256,263,253,274,255,285,264,274,265,262,263,321,271,335,266,346,269,353,274,343,278,331,276,264,330,274,326,281,326,288,329,297,328,304,331,317,339,302,347,294,348,285,348,277,346,271,342,266,331,277,332,288,334,301,335,314,338,294,337,287,336,281,335,117.62,19.81,79.18,11.86,58.38,8.18,93.8,19.7
118,2026-02-11T16:51:10.623426,240,238,237,268,236,283,237,316,239,331,242,342,253,360,267,373,280,377,293,379,316,374,338,364,349,356,360,344,375,313,379,298,385,268,246,235,251,230,261,228,273,231,289,237,323,245,340,246,355,248,366,253,371,261,301,260,299,269,297,276,295,283,293,291,290,300,289,307,289,310,289,312,290,313,256,255,263,253,275,255,285,264,274,265,263,262,320,272,335,267,347,270,353,276,343,279,331,277,263,330,273,326,280,326,287,329,296,329,304,331,315,340,301,348,292,349,284,348,276,346,270,342,266,331,276,332,287,334,299,336,313,339,293,337,286,337,281,335,118.95,19.12,79.18,12.18,58.77,8.39,93.95,21.15
119,2026-02-11T16:51:10.652436,240,238,237,267,236,282,236,316,239,331,242,342,253,361,268,374,280,378,294,381,316,377,339,366,349,358,360,345,375,314,380,299,386,269,246,234,252,229,261,228,274,232,290,238,324,247,342,248,357,250,367,255,372,263,303,262,300,270,298,278,296,285,294,293,292,302,290,309,290,312,290,313,291,314,257,255,264,253,275,255,286,264,275,265,264,263,322,273,336,269,348,272,354,277,344,281,332,278,264,331,274,326,281,326,289,329,297,329,305,333,316,342,302,350,294,351,285,349,277,347,271,343,267,331,277,332,288,335,300,337,313,341,294,338,288,337,282,336,118.43,19.42,80.09,12.23,58.47,8.36,96.15,23.08
120,2026-02-11T16:51:10.684761,241,238,237,268,236,283,237,317,239,332,243,343,254,361,269,375,282,379,295,382,318,378,340,367,350,359,360,346,375,315,380,300,386,270,247,235,253,229,263,229,276,233,291,239,325,248,342,249,357,251,367,256,373,264,303,263,302,272,300,280,298,287,296,295,294,304,293,311,292,314,293,316,293,317,257,256,264,254,275,256,286,266,275,266,264,263,323,274,337,270,348,273,355,279,345,282,333,279,265,332,276,328,283,329,290,332,299,332,306,336,317,344,303,352,295,353,286,352,279,349,272,344,268,332,278,335,289,339,302,340,315,344,295,341,289,339,283,337,115.74,18.61,77.87,12.04,56.45,8.37,91.48,22.62
121,2026-02-11T16:51:10.716992,241,238,238,268,236,283,237,317,240,332,244,343,256,363,271,377,284,381,297,384,319,379,341,368,351,359,361,346,376,315,380,300,386,270,249,235,255,230,265,230,278,234,294,241,328,250,345,250,360,252,370,257,374,265,306,265,303,274,301,282,299,290,297,298,294,308,293,314,293,317,293,319,294,320,259,257,266,255,277,257,288,267,277,267,266,265,325,276,338,272,350,275,356,280,346,283,334,280,266,335,277,332,284,332,292,335,300,335,308,338,319,346,305,354,297,355,288,354,280,351,274,347,269,335,280,338,291,341,303,343,316,346,297,343,291,342,285,340,119.53,18.29,78.07,11.19,57.07,8.41,92.32,21.5
122,2026-02-11T16:51:10.748008,242,239,238,268,236,284,237,318,240,333,244,346,256,366,272,380,285,384,298,386,320,381,342,369,352,360,362,348,376,316,381,301,388,271,250,237,256,232,267,232,280,236,296,243,331,251,348,252,363,253,373,259,377,266,308,267,306,276,304,284,302,291,299,300,297,309,296,316,295,319,295,320,295,321,260,258,267,257,279,259,290,268,279,269,267,266,327,277,341,274,352,277,359,281,348,285,337,282,266,336,277,333,284,333,292,337,301,337,308,340,319,348,305,356,297,357,289,356,281,353,275,349,269,337,280,339,291,343,304,345,317,348,297,345,291,343,285,341,113.62,19.23,77.62,10.77,56.24,8.55,93.45,20.67
123,2026-02-11T16:51:10.781038,242,240,238,271,236,286,238,321,242,337,246,349,259,369,275,382,288,386,302,388,323,383,344,370,354,361,363,348,377,317,382,301,389,271,251,239,257,234,267,233,281,237,297,243,333,251,350,252,365,254,374,259,379,266,311,268,309,277,307,285,305,293,303,301,301,311,299,318,299,321,299,322,299,323,261,260,268,258,280,260,291,270,281,271,269,268,329,278,343,274,354,277,361,282,351,285,339,283,270,338,281,335,288,335,296,339,305,339,312,342,323,349,309,357,301,358,293,357,285,354,278,350,272,339,284,341,295,344,308,346,321,349,302,346,295,345,289,343,112.76,18.84,74.71,10.08,56.05,8.28,89.84,20.17
124,2026-02-11T16:51:10.810832,242,241,238,272,236,288,238,323,242,338,247,350,261,370,278,384,291,388,305,389,326,384,346,371,356,362,365,349,379,317,383,302,390,271,252,240,259,235,269,234,283,238,299,245,335,253,353,253,367,255,376,260,380,266,313,269,311,279,310,287,308,295,306,303,304,313,303,320,303,323,302,324,302,325,263,261,270,260,282,262,293,271,282,272,271,269,331,279,345,275,356,278,362,282,352,286,341,284,273,340,284,337,292,337,300,340,308,340,316,343,326,351,313,359,305,360,296,359,288,356,282,352,275,341,287,342,299,346,311,347,324,350,305,348,299,347,292,345,112.18,18.62,74.68,9.75,56.67,8.33,87.42,18.88
125,2026-02-11T16:51:10.842734,242,242,238,272,236,288,238,323,243,339,249,351,263,371,281,385,294,388,308,390,329,384,349,371,358,361,367,348,380,317,384,301,391,271,253,241,260,236,270,235,284,240,301,246,337,254,355,254,369,256,378,260,382,267,315,270,313,280,312,288,310,296,309,305,307,315,306,322,305,325,305,325,305,326,265,262,272,261,284,263,295,272,284,272,272,270,333,280,347,276,358,279,365,283,355,287,343,284,275,341,286,338,294,338,302,342,311,342,318,345,329,352,316,360,308,362,299,361,291,358,284,354,278,342,289,344,301,348,314,349,327,351,308,349,301,349,295,347,106.4,19.67,73.42,9.56,56.82,8.26,87.18,19.15
126,2026-02-11T16:51:10.875551,243,243,238,273,237,289,239,325,244,340,250,353,265,373,283,386,296,389,310,391,331,385,351,371,359,362,368,349,381,317,385,301,391,271,254,242,261,237,272,236,286,240,303,247,339,255,356,255,370,256,379,261,384,267,317,271,316,281,314,290,313,298,311,306,310,316,308,323,308,326,308,327,308,328,266,263,273,262,285,264,297,273,286,273,274,271,335,281,348,277,360,279,366,283,356,287,344,285,277,343,289,340,297,340,305,344,314,343,320,346,331,353,318,361,310,362,301,361,293,359,287,355,280,343,292,346,304,349,316,350,328,352,310,351,304,350,297,348,107.71,19.05,71.14,9.23,55.6,8.32,86.12,17.96
127,2026-02-11T16:51:10.905162,243,244,238,274,237,290,240,326,245,341,251,354,267,374,285,387,299,390,312,392,333,385,353,371,361,362,370,348,383,316,387,301,392,271,255,244,261,239,272,238,287,242,304,249,341,256,358,256,372,257,381,261,385,267,319,273,317,283,316,292,315,300,313,308,312,319,310,326,310,329,310,329,310,330,268,266,275,263,287,265,298,274,288,275,276,273,336,282,350,277,361,280,367,284,357,288,346,286,280,344,291,342,299,342,307,345,315,345,322,347,332,353,320,362,312,364,303,363,295,361,288,357,282,345,294,347,306,350,318,351,330,353,312,352,306,351,299,350,108.28,18.34,72.25,9.52,57.11,8.9,84.66,16.58
128,2026-02-11T16:51:10.936053,243,244,238,275,237,291,240,327,246,342,252,355,268,375,287,389,300,392,314,393,334,386,354,372,362,362,371,349,384,316,388,301,394,271,255,245,262,240,273,239,288,243,305,250,342,257,360,257,374,258,383,262,387,268,320,274,318,284,317,293,316,301,314,310,313,320,312,327,311,330,311,331,311,332,268,267,276,264,287,266,299,276,288,276,276,274,337,283,351,278,362,280,368,285,358,289,347,287,280,345,292,343,300,343,308,346,317,346,324,348,335,354,322,364,314,366,305,365,296,363,289,359,283,346,295,348,307,352,320,353,332,354,314,354,307,353,300,351,104.77,18.89,70.82,9.68,55.67,8.84,84.58,17.08
129,2026-02-11T16:51:10.965629,243,246,239,276,238,293,241,329,247,345,253,358,270,378,289,391,302,394,316,395,336,387,355,373,364,363,372,349,385,316,388,301,394,271,255,246,262,241,273,240,288,244,305,250,342,257,360,257,374,258,383,262,387,268,320,275,319,285,318,294,317,302,315,311,314,321,313,328,313,331,312,332,312,333,269,268,276,266,287,267,299,276,289,277,277,276,338,283,351,278,363,280,369,285,359,289,347,287,282,347,294,344,302,344,310,348,319,347,326,349,336,356,323,366,315,368,306,367,298,365,291,361,284,348,296,350,309,354,321,354,333,355,315,355,309,354,302,353,105.3,19.71,69.47,9.32,55.74,8.86,82.94,17.21
130,2026-02-11T16:51:10.998102,243,246,239,277,238,293,241,330,247,346,254,359,270,380,289,394,303,397,317,397,338,389,357,374,365,363,374,349,386,316,389,301,395,270,256,248,263,243,274,242,288,246,306,253,343,259,360,258,375,258,384,262,388,268,321,276,320,286,319,295,318,304,316,313,315,323,314,330,314,333,313,334,313,334,269,269,276,267,288,268,300,277,290,278,278,277,338,284,352,279,364,281,370,285,360,290,348,288,282,350,294,347,302,347,311,350,319,349,326,352,337,357,324,368,316,370,307,369,299,367,292,363,285,350,297,353,310,356,322,357,334,357,316,357,309,357,303,355,105.19,19.6,70.23,9.29,56.02,8.95,84.67,15.48
131,2026-02-11T16:51:11.031585,243,248,239,279,238,296,242,333,248,349,255,362,271,383,291,396,305,399,318,400,339,391,358,375,366,364,374,350,386,316,390,301,396,270,256,250,263,245,274,244,289,248,306,254,343,260,361,259,375,259,384,263,388,269,322,278,321,288,320,297,319,306,318,315,316,325,315,332,315,335,315,336,314,337,269,271,276,269,288,270,301,279,290,281,278,279,339,285,353,279,365,282,371,286,361,291,349,289,283,352,295,349,304,348,312,352,321,351,328,353,338,360,325,370,317,372,309,372,300,369,293,365,285,352,298,355,311,358,323,359,335,360,317,359,311,358,304,357,102.8,20.11,69.12,9.6,55.11,8.8,82.79,15.41
132,2026-02-11T16:51:11.059848,243,249,239,281,238,297,242,335,248,351,255,364,273,385,292,398,306,401,320,401,341,393,359,376,367,365,375,351,387,317,391,301,396,270,256,251,263,246,274,245,288,249,306,255,344,261,361,260,376,260,385,263,389,269,322,279,321,289,320,299,319,307,318,317,317,327,316,334,316,337,315,338,315,338,269,273,276,270,288,271,300,280,290,282,278,281,340,286,353,280,365,283,371,287,361,292,349,290,284,354,297,351,305,351,313,354,322,354,329,356,339,361,327,371,319,373,310,373,302,371,295,367,287,354,299,357,312,360,324,360,336,361,318,361,312,361,305,359,103.63,20.02,68.07,9.45,55.19,8.9,79.91,15.1
133,2026-02-11T16:51:11.090378,243,250,239,281,238,297,243,334,249,351,256,364,273,385,292,398,306,401,320,401,341,392,359,376,368,365,376,351,388,317,391,301,397,270,255,252,262,247,274,246,289,250,306,256,344,262,362,261,376,261,386,264,390,270,323,280,321,291,320,300,320,309,319,318,317,329,316,336,316,338,316,339,316,340,269,273,276,271,288,272,301,281,290,283,278,281,340,287,354,281,366,284,372,288,362,293,350,291,285,354,297,353,305,353,313,356,322,355,329,357,339,362,327,371,319,374,310,374,302,371,295,367,287,355,300,358,312,361,325,361,336,362,319,362,312,361,305,360,104.83,19.85,68.5,9.51,56.76,9.44,82.63,15.15
134,2026-02-11T16:51:11.122438,242,250,238,281,238,298,243,335,249,352,256,365,273,386,293,399,307,402,321,402,341,393,359,377,368,366,376,351,388,317,392,301,398,270,255,252,263,248,274,247,289,251,307,257,345,263,363,262,377,261,386,265,390,270,323,281,322,291,321,301,320,310,319,319,318,330,317,337,317,340,316,341,316,341,269,274,276,271,288,273,301,282,291,283,278,282,341,288,355,282,367,284,373,288,363,293,350,292,285,355,297,353,305,353,314,356,323,356,330,357,340,363,327,373,319,375,311,375,302,373,295,368,288,356,300,359,313,362,325,362,337,362,319,363,313,362,306,361,103.12,19.79,67.25,9.77,55.53,9.38,80.85,14.71
135,2026-02-11T16:51:11.151902,242,250,238,281,238,298,243,335,249,352,256,365,274,386,293,400,307,402,321,403,341,394,360,377,368,366,376,351,388,317,392,301,398,270,256,253,263,248,274,247,290,251,307,257,345,263,363,262,377,262,387,265,391,271,324,281,323,291,321,301,321,310,320,319,318,330,318,337,317,340,317,341,317,341,269,274,276,271,289,273,301,282,291,283,278,282,341,288,355,282,367,284,373,288,363,293,351,292,285,356,298,354,306,354,314,357,323,356,330,358,340,363,328,373,320,375,311,375,303,373,296,369,288,356,300,359,313,362,326,363,337,363,319,363,313,363,306,361,104.89,19.49,67.13,9.57,56.14,9.81,79.85,15.38
136,2026-02-11T16:51:11.186926,241,250,238,281,237,298,243,335,249,352,256,365,274,387,293,400,307,403,321,403,342,394,360,377,368,366,376,351,388,317,392,301,398,270,255,253,263,248,274,247,290,252,308,258,346,264,364,262,378,262,387,265,391,271,324,281,323,292,322,302,321,310,320,320,319,331,318,338,317,341,317,341,317,342,269,274,276,272,289,273,301,282,291,284,278,282,341,288,355,282,367,284,373,288,363,294,351,292,286,357,298,355,306,355,315,358,323,357,330,358,340,363,328,373,320,375,312,375,303,373,296,370,288,358,301,360,313,363,326,363,337,363,320,363,313,363,307,362,103.5,19.73,67.02,9.87,56.44,9.61,80.43,15.24
137,2026-02-11T16:51:11.213369,241,250,237,281,237,298,243,335,249,352,256,366,273,387,293,401,307,404,321,404,341,394,360,378,368,366,376,351,388,317,392,301,398,270,255,253,263,248,274,247,290,252,308,258,346,264,364,262,379,262,388,265,392,271,324,282,323,292,322,302,321,311,320,321,319,332,318,339,318,342,317,342,317,343,269,274,276,272,289,273,301,282,291,284,278,282,342,288,356,282,368,284,374,288,364,294,351,292,286,358,298,355,306,355,315,358,323,357,330,359,340,364,328,374,320,376,312,376,303,374,296,370,288,358,301,360,314,364,326,364,337,364,320,364,313,364,307,362,103.28,19.71,65.88,9.98,56.12,9.74,80.94,15.59
138,2026-02-11T16:51:11.247345,240,250,236,281,236,298,242,335,248,352,256,366,273,387,293,401,307,403,321,404,341,394,360,377,368,366,376,351,389,317,392,301,399,270,255,253,262,248,274,247,289,252,308,258,347,264,365,263,379,262,389,265,392,271,324,282,323,292,322,302,321,311,320,321,319,332,318,339,317,342,317,343,317,343,269,274,276,272,289,273,301,282,291,284,278,283,342,288,356,282,368,284,374,288,364,294,351,292,285,358,298,355,306,355,315,358,323,358,330,359,340,364,328,374,320,376,311,376,303,374,296,370,288,359,301,361,313,364,326,364,337,364,320,364,313,364,307,363,103.66,19.43,65.55,10.16,56.0,9.77,80.02,15.03
139,2026-02-11T16:51:11.278551,239,250,235,281,235,297,241,335,248,352,255,365,273,387,292,401,307,404,321,404,341,394,360,377,368,366,376,351,389,317,392,301,399,270,253,252,261,248,273,247,289,252,307,258,346,264,364,263,379,262,388,265,392,271,324,282,323,293,322,302,321,311,320,321,318,332,317,339,317,342,317,343,316,343,268,274,276,271,288,273,301,283,291,284,278,282,342,288,356,282,368,284,374,288,364,294,351,292,285,358,298,355,306,355,314,358,323,358,330,359,340,364,328,374,320,377,311,376,303,374,295,370,288,358,300,361,313,364,326,364,337,364,320,365,313,364,306,363,102.54,19.77,65.81,9.56,56.88,10.36,80.54,15.47
140,2026-02-11T16:51:11.308835,238,250,235,280,235,297,240,335,247,352,255,365,273,387,292,402,307,404,321,405,341,395,360,377,368,366,376,351,389,317,392,301,399,270,253,253,260,248,273,247,289,252,307,258,346,264,365,263,379,262,389,265,392,271,324,282,323,293,322,303,321,312,320,321,319,332,318,339,317,342,317,343,317,343,268,274,276,271,288,273,301,283,291,284,278,282,342,288,356,282,369,284,375,288,364,294,351,292,285,358,297,355,306,355,315,358,324,357,330,359,341,364,328,375,320,377,312,377,303,375,295,371,287,358,300,360,314,363,326,363,338,364,320,365,313,364,306,363,102.17,19.45,65.02,9.9,56.35,9.95,79.91,15.26
141,2026-02-11T16:51:11.341729,238,249,234,280,234,297,240,335,247,352,254,365,273,388,292,402,307,405,321,405,341,395,360,377,368,366,376,351,389,317,392,301,399,270,252,252,260,248,272,247,289,252,307,258,346,264,365,263,380,262,389,265,393,271,324,282,323,293,322,303,321,312,320,322,319,333,318,340,317,342,317,343,316,343,268,274,276,271,288,273,301,283,290,284,278,282,342,288,356,282,369,284,375,288,364,294,351,292,285,357,297,355,306,355,315,358,324,357,330,359,341,364,328,375,320,377,312,377,303,375,295,371,287,358,300,360,314,363,326,363,338,364,320,365,313,365,306,363,103.84,19.37,66.32,10.76,58.08,10.88,80.2,15.42
142,2026-02-11T16:51:11.371015,238,249,234,280,234,297,239,334,246,352,254,366,273,388,292,403,307,406,321,406,342,395,360,377,368,366,376,351,389,317,392,300,399,270,252,252,260,248,272,247,289,252,307,258,347,264,365,263,380,262,389,265,393,271,324,282,323,293,322,303,321,312,320,322,319,333,318,340,317,343,317,344,317,344,268,274,276,271,288,273,301,283,291,284,278,282,342,288,357,282,369,284,375,288,365,294,351,292,284,358,297,355,306,356,315,359,324,358,331,359,341,364,329,375,321,378,312,378,303,376,295,371,287,358,300,361,314,364,326,364,338,364,320,365,314,365,306,363,102.86,19.38,67.0,10.9,58.68,10.95,81.13,15.53
143,2026-02-11T16:51:11.405017,237,249,233,280,233,297,239,334,246,352,254,366,272,388,292,403,307,406,321,406,342,395,360,378,368,366,376,351,388,316,392,300,399,269,252,252,260,248,272,247,289,252,307,258,347,264,365,263,380,262,389,265,393,271,324,282,323,293,322,303,321,312,320,322,319,334,318,341,317,343,317,344,317,344,268,274,276,271,288,272,301,283,291,284,277,282,342,288,357,282,370,284,376,288,365,294,352,292,284,358,297,356,306,356,315,359,324,358,331,359,341,364,329,376,321,378,312,378,303,376,295,372,287,359,300,361,314,364,326,364,338,364,320,365,314,365,307,364,102.92,19.37,66.57,10.7,58.42,10.92,80.63,15.38
144,2026-02-11T16:51:11.435245,237,249,233,280,233,297,239,334,246,352,254,366,272,389,292,403,307,406,321,406,341,395,360,378,368,366,376,351,388,316,392,300,399,269,252,252,260,248,272,247,288,252,307,258,347,264,366,263,380,262,390,265,393,271,324,282,323,293,322,303,321,312,320,322,319,334,318,341,317,343,317,344,317,344,268,273,276,271,288,272,301,283,291,284,277,282,342,289,357,282,370,284,376,288,365,294,352,292,284,359,297,356,306,356,315,359,324,358,331,360,341,365,329,376,321,378,312,378,303,377,295,372,287,360,300,362,314,365,326,365,338,365,320,366,314,365,306,364,103.79,19.72,67.04,11.48,59.53,10.94,80.23,15.27
145,2026-02-11T16:51:11.465038,237,248,233,280,233,297,239,334,246,352,254,366,272,389,292,403,307,406,321,406,342,396,360,378,368,366,376,351,388,316,392,300,399,269,252,252,260,248,272,247,288,252,307,258,347,265,366,263,380,262,390,265,393,271,324,282,323,293,322,303,321,313,320,323,319,334,318,341,317,343,317,344,317,344,268,273,276,271,288,272,302,283,291,284,277,282,342,288,357,282,370,284,376,288,365,294,352,292,285,360,298,356,306,356,315,359,324,358,331,360,341,365,329,376,321,379,312,379,303,377,295,373,287,360,301,362,314,365,326,365,338,365,320,366,314,366,307,364,103.66,20.53,68.81,11.67,59.92,10.81,82.48,15.29
146,2026-02-11T16:51:11.498701,237,248,233,280,233,297,239,335,246,352,254,367,272,389,292,404,307,406,322,406,342,396,360,378,368,366,376,351,388,316,392,300,399,269,252,252,260,248,272,247,289,252,307,258,347,265,366,263,381,262,390,265,394,271,325,282,324,293,322,303,322,313,320,323,319,334,318,341,318,344,317,344,317,344,267,273,276,271,289,272,302,283,291,284,277,282,342,288,357,282,370,284,376,288,365,294,352,292,285,360,298,357,306,356,316,359,324,358,331,360,341,365,329,376,321,379,312,379,303,377,296,373,288,361,301,362,314,365,327,365,339,365,321,366,314,366,307,364,105.4,20.14,68.07,11.54,60.06,11.01,82.02,15.62
147,2026-02-11T16:51:11.526343,237,248,233,280,233,297,239,335,246,352,254,367,272,389,293,404,307,406,322,406,342,396,360,378,368,366,376,351,388,316,392,300,400,269,252,252,260,248,272,247,289,252,308,258,348,264,366,263,381,262,390,265,394,271,325,282,324,293,322,303,322,313,321,323,319,334,318,341,318,344,317,344,317,344,267,273,276,271,289,272,302,283,291,284,277,282,342,288,357,282,370,284,376,288,365,294,352,292,285,360,298,357,306,356,316,359,325,358,332,360,341,365,329,376,321,379,312,379,304,377,296,373,288,361,301,362,314,365,327,365,339,365,321,366,314,366,307,364,107.27,20.05,69.73,11.71,61.68,11.44,82.86,15.68
148,2026-02-11T16:51:11.560398,237,248,233,280,233,297,239,335,246,352,254,367,272,389,293,404,307,406,322,406,342,396,360,378,368,366,376,351,388,316,392,300,400,269,252,252,260,248,272,247,289,252,308,258,348,265,367,263,382,262,391,265,394,271,325,282,324,293,323,303,322,313,321,323,320,334,319,341,318,344,318,345,317,345,267,273,276,271,289,272,303,283,291,284,277,282,342,288,358,282,371,284,377,288,366,294,352,292,285,360,298,357,307,357,316,359,325,358,332,360,341,366,329,376,321,379,313,379,304,377,296,373,288,361,301,363,315,365,327,365,339,366,321,366,314,366,307,365,106.88,20.73,70.28,11.98,62.22,11.39,85.46,15.82
149,2026-02-11T16:51:11.590506,237,248,234,280,233,297,239,335,246,352,254,367,272,389,293,404,307,407,322,407,342,396,360,378,368,366,376,351,388,316,392,300,400,269,252,252,260,248,272,247,289,252,308,258,348,265,367,263,382,262,391,265,395,271,325,282,324,293,323,304,322,313,321,323,320,335,319,342,318,344,318,345,317,345,267,273,276,271,289,272,303,283,291,284,278,282,342,288,358,282,371,284,377,288,366,294,352,292,285,361,298,357,307,357,316,360,325,359,332,361,342,366,329,376,321,379,313,379,304,377,296,373,288,361,301,363,315,366,327,366,339,366,321,366,315,366,307,365,108.1,20.85,70.02,11.89,62.37,11.55,84.62,15.66
150,2026-02-11T16:51:11.622612,237,247,234,279,234,296,239,335,246,352,254,367,272,389,293,404,307,407,322,407,342,396,360,378,368,366,376,351,388,316,392,300,400,269,252,252,260,248,273,247,289,252,308,259,349,265,368,263,382,262,391,265,395,271,326,283,324,294,323,304,322,313,321,324,320,335,319,342,318,345,318,345,317,346,268,273,276,271,289,272,303,283,292,284,278,282,343,289,358,282,371,284,377,288,366,294,352,292,285,361,298,358,307,358,316,361,325,360,332,361,342,366,329,376,321,379,313,379,304,377,296,373,288,361,301,363,315,366,327,366,339,366,321,367,314,366,307,365,108.45,21.8,70.89,12.09,63.56,11.72,84.71,15.9
151,2026-02-11T16:51:11.653607,237,247,234,279,234,296,239,335,246,352,254,367,272,389,293,404,307,407,322,407,342,396,360,378,368,366,376,351,388,316,392,300,400,269,253,252,260,248,273,247,289,252,308,259,349,265,368,263,382,263,392,265,395,271,326,283,325,294,323,304,322,314,321,324,320,335,319,342,318,345,318,346,317,346,268,273,276,271,289,272,303,283,292,284,278,282,343,289,358,282,371,284,377,288,366,295,352,293,285,361,298,358,307,358,316,361,325,360,332,362,342,367,329,376,321,379,313,379,304,377,296,373,288,361,301,363,315,366,327,366,339,366,321,367,314,367,307,365,107.94,21.84,70.63,11.87,62.79,11.22,85.26,16.33
152,2026-02-11T16:51:11.685027,237,247,234,279,234,296,239,335,246,353,253,367,272,390,292,404,307,407,322,407,342,397,360,378,368,366,376,351,388,316,392,300,400,269,253,252,260,248,273,247,289,252,308,259,349,265,368,264,382,263,392,265,395,271,326,283,325,294,323,304,322,314,321,324,320,335,319,343,318,345,318,346,317,346,267,273,276,271,289,272,303,283,292,284,278,283,343,289,358,282,371,284,377,288,366,295,353,293,285,361,298,359,307,359,316,362,325,361,332,362,341,367,329,376,321,379,313,379,304,377,296,373,288,362,301,364,315,366,327,366,339,367,321,367,314,367,307,365,110.19,21.91,69.84,10.93,62.98,11.25,85.27,16.21
153,2026-02-11T16:51:11.714878,237,248,234,279,233,296,239,335,246,353,253,367,272,390,292,404,307,407,322,407,342,397,360,379,368,367,376,351,388,316,392,300,400,269,253,252,260,248,273,248,289,253,308,259,349,265,368,264,382,263,392,266,395,271,326,283,324,294,323,304,322,314,321,324,320,335,319,342,318,345,318,346,317,346,267,273,275,271,289,272,303,284,292,285,277,283,343,289,358,282,371,284,377,288,366,295,353,293,284,361,298,359,307,359,316,362,324,361,331,362,341,367,329,376,321,379,313,379,304,377,296,373,287,362,301,364,314,366,327,366,339,367,321,367,314,367,307,366,111.97,21.46,71.55,11.02,64.99,11.68,85.93,16.32
154,2026-02-11T16:51:11.746327,237,248,234,279,233,296,239,335,245,353,253,367,272,390,292,405,307,407,322,407,342,397,360,379,368,367,376,351,388,316,392,300,400,269,252,252,260,248,273,248,289,253,308,260,349,265,367,264,382,263,391,266,395,271,326,283,324,294,323,305,322,314,321,324,320,335,319,342,318,345,318,346,317,346,267,273,275,271,289,272,303,284,291,285,277,283,343,289,358,282,371,284,377,288,366,295,352,293,284,361,298,359,307,359,316,362,324,361,331,362,341,367,329,377,321,379,313,379,304,377,296,373,287,361,301,363,314,366,327,366,339,367,321,367,314,367,307,365,111.74,21.52,71.38,11.41,64.55,11.39,85.88,16.27
155,2026-02-11T16:51:11.777592,237,248,233,279,233,297,238,336,245,353,253,367,271,390,292,405,307,407,321,407,342,397,360,379,368,367,376,351,388,316,392,300,400,269,252,252,260,248,273,248,289,253,308,260,349,265,367,264,382,263,391,266,395,271,325,283,324,294,323,305,322,314,321,324,320,335,319,342,318,345,318,346,317,346,267,273,275,271,289,272,302,284,291,285,277,283,343,289,358,282,371,284,377,288,366,295,352,293,284,361,298,359,306,359,315,361,324,361,331,362,341,367,329,377,321,379,312,379,304,377,296,373,287,361,301,363,314,366,327,366,339,367,321,367,314,367,307,365,114.75,21.13,71.35,11.5,65.3,11.87,84.95,16.13
156,2026-02-11T16:51:11.810698,237,248,233,279,233,297,238,336,244,353,252,367,271,390,292,405,307,407,321,407,342,397,360,379,368,367,376,351,388,316,392,300,400,269,252,252,260,248,272,248,289,253,308,260,348,265,367,264,382,263,391,266,395,271,325,283,324,294,323,304,322,314,321,324,320,335,318,342,318,345,317,346,317,346,267,273,275,271,288,272,302,284,291,285,277,283,342,289,358,282,371,284,377,288,366,295,352,293,284,361,297,358,306,358,315,361,324,360,331,362,341,367,329,377,321,379,312,379,303,377,295,373,287,361,300,363,314,366,326,366,338,367,320,367,314,367,307,365,115.66,21.11,72.37,11.97,66.48,11.94,85.01,16.09
157,2026-02-11T16:51:11.842747,237,247,233,279,233,297,238,336,244,353,252,367,271,390,292,405,307,407,321,407,342,397,360,379,368,367,376,351,389,316,393,300,400,269,252,252,260,248,272,248,289,253,308,260,348,265,367,264,382,263,391,266,395,271,325,283,324,294,323,304,322,314,321,324,320,335,318,342,318,345,317,346,317,346,267,273,275,271,288,272,302,284,291,285,277,283,342,289,358,282,371,284,377,288,366,295,352,293,283,361,297,358,306,358,315,361,324,360,331,362,341,367,329,377,321,379,312,379,303,377,295,373,286,361,300,363,314,366,326,366,338,367,320,367,314,367,307,365,115.19,21.57,72.05,12.05,66.52,11.95,84.54,16.17
158,2026-02-11T16:51:11.874815,237,247,233,279,233,296,238,335,244,353,252,367,271,390,292,404,307,407,321,407,342,397,360,379,368,367,376,351,389,316,393,300,400,269,252,252,260,247,272,247,289,252,308,259,348,265,367,264,382,263,391,265,395,271,325,283,324,294,323,304,322,313,321,323,319,335,318,342,318,344,317,345,317,345,266,273,275,270,288,272,302,283,291,284,276,283,342,289,358,282,371,284,377,288,366,295,352,293,283,360,297,358,306,358,315,361,324,360,331,361,341,367,329,376,321,378,312,378,303,377,295,373,286,361,300,363,314,365,326,366,338,366,320,366,314,366,307,365,116.51,21.61,71.85,11.11,66.75,12.13,84.37,15.9
159,2026-02-11T16:51:11.907071,237,247,233,279,233,296,239,335,245,352,253,367,271,389,292,404,307,407,321,407,342,397,360,379,368,367,376,351,389,316,393,299,400,268,252,251,260,247,272,247,288,252,307,259,348,265,367,263,382,262,391,265,395,270,325,282,324,293,323,303,322,313,321,322,319,334,318,341,318,343,317,344,317,344,266,273,275,270,288,271,302,283,290,284,276,282,342,289,358,281,371,283,377,288,366,294,352,293,283,360,297,357,306,357,315,360,324,359,331,361,341,366,329,376,321,378,312,378,303,376,295,372,286,361,300,362,314,365,326,365,338,366,320,366,314,366,307,364,116.98,21.64,73.23,11.34,68.24,11.69,84.62,15.6
160,2026-02-11T16:51:11.932840,237,247,234,278,234,296,240,335,246,352,253,367,271,389,292,404,307,407,321,407,342,396,360,378,368,366,376,351,389,316,393,299,401,268,252,251,260,246,272,246,289,251,307,258,348,264,367,263,382,262,391,264,395,270,325,282,324,293,323,303,322,312,321,322,319,333,318,340,318,343,317,344,317,344,267,272,275,269,288,271,302,282,290,284,276,282,342,288,358,281,371,283,377,288,366,294,352,292,284,360,297,356,306,356,315,359,324,358,331,360,341,366,329,375,321,377,312,377,303,375,295,372,287,360,300,361,314,364,326,364,338,365,320,365,314,365,307,363,116.72,21.61,72.89,11.09,67.88,11.75,85.32,15.63
161,2026-02-11T16:51:11.969277,238,246,234,278,235,295,240,334,247,352,254,366,272,389,292,403,307,406,321,406,342,396,360,378,368,366,376,351,389,315,393,299,401,268,253,250,260,246,273,245,289,250,308,257,348,263,367,262,382,261,391,264,395,269,325,281,324,292,323,302,322,311,321,321,319,333,318,340,318,342,317,343,317,343,267,272,275,269,288,270,302,282,290,283,277,282,342,288,358,280,371,282,377,287,366,294,352,292,284,359,298,355,306,355,315,358,324,357,331,359,341,365,329,375,321,377,312,377,303,375,296,371,287,359,300,361,314,363,327,364,338,365,320,364,314,364,307,363,117.22,21.26,73.53,11.56,68.23,11.55,86.3,16.09
162,2026-02-11T16:51:11.993067,238,246,235,278,235,295,241,334,247,352,254,366,272,388,292,403,307,406,321,406,342,396,360,378,368,366,376,351,389,315,393,299,401,268,253,250,261,245,273,245,289,250,308,256,348,263,367,261,382,261,391,264,395,269,325,281,324,292,323,302,322,311,321,321,320,332,319,339,318,342,318,343,317,343,267,272,275,268,289,270,302,281,291,283,277,281,343,288,358,280,371,282,377,287,366,293,352,292,284,359,298,355,307,355,315,358,324,357,331,359,341,365,329,374,321,376,313,376,304,374,296,371,287,359,301,360,314,363,327,363,338,364,321,364,314,364,307,362,117.03,21.3,73.67,11.2,68.7,11.52,86.72,16.06
163,2026-02-11T16:51:12.030082,238,246,235,278,236,295,241,333,247,351,254,365,272,388,293,403,307,406,322,406,342,396,361,378,369,366,377,350,390,315,394,298,401,267,253,250,261,245,273,245,289,250,308,256,348,263,367,261,382,261,391,264,395,269,325,280,324,291,323,301,322,311,321,321,320,332,319,339,318,342,318,343,317,343,267,272,275,268,289,270,302,281,291,282,277,281,343,287,358,280,371,282,377,287,366,293,352,291,284,359,298,355,307,355,316,358,324,357,331,358,341,364,329,374,321,376,313,376,304,374,296,370,287,359,301,360,315,363,327,363,339,364,321,364,315,363,307,362,115.88,22.26,72.89,10.39,67.84,11.6,85.7,16.53
164,2026-02-11T16:51:12.054977,239,245,236,277,236,294,241,333,247,350,254,365,272,388,293,402,308,405,322,405,342,395,361,377,369,365,377,349,390,314,394,298,401,267,254,249,262,245,274,244,290,249,308,256,348,262,367,261,382,260,391,264,395,269,325,280,324,291,323,301,322,310,321,320,320,331,319,338,318,341,318,342,318,342,268,271,276,268,289,269,303,280,291,282,278,280,343,287,358,279,371,281,377,286,366,293,352,291,285,358,299,355,307,355,316,357,325,356,332,358,341,363,329,373,322,375,313,375,305,374,297,370,288,358,301,360,315,363,327,362,339,363,321,363,315,363,308,362,118.03,22.43,73.65,10.42,69.78,11.4,87.1,16.57
165,2026-02-11T16:51:12.089782,239,244,236,276,236,293,241,333,248,350,255,365,273,387,294,402,308,405,323,405,343,395,362,377,369,365,377,349,390,314,394,298,402,267,255,249,263,245,275,244,291,249,309,255,349,262,367,261,382,260,391,263,395,269,326,280,325,290,324,300,323,309,322,319,321,331,320,338,319,340,319,341,319,341,269,270,277,267,291,269,304,280,292,281,279,280,343,286,358,279,371,281,377,286,366,292,353,290,287,358,300,355,309,354,317,357,326,356,332,357,342,363,330,373,323,375,314,375,306,373,298,370,290,358,303,359,316,362,328,362,339,363,322,363,316,363,309,361,119.2,22.36,76.23,11.58,70.78,11.65,89.2,16.87
166,2026-02-11T16:51:12.120897,240,244,236,276,236,293,242,332,248,350,255,364,273,387,294,401,309,404,323,404,343,394,362,376,370,365,378,349,390,314,395,297,402,266,255,249,263,244,275,243,292,248,310,255,349,261,368,260,382,260,392,263,395,268,327,279,326,290,325,299,324,309,323,319,322,330,320,337,320,340,319,340,319,340,270,270,278,267,291,268,304,279,293,281,280,279,344,286,359,279,372,280,378,285,367,292,353,290,288,357,301,354,309,353,318,356,326,355,333,357,342,362,330,372,323,374,315,375,306,373,299,369,291,357,304,359,317,361,328,361,339,362,323,362,316,362,310,361,119.57,21.72,75.49,11.76,70.2,11.59,89.06,16.67
167,2026-02-11T16:51:12.151994,240,244,236,276,236,293,242,332,248,349,255,363,274,386,295,400,309,403,323,403,344,393,362,376,370,364,378,349,390,314,395,297,402,266,256,248,264,243,276,243,292,247,311,254,350,261,368,260,383,259,392,262,396,268,327,278,326,289,325,299,325,308,323,318,322,329,321,336,321,339,320,340,320,340,270,269,279,266,292,268,305,279,294,280,280,279,344,285,359,278,372,280,378,285,368,291,354,289,288,356,301,353,310,353,318,355,326,354,333,356,342,362,331,371,323,373,315,373,307,371,299,368,291,357,304,358,317,360,329,361,340,362,323,361,317,361,310,360,120.94,21.22,75.46,11.0,71.23,11.92,87.81,16.55
168,2026-02-11T16:51:12.185814,241,243,237,275,237,292,242,331,248,349,256,363,274,385,295,400,310,402,324,403,344,393,362,376,370,364,378,349,391,314,395,297,402,266,257,247,265,243,277,242,293,247,312,253,351,260,369,259,383,258,392,262,396,267,328,278,327,288,326,298,325,307,324,317,323,328,322,335,321,338,321,338,320,339,271,269,279,265,292,267,305,278,294,280,280,278,345,285,360,278,373,279,379,284,368,291,355,289,288,355,302,352,310,352,319,355,327,354,334,355,344,361,332,370,324,372,316,372,308,370,300,367,291,356,304,357,318,360,330,360,341,361,324,361,318,361,311,359,118.4,21.79,75.67,11.17,70.93,11.63,89.98,17.02
169,2026-02-11T16:51:12.217178,242,243,238,275,237,292,242,331,249,348,256,362,275,385,296,399,310,402,324,402,344,392,362,375,370,364,378,349,391,314,395,297,403,266,258,247,266,242,278,241,294,246,313,253,351,259,370,258,384,258,393,261,396,267,329,277,328,288,327,297,326,306,325,316,324,327,323,334,322,337,321,338,321,338,272,268,280,265,293,266,306,278,295,279,281,277,345,284,360,277,373,279,379,284,369,290,355,288,288,354,302,351,311,351,319,354,328,353,335,355,344,360,332,370,325,372,316,372,308,370,300,366,291,355,305,356,318,359,330,359,342,360,324,360,318,360,311,358,119.11,21.5,75.48,11.55,69.74,11.6,88.77,17.41
170,2026-02-11T16:51:12.247377,243,242,238,274,237,292,243,331,249,348,257,362,275,384,296,399,311,401,325,401,344,392,362,375,370,363,378,348,391,313,395,297,403,265,259,246,267,241,280,240,295,244,314,251,352,258,370,257,384,256,393,260,397,265,330,276,329,286,328,296,327,305,326,315,325,326,323,333,323,336,322,337,322,337,273,267,281,264,294,266,306,277,295,278,282,276,346,283,361,276,374,278,380,283,369,289,356,287,290,354,303,351,311,350,320,353,328,352,335,354,344,360,332,369,325,371,317,371,309,369,301,365,292,354,305,356,319,358,330,359,342,359,325,359,319,359,312,357,119.68,20.76,75.13,12.12,69.69,11.66,87.65,17.42
171,2026-02-11T16:51:12.278150,244,240,238,273,238,290,243,329,249,347,257,361,275,383,297,398,311,401,325,401,345,391,363,374,370,362,378,347,391,311,395,295,403,263,260,244,268,240,280,239,296,244,314,250,353,257,371,256,385,255,394,259,397,264,330,275,329,285,328,295,327,304,326,313,325,324,324,331,323,334,323,335,322,335,274,265,282,262,295,264,307,275,296,276,283,274,346,282,362,274,375,276,381,281,370,287,357,285,290,353,303,350,312,349,321,352,329,351,335,353,345,359,333,368,325,370,318,370,309,368,302,364,293,353,306,355,319,357,331,358,342,358,325,358,319,358,312,357,119.2,21.08,78.62,14.56,71.74,11.5,90.4,17.95
172,2026-02-11T16:51:12.309233,244,240,239,272,238,289,243,329,249,346,257,360,276,383,297,397,312,400,326,400,346,391,363,373,371,362,378,346,391,311,395,294,403,263,261,243,269,239,281,238,297,242,316,249,354,255,372,254,386,254,394,257,398,263,331,273,330,283,329,293,328,302,327,312,326,323,325,330,324,333,323,334,323,334,274,264,282,260,296,262,308,274,297,275,283,273,347,281,362,273,375,275,381,280,370,286,357,284,290,352,304,348,313,348,322,350,330,349,336,351,346,357,334,366,327,368,319,369,310,367,302,363,293,352,307,354,320,356,332,356,343,357,326,357,320,356,313,355,118.58,20.87,76.92,13.29,70.85,11.22,90.24,18.55
173,2026-02-11T16:51:12.341608,245,238,239,271,238,288,243,328,250,345,258,359,277,382,298,396,313,399,326,399,346,389,364,372,371,360,379,345,391,310,395,293,403,261,262,242,271,237,283,236,299,241,317,247,354,254,372,253,386,252,394,256,398,261,332,272,331,282,330,292,330,301,329,310,328,321,326,329,325,331,325,332,324,333,275,263,283,259,297,261,309,273,298,274,284,272,348,279,363,271,376,273,382,279,371,285,358,283,291,350,305,347,314,347,323,350,331,349,337,350,346,356,334,364,327,366,320,366,311,365,304,361,294,351,308,352,321,355,333,355,344,355,327,355,321,355,314,354,120.83,20.19,77.8,13.32,72.64,12.47,89.61,18.75
174,2026-02-11T16:51:12.372458,245,237,239,270,238,287,243,327,250,344,258,358,277,380,298,394,313,397,327,397,346,388,364,371,371,360,379,345,391,309,395,293,403,261,263,241,271,236,284,235,300,240,318,246,355,253,373,252,387,252,395,255,398,261,333,270,332,280,331,290,331,299,330,308,329,319,328,326,327,329,326,330,325,331,276,261,284,257,298,259,310,272,299,272,285,271,348,278,363,270,376,272,382,278,371,284,358,282,293,349,307,346,316,345,324,347,332,346,338,348,346,354,335,363,328,365,321,365,312,364,305,360,295,349,309,351,322,353,334,353,344,354,328,354,322,353,316,352,120.34,20.19,79.51,14.88,73.28,12.7,92.32,19.18
175,2026-02-11T16:51:12.404656,245,237,239,270,238,287,243,326,250,344,258,358,277,380,299,394,314,397,328,397,347,387,364,370,371,358,379,343,391,308,395,292,403,260,263,240,272,235,284,234,300,238,319,244,356,251,374,250,387,250,395,253,398,259,334,268,334,278,333,288,332,297,331,306,330,317,329,324,328,327,327,329,327,329,276,260,285,256,298,257,310,270,299,271,286,269,349,276,364,269,376,271,382,276,372,282,359,280,293,347,308,344,317,343,326,346,334,345,340,346,348,353,337,361,330,363,323,363,314,362,306,358,296,347,310,349,324,352,335,352,346,352,330,352,324,352,317,350,120.2,20.72,77.48,13.04,71.64,12.44,90.75,19.75
176,2026-02-11T16:51:12.434147,245,236,239,269,238,286,244,326,251,343,259,357,278,379,300,393,315,395,329,395,347,385,364,368,371,357,379,342,391,307,395,290,403,259,263,238,272,233,285,232,301,236,320,242,357,249,374,249,387,249,396,252,398,258,335,267,335,277,334,286,333,295,333,305,332,316,331,323,330,326,329,327,328,328,277,259,285,255,299,257,311,269,300,270,286,268,349,274,364,267,376,269,382,275,372,280,359,278,293,346,309,343,318,342,327,345,335,344,341,346,349,351,338,361,331,363,323,363,315,361,307,358,296,347,311,349,325,351,336,351,347,351,331,351,325,351,318,350,121.15,20.61,78.15,13.57,72.74,13.42,90.92,19.26
177,2026-02-11T16:51:12.466673,245,237,239,269,239,287,244,326,251,343,259,356,279,378,301,391,316,394,329,393,348,384,364,367,371,356,379,341,391,307,395,290,403,259,264,238,273,233,286,231,302,235,320,241,357,248,374,247,388,248,396,251,399,257,336,265,335,275,335,284,334,293,334,302,333,312,331,320,330,323,329,324,329,325,277,258,286,254,299,256,312,268,300,269,287,267,350,273,364,266,377,268,383,274,373,279,360,277,294,345,310,341,319,340,328,343,335,342,341,344,350,350,339,360,332,362,324,362,315,360,307,357,296,345,312,347,326,350,337,349,347,350,332,350,326,350,319,348,121.36,20.14,79.27,13.59,73.55,13.17,95.15,19.66
178,2026-02-11T16:51:12.497661,245,237,239,270,239,287,244,326,251,343,260,356,280,377,302,390,317,392,330,392,349,383,365,367,372,356,379,341,391,307,395,290,403,258,265,238,274,232,287,231,303,235,321,240,357,247,374,246,388,246,396,250,399,256,336,264,336,274,335,283,335,291,334,300,333,311,332,318,331,322,330,323,329,324,278,258,286,254,300,255,312,267,301,268,287,266,350,272,365,265,377,267,383,273,373,278,361,276,294,344,310,339,320,338,328,341,336,339,342,342,350,349,339,359,332,361,324,361,316,359,308,356,297,344,312,345,326,348,337,348,348,349,332,348,326,348,319,347,120.81,20.14,79.37,13.83,71.75,12.92,94.06,19.87
179,2026-02-11T16:51:12.530112,246,236,240,269,239,287,244,326,251,342,260,356,280,376,302,389,317,392,331,391,349,382,365,366,372,355,379,341,391,306,395,290,403,258,265,237,274,232,287,230,304,234,322,239,358,246,374,245,388,245,396,249,399,255,337,263,336,273,336,282,335,290,335,299,334,310,333,317,332,321,331,322,330,323,278,257,287,253,300,254,313,266,301,267,287,266,351,272,365,264,378,266,384,272,374,277,361,276,296,344,311,339,320,338,329,340,337,339,343,341,351,349,340,358,333,360,325,360,317,358,309,355,298,344,313,345,327,347,338,347,348,348,333,348,327,347,320,346,120.97,20.55,78.68,13.37,72.73,13.01,96.04,19.56
180,2026-02-11T16:51:12.557959,246,236,240,269,239,286,244,325,251,342,260,355,280,376,303,389,318,392,331,391,350,382,366,366,373,355,379,340,391,306,395,289,403,257,266,236,275,231,288,230,304,234,322,240,358,246,375,245,388,246,396,249,399,255,337,263,337,273,336,282,336,290,336,299,335,310,334,317,333,321,332,322,331,323,278,256,287,252,301,253,313,266,301,267,288,265,351,272,365,264,378,266,384,272,374,277,361,276,296,343,311,339,321,338,329,340,337,339,343,341,351,348,340,357,333,359,326,359,317,358,309,354,299,343,314,345,327,347,338,347,349,348,333,347,327,347,320,346,121.02,20.17,78.49,12.67,73.03,13.18,93.69,19.54
181,2026-02-11T16:51:12.590945,246,235,240,269,239,286,245,325,252,342,261,355,281,376,303,389,318,391,332,391,350,382,366,366,373,355,380,340,391,306,395,289,403,257,266,236,275,231,288,229,305,233,323,239,359,246,375,245,388,245,396,249,399,255,338,263,337,273,337,282,337,290,336,299,335,310,334,317,333,321,332,322,331,323,278,256,287,251,301,253,314,266,302,267,288,265,351,271,366,264,378,266,384,272,374,277,362,276,296,343,312,338,321,337,330,340,338,338,344,341,352,348,341,357,334,359,326,359,318,357,310,354,299,343,314,344,328,346,339,346,349,347,334,347,328,347,321,345,122.21,19.76,78.12,11.59,72.21,13.27,96.73,19.58
182,2026-02-11T16:51:12.622915,246,235,240,268,239,286,245,325,252,342,261,355,281,376,304,389,319,391,332,391,350,382,366,366,373,355,380,340,391,306,395,289,403,257,266,236,275,230,289,229,305,233,323,239,359,246,376,245,389,245,397,249,399,255,338,263,338,272,337,281,337,290,337,299,336,310,335,317,334,320,333,322,332,323,279,255,288,251,301,253,314,265,302,266,288,265,352,271,366,264,379,266,384,271,374,277,362,275,296,342,312,338,322,337,330,339,338,338,344,341,353,348,341,356,334,358,327,359,318,357,310,354,299,342,314,344,328,346,339,346,350,347,334,347,328,346,321,345,122.58,19.77,78.04,12.6,72.09,12.96,95.05,19.39
183,2026-02-11T16:51:12.653319,246,234,240,268,239,285,245,324,252,341,261,355,281,376,304,389,319,392,332,391,350,382,366,366,373,355,380,340,391,305,395,289,403,257,266,235,276,230,289,229,305,233,324,239,360,246,376,245,389,245,397,249,400,255,339,263,338,272,338,281,337,290,337,299,336,310,335,317,334,320,333,322,332,323,279,255,288,250,302,252,314,265,302,266,289,264,352,271,366,263,379,265,384,271,375,277,362,275,296,341,312,337,322,336,330,339,338,338,344,340,353,347,341,356,334,358,327,358,318,357,310,353,299,342,314,343,329,346,340,346,350,347,334,346,328,346,321,345,122.35,19.84,78.36,12.02,73.1,13.41,95.36,19.25
184,2026-02-11T16:51:12.683964,247,234,240,268,240,285,245,324,252,341,261,354,282,375,304,389,319,391,332,391,350,382,366,366,373,355,380,340,391,305,395,289,403,257,267,235,276,230,290,228,306,232,324,238,360,245,376,245,389,245,397,249,400,255,339,262,339,272,338,281,338,289,337,298,336,309,335,317,334,320,333,321,332,322,280,255,289,250,302,252,315,265,303,266,289,264,353,271,367,263,379,265,384,271,375,277,362,275,297,340,312,336,322,336,330,338,338,337,344,340,353,346,341,355,334,357,327,357,318,356,310,352,299,341,315,342,329,345,340,345,351,346,334,345,328,345,321,344,122.22,19.18,78.8,12.37,72.02,13.4,95.38,19.54
185,2026-02-11T16:51:12.716252,247,234,241,267,240,285,245,324,253,341,261,354,282,375,304,388,319,391,332,391,350,381,366,366,373,355,380,340,391,305,395,289,403,257,267,234,277,229,290,228,307,232,325,238,360,245,377,245,389,245,397,249,400,255,339,262,339,272,338,280,338,289,338,298,337,309,336,316,335,319,333,321,333,322,280,255,289,250,303,252,315,265,303,266,290,264,353,271,367,263,379,265,385,271,375,277,363,275,297,340,313,336,322,335,331,338,339,337,345,340,353,346,342,355,335,357,327,357,318,356,310,352,300,340,315,342,329,345,340,345,351,346,335,345,329,345,322,343,122.92,19.84,79.32,12.1,72.42,13.49,95.06,19.3
186,2026-02-11T16:51:12.745031,247,234,241,267,240,285,245,324,253,341,261,354,282,375,304,388,319,391,332,390,350,381,367,366,373,355,380,340,391,306,395,289,403,257,268,234,277,229,291,228,307,232,325,238,361,245,377,245,390,245,397,249,400,255,340,262,339,271,339,280,338,289,338,298,337,308,336,316,334,319,333,321,333,321,280,254,289,250,303,251,315,265,303,266,290,264,353,271,367,263,380,265,385,271,375,277,363,275,297,340,313,336,322,335,331,338,339,337,345,340,353,346,341,355,335,357,327,357,318,356,310,352,300,340,315,342,329,345,340,345,351,346,335,345,329,345,322,343,122.19,19.97,79.27,12.01,72.59,13.62,95.04,19.17
187,2026-02-11T16:51:12.777636,248,234,241,267,240,284,245,323,253,340,262,353,282,374,305,387,320,390,333,390,351,381,367,365,374,355,380,340,391,305,395,289,404,257,268,234,277,229,291,228,307,232,325,238,361,245,377,245,390,245,398,249,401,255,340,262,339,271,339,280,338,288,338,298,337,308,336,315,335,319,334,320,333,321,280,254,290,250,303,251,316,264,304,265,290,263,353,271,367,263,380,265,385,271,376,277,363,275,298,340,313,336,322,335,331,338,339,337,345,339,353,346,342,355,335,357,327,357,318,355,311,352,300,340,315,342,329,344,340,345,351,346,335,345,329,345,322,343,121.18,20.33,78.34,12.26,72.57,13.75,93.26,19.74
188,2026-02-11T16:51:12.807933,248,233,241,266,241,284,246,323,253,340,262,353,282,374,305,387,320,389,333,389,352,381,368,365,374,354,381,340,392,305,395,289,404,257,268,234,277,229,291,227,307,231,325,238,361,245,377,244,390,245,398,249,401,255,340,261,340,271,339,280,339,288,338,297,337,308,336,315,335,319,334,320,333,321,281,254,290,249,304,251,316,264,304,265,290,263,353,270,367,263,380,265,385,271,376,277,363,275,298,340,313,336,323,335,331,338,339,337,345,340,353,346,342,355,335,357,327,357,319,355,311,352,301,340,315,342,329,344,340,345,351,346,335,345,329,345,322,343,122.54,20.1,78.89,12.23,72.79,13.64,94.03,19.52
189,2026-02-11T16:51:12.843222,248,233,242,266,241,284,246,323,253,340,262,353,283,374,305,387,320,390,334,390,352,381,368,365,374,355,381,340,392,305,396,289,404,257,268,234,277,228,291,227,307,231,325,237,361,244,377,244,390,245,398,249,401,254,340,261,340,271,339,280,339,288,338,297,337,308,336,315,335,318,334,320,333,321,281,254,290,249,304,251,316,264,304,265,290,263,353,270,367,263,380,265,385,271,376,276,363,274,298,339,313,336,323,335,331,338,339,337,345,339,353,346,342,355,335,357,327,357,319,355,311,351,301,340,315,342,329,344,340,344,351,345,335,345,329,344,322,343,122.36,20.29,79.69,12.53,72.87,13.99,95.04,19.65
190,2026-02-11T16:51:12.871541,248,233,242,266,241,284,246,322,253,339,262,353,283,374,305,387,321,389,334,389,352,381,368,365,375,354,381,340,392,305,396,289,404,257,268,233,277,228,291,227,307,231,325,237,361,244,378,244,391,245,398,249,401,254,340,261,340,271,339,280,339,288,338,297,337,307,336,315,335,318,334,320,333,320,281,253,290,249,304,251,316,264,304,265,291,263,353,270,367,263,380,265,386,271,376,276,363,274,298,339,314,336,323,335,331,338,339,337,345,339,353,345,342,354,335,356,327,357,319,355,311,351,301,340,316,341,329,344,340,344,351,345,335,345,329,344,322,343,118.78,20.27,78.78,11.93,72.21,13.38,92.74,19.1
191,2026-02-11T16:51:12.903269,248,233,242,266,241,283,246,322,254,339,262,352,283,373,305,387,321,389,334,389,352,381,368,365,375,354,381,340,392,305,396,289,404,257,268,233,277,228,291,227,307,231,325,237,361,244,378,244,391,245,399,248,401,254,340,261,340,271,339,279,339,288,338,297,337,307,336,315,335,318,334,320,333,320,281,253,290,249,304,251,316,263,304,264,291,262,353,270,368,263,380,265,386,271,376,276,363,274,298,339,314,336,323,335,331,338,339,337,345,339,353,345,342,354,335,357,327,357,319,355,311,351,301,339,316,341,329,344,340,344,351,345,335,344,329,344,322,343,119.32,20.33,79.4,12.46,72.63,13.64,92.47,18.95
192,2026-02-11T16:51:12.935359,248,233,242,266,241,283,246,322,254,339,262,352,283,373,305,387,320,389,334,390,352,381,368,365,375,354,381,340,393,305,396,289,404,257,268,233,277,228,291,227,307,231,325,237,361,244,378,244,391,245,399,248,401,254,340,261,340,271,339,279,339,288,338,297,337,307,336,315,335,318,334,319,333,320,281,253,290,249,304,251,316,263,304,264,290,262,353,270,367,263,380,265,386,271,376,276,363,274,299,339,314,335,323,335,331,338,339,337,345,339,353,345,342,354,335,357,327,357,319,355,311,351,301,339,316,341,329,344,340,344,351,345,335,344,329,344,322,343,118.94,20.23,79.08,11.84,72.26,13.3,93.04,18.98
193,2026-02-11T16:51:12.967571,248,233,242,266,241,284,246,323,253,339,262,353,283,373,305,387,320,390,334,390,352,381,368,366,375,355,381,340,393,305,396,289,404,257,268,233,277,228,291,227,307,231,325,237,361,244,378,244,391,245,399,248,401,254,340,261,339,271,339,279,339,288,338,297,337,307,336,315,335,318,334,320,333,320,281,253,290,249,304,251,316,263,304,264,290,262,353,270,367,263,380,265,386,271,376,276,363,274,298,339,314,335,323,335,331,337,339,337,345,339,353,345,342,354,335,356,327,356,319,355,311,351,301,339,316,341,329,344,340,344,351,345,335,344,329,344,322,343,119.38,20.1,77.61,10.71,71.85,13.18,92.81,18.96
194,2026-02-11T16:51:12.998459,248,233,242,266,241,284,246,323,253,339,262,353,283,374,305,387,320,390,334,390,352,381,368,366,375,355,381,341,393,306,396,289,404,257,268,233,277,228,290,227,307,231,325,237,361,244,378,244,391,244,399,248,401,254,340,261,339,271,339,280,338,288,338,297,337,307,336,315,335,318,334,320,333,320,281,253,290,250,304,251,316,264,304,264,290,262,353,270,367,263,380,265,386,271,376,276,363,274,298,339,314,335,323,335,331,338,339,337,345,339,353,346,342,354,335,356,327,356,319,355,311,351,301,339,316,341,329,344,340,344,351,345,335,344,329,344,322,343,118.37,20.61,78.66,10.96,72.67,12.85,94.2,18.62
195,2026-02-11T16:51:13.031325,248,233,242,267,241,284,246,323,253,339,262,353,283,374,305,387,320,390,334,390,352,381,368,366,375,355,381,341,393,306,396,290,404,257,268,233,277,228,290,227,307,231,325,237,361,244,378,244,391,244,399,248,401,255,340,261,339,271,339,280,338,288,338,297,337,307,336,315,335,318,334,320,333,320,281,253,290,250,303,252,316,264,304,265,290,263,353,270,367,263,380,265,385,271,376,276,363,274,298,339,313,335,322,335,331,338,339,337,345,339,353,346,342,354,335,356,327,357,319,355,311,351,301,339,315,341,329,344,340,344,351,345,335,344,329,344,322,343,117.85,20.72,78.45,10.56,72.21,12.64,96.19,18.78
196,2026-02-11T16:51:13.061164,248,234,242,267,241,284,246,323,253,340,262,353,283,374,305,387,320,390,333,390,352,381,368,366,375,355,381,341,392,306,396,290,404,258,267,233,277,228,290,227,306,231,324,237,361,244,377,244,390,244,398,248,401,255,339,261,339,271,338,280,338,288,337,297,337,307,335,315,334,318,333,320,332,320,280,254,290,250,303,252,315,264,303,265,290,263,352,270,367,263,379,265,385,271,375,276,363,274,298,339,313,335,322,335,330,338,338,337,344,339,353,346,342,354,335,357,327,357,318,355,310,351,301,340,315,341,329,344,340,344,350,345,335,344,329,344,322,343,118.54,19.99,77.78,10.73,71.3,12.49,94.4,18.66
197,2026-02-11T16:51:13.092736,248,234,242,267,241,284,246,323,253,340,262,353,282,374,305,387,320,390,333,390,351,381,368,366,375,355,381,341,392,306,396,290,404,258,267,233,276,228,289,227,305,231,323,237,360,244,376,244,390,244,398,248,401,255,338,261,338,271,337,280,337,288,336,297,335,307,334,315,333,318,332,320,332,320,280,254,289,251,302,252,315,264,302,265,289,263,352,270,366,263,379,265,385,271,375,276,362,275,297,339,312,335,321,335,330,338,338,337,344,339,353,346,341,354,334,357,326,357,318,355,310,351,300,340,315,341,328,344,339,344,350,345,334,344,328,344,321,343,119.25,20.18,78.99,11.23,72.24,12.42,95.6,18.18
198,2026-02-11T16:51:13.123212,247,234,241,267,241,284,246,323,253,340,262,353,282,374,304,387,319,389,332,390,351,381,367,366,374,356,381,341,392,306,396,290,404,258,266,234,275,228,288,227,304,231,322,237,359,244,375,244,389,244,397,248,400,255,337,261,337,271,336,280,336,288,335,297,335,307,333,315,332,318,332,320,331,321,279,254,288,251,301,253,314,264,302,265,288,263,351,270,365,264,378,266,384,271,374,277,361,275,297,339,312,335,321,335,329,338,337,337,343,339,352,346,341,354,334,357,326,357,317,355,309,351,300,340,314,341,328,344,339,344,350,345,333,345,327,344,320,343,118.0,20.26,78.82,11.12,71.33,11.85,96.09,18.22
199,2026-02-11T16:51:13.154520,246,234,241,267,240,285,246,323,253,339,261,353,281,373,304,387,319,389,332,389,351,381,367,366,374,355,381,341,392,306,396,290,404,258,265,234,273,229,286,227,303,231,321,237,358,244,375,244,388,245,397,248,400,255,337,261,336,271,335,280,335,288,335,297,334,307,333,315,332,318,331,320,330,320,278,255,287,251,300,253,313,264,301,265,287,263,350,270,365,264,377,266,384,271,374,277,361,275,296,339,311,335,320,335,329,337,337,337,343,339,352,346,340,354,333,357,325,357,316,355,309,351,299,340,313,341,327,344,338,344,349,345,333,344,327,344,320,343,119.54,20.72,77.7,10.72,71.64,11.9,93.97,17.92
200,2026-02-11T16:51:13.185712,246,234,240,267,240,284,245,323,252,339,261,352,281,373,303,386,318,389,332,389,351,381,367,366,374,355,381,341,392,306,396,290,404,258,264,234,272,229,285,227,301,231,320,237,357,244,374,244,388,245,396,249,399,255,336,262,335,271,334,280,334,288,334,297,333,307,332,315,331,318,330,320,329,320,277,255,286,252,299,253,312,264,300,265,286,263,350,270,364,264,376,266,383,271,373,277,360,275,295,339,310,335,319,335,328,337,336,337,342,339,351,346,340,355,333,357,324,357,316,355,308,351,298,340,313,341,326,344,338,344,349,345,332,345,326,344,319,343,119.26,20.38,78.58,10.92,72.01,11.78,94.8,17.5
201,2026-02-11T16:51:13.216928,245,235,240,267,239,285,245,323,252,339,260,352,280,373,302,386,317,389,331,389,350,381,367,366,374,355,381,341,392,306,396,290,403,258,263,234,271,229,284,228,300,231,318,237,356,244,373,244,387,245,395,249,399,255,334,262,334,271,333,280,333,288,332,297,332,307,330,315,330,318,329,320,328,320,276,255,285,252,297,254,310,264,298,265,285,264,349,270,363,264,376,266,382,271,372,277,359,275,294,339,309,335,318,335,326,337,335,337,341,339,350,346,339,355,331,357,323,357,314,355,306,351,297,340,311,341,325,344,337,344,348,345,331,345,325,344,318,343,118.6,20.5,77.95,10.86,71.47,11.63,94.67,17.49
202,2026-02-11T16:51:13.246546,244,235,239,268,239,285,244,323,251,339,260,352,279,373,301,386,316,389,330,389,349,381,366,366,373,355,380,341,392,306,395,290,403,258,262,235,270,229,283,228,299,232,318,237,355,244,372,244,386,245,395,249,398,255,334,262,333,271,332,280,332,288,331,297,331,308,329,315,329,319,328,320,327,321,275,256,284,253,297,254,309,264,298,266,284,264,348,271,362,264,375,266,382,271,372,277,359,275,293,339,308,335,317,335,325,337,334,337,340,339,349,346,338,355,330,357,322,357,313,355,305,351,296,340,310,341,324,344,336,344,347,345,330,345,324,344,317,343,119.17,20.39,77.68,10.75,71.75,11.81,92.94,17.12
203,2026-02-11T16:51:13.278011,244,235,239,268,239,285,244,323,251,339,259,352,279,373,300,386,315,389,329,389,348,381,365,366,373,355,380,341,392,306,395,290,402,258,261,235,269,230,282,228,298,232,316,238,354,244,371,244,385,245,394,249,397,255,332,262,332,272,331,281,330,289,330,298,329,308,328,315,327,319,326,320,326,321,274,256,283,253,296,255,308,265,296,266,283,264,347,271,362,265,374,266,380,271,371,277,358,275,292,339,306,336,315,335,324,338,332,337,339,339,349,346,336,355,329,357,321,357,312,355,304,351,294,340,309,341,323,344,335,344,346,346,329,345,323,344,315,343,119.56,20.53,78.07,11.19,71.88,11.99,95.12,17.24
204,2026-02-11T16:51:13.309029,244,236,239,268,239,285,244,323,251,339,259,352,278,373,300,386,314,389,328,389,347,381,365,366,372,355,380,341,391,306,395,290,402,258,260,235,269,230,281,228,297,232,315,238,353,245,370,244,384,245,393,249,397,255,331,262,331,272,330,281,329,289,329,298,328,308,327,315,326,319,325,320,325,321,273,256,282,253,295,255,308,265,296,266,283,265,347,271,361,265,374,267,380,271,370,277,357,276,291,339,305,336,314,335,323,338,331,337,338,339,348,346,336,355,328,357,320,357,311,355,303,351,294,340,308,341,322,344,334,344,346,346,328,345,322,344,315,343,118.17,20.82,77.85,10.6,70.81,11.48,94.47,17.32
205,2026-02-11T16:51:13.340663,243,236,238,268,238,285,244,323,251,339,259,352,278,373,299,386,314,389,328,389,347,381,364,366,372,355,379,341,391,306,395,290,402,258,260,235,268,230,280,228,296,232,315,238,352,245,370,244,384,245,392,249,396,255,331,262,330,272,329,281,329,289,328,298,327,308,326,316,325,319,325,320,324,321,273,256,282,253,295,255,307,265,295,267,282,265,346,271,360,265,373,267,379,272,370,277,357,276,291,339,305,336,314,335,323,338,331,337,338,339,348,346,335,355,328,357,320,357,311,355,303,351,293,340,308,341,321,344,333,344,345,346,328,345,321,344,314,343,119.57,20.55,77.72,10.63,71.61,11.87,94.23,17.03
206,2026-02-11T16:51:13.372118,242,236,238,269,238,286,243,323,250,340,258,352,278,373,299,386,314,389,327,389,347,381,364,366,372,355,379,341,391,307,395,290,401,258,259,236,267,230,280,229,296,233,314,238,352,245,369,244,383,245,392,249,396,255,330,262,329,272,329,281,328,289,327,298,327,308,326,316,325,319,324,320,324,321,273,257,281,253,294,255,307,265,295,267,282,265,346,271,360,265,372,267,379,272,369,277,356,276,290,340,305,336,313,335,322,338,330,337,337,339,347,346,335,355,327,357,319,357,310,355,303,351,293,340,307,341,321,344,333,344,345,346,327,345,321,344,314,343,118.68,20.71,78.59,10.98,71.27,11.88,94.33,16.91
207,2026-02-11T16:51:13.402967,242,236,238,269,237,286,243,324,250,340,258,353,277,373,298,386,313,389,327,389,346,381,364,366,371,356,379,341,391,307,394,290,401,258,259,236,267,231,279,229,295,233,314,239,351,245,369,245,383,245,392,249,395,255,330,263,329,272,328,281,328,289,327,298,326,308,325,316,324,319,324,320,323,321,272,257,281,253,294,255,306,265,294,267,281,265,345,272,359,265,372,267,378,272,369,278,356,276,289,340,304,336,313,335,321,338,330,337,337,339,346,346,334,355,327,357,318,357,310,355,302,352,292,340,306,341,320,344,332,344,344,346,326,345,320,345,313,343,118.51,20.68,77.59,10.43,71.61,11.67,93.89,16.77
208,2026-02-11T16:51:13.433802,242,237,237,269,237,286,243,324,250,340,258,353,277,373,298,386,313,389,327,389,346,381,363,366,371,356,379,341,390,307,394,290,401,258,258,236,267,231,279,229,295,233,313,239,351,245,368,245,382,245,391,249,395,255,329,263,329,272,328,281,327,289,327,298,326,309,325,316,324,319,323,321,323,321,272,257,280,254,293,255,306,266,294,267,281,265,345,272,359,265,372,267,378,272,368,278,356,276,289,340,304,336,313,335,321,338,330,337,336,340,346,346,334,355,327,358,318,357,310,356,302,352,292,340,306,342,320,344,332,345,344,346,326,345,320,345,313,344,117.98,20.84,78.33,11.01,70.92,11.3,93.07,16.78
209,2026-02-11T16:51:13.464612,242,237,237,269,237,286,242,324,249,340,258,353,277,373,298,387,313,389,326,389,345,381,363,366,371,356,378,341,390,307,394,290,401,258,258,236,266,231,279,229,295,233,313,239,350,245,368,245,382,245,391,249,395,255,329,263,328,273,327,282,327,290,326,299,325,309,324,316,324,320,323,321,323,322,272,257,280,254,293,256,305,266,294,267,281,265,345,272,359,266,371,267,378,272,368,278,355,276,289,340,304,336,313,335,321,338,330,337,336,340,346,346,334,356,326,358,318,358,309,356,302,352,292,340,306,342,320,344,332,345,344,346,326,345,320,345,313,344,118.73,20.74,78.42,11.06,71.06,11.36,96.14,16.83
210,2026-02-11T16:51:13.497541,241,237,237,269,237,286,242,324,249,340,257,353,276,373,298,387,312,389,326,389,345,381,363,366,370,356,378,341,390,307,394,291,400,259,258,236,266,231,278,230,294,233,312,239,350,245,368,245,382,245,391,249,395,255,329,263,328,273,327,282,327,290,326,299,325,309,324,317,323,320,323,321,322,322,271,258,280,254,293,256,305,266,293,268,280,266,345,272,359,266,371,268,377,273,368,278,355,277,289,340,303,336,312,335,321,338,329,337,336,340,346,346,334,356,326,358,318,358,309,357,301,353,292,341,306,342,320,345,332,345,343,346,326,346,320,345,312,344,118.24,20.73,77.43,10.97,71.01,11.47,94.24,16.51
211,2026-02-11T16:51:13.526058,241,237,237,269,237,286,242,324,249,340,257,353,276,373,297,387,312,389,326,390,345,381,363,366,371,356,378,341,390,307,394,291,400,259,257,237,265,231,278,230,294,234,312,239,350,246,368,245,382,245,391,249,395,255,329,263,328,273,327,282,326,290,326,299,325,310,324,317,323,320,322,322,322,322,271,258,280,255,292,256,305,266,293,268,280,266,345,272,359,266,371,268,378,273,368,278,355,277,288,340,303,337,312,336,321,339,329,338,336,340,346,347,333,356,326,359,317,359,309,357,301,353,291,341,305,343,319,345,331,345,343,346,326,346,319,346,312,344,117.49,20.48,77.09,11.73,71.39,11.59,93.01,16.98
212,2026-02-11T16:51:13.556938,241,237,237,269,237,286,242,324,249,340,257,353,276,373,297,387,312,390,326,390,345,381,363,366,371,355,378,341,390,307,394,291,400,259,257,237,265,231,278,230,294,234,312,239,350,246,368,245,382,245,391,249,395,255,328,264,328,273,327,282,326,291,326,299,325,310,324,317,323,320,322,322,322,322,271,258,280,255,292,256,305,266,293,268,280,266,345,273,359,266,371,268,378,273,368,278,355,277,288,340,303,337,312,336,320,339,329,338,336,340,346,347,333,356,326,359,317,359,308,357,300,353,291,341,305,343,319,345,331,345,343,346,325,346,319,346,312,344,117.45,20.47,77.64,12.22,71.55,11.45,95.03,17.0
213,2026-02-11T16:51:13.589293,241,237,237,269,237,286,242,324,249,340,257,353,276,374,297,387,312,390,326,390,345,381,363,366,371,355,378,341,390,307,394,290,400,259,257,237,265,232,277,230,294,234,312,240,350,246,368,245,382,245,391,249,395,255,328,264,328,274,327,283,326,291,326,300,325,310,324,318,323,321,322,322,322,323,271,258,280,255,292,256,305,267,293,268,280,266,345,273,359,266,371,268,378,273,368,278,355,277,288,341,303,337,312,336,320,339,329,338,336,340,346,347,333,357,326,359,317,359,308,357,300,353,291,341,305,343,319,345,331,346,343,346,325,346,319,346,312,344,117.45,20.47,77.32,12.2,71.17,11.52,94.02,16.85
214,2026-02-11T16:51:13.619875,241,237,237,269,237,286,242,324,249,340,257,353,276,374,297,387,312,390,326,390,345,381,363,366,371,355,378,341,390,307,394,290,400,259,257,237,265,232,278,230,294,234,312,240,351,246,368,245,382,245,391,249,395,256,329,264,328,274,327,283,327,291,326,300,325,311,324,318,323,321,322,322,322,323,271,258,280,255,293,256,305,267,294,268,280,266,345,273,359,266,372,268,378,273,368,278,355,277,288,341,303,337,312,337,320,340,329,339,336,341,345,347,333,357,326,359,317,359,308,357,301,353,291,341,305,343,319,346,331,346,343,347,325,346,319,346,312,345,118.67,20.21,77.47,12.51,71.47,11.77,93.4,16.59
215,2026-02-11T16:51:13.650623,241,237,237,269,237,286,242,324,249,340,257,353,276,374,297,387,312,390,326,390,345,381,363,366,371,355,378,341,390,307,394,290,400,259,257,237,265,232,278,230,294,234,312,240,351,246,368,245,382,246,391,249,395,256,329,264,328,274,327,283,327,291,326,300,325,311,324,318,323,321,323,323,322,323,271,258,280,255,293,256,305,267,294,268,280,266,345,273,359,266,372,268,378,273,368,278,355,277,288,341,303,337,312,337,320,340,329,339,336,341,345,347,333,357,326,359,317,359,308,357,301,353,291,341,305,343,319,346,331,346,343,347,325,347,319,346,312,345,118.17,20.31,77.97,12.66,71.63,11.75,93.32,17.08
216,2026-02-11T16:51:13.681166,241,237,237,269,237,286,242,324,249,340,257,353,276,374,297,387,312,390,326,390,345,381,363,366,371,355,378,341,390,307,394,290,400,259,257,237,266,232,278,230,294,234,312,240,351,246,368,246,382,246,391,250,395,256,329,264,328,274,327,283,327,291,326,300,325,311,324,318,323,321,323,323,322,323,272,258,280,255,293,256,306,267,294,268,281,266,345,273,359,266,372,268,378,273,368,279,355,277,289,341,303,337,312,337,320,340,329,339,336,341,345,347,333,357,326,359,317,359,308,357,301,353,291,341,305,343,319,346,331,346,343,347,325,347,319,346,312,345,117.55,20.39,77.32,12.24,71.1,11.81,92.09,16.97
217,2026-02-11T16:51:13.713522,242,237,237,269,237,286,242,323,249,340,257,353,276,374,297,387,312,390,326,390,345,381,363,366,371,355,378,341,390,307,394,290,400,259,258,237,266,232,278,230,294,234,312,240,351,246,369,246,383,246,391,250,395,256,329,264,328,274,327,283,327,292,326,301,325,311,324,318,323,322,323,323,322,324,272,258,280,255,293,256,306,267,294,268,281,266,345,273,359,266,372,268,378,273,368,279,356,277,289,341,303,338,312,337,321,340,329,339,336,341,346,347,333,357,326,359,317,359,308,357,301,353,291,341,305,343,319,346,331,346,343,347,326,347,319,347,312,345,118.24,20.36,78.12,12.23,71.17,11.75,92.35,16.91
218,2026-02-11T16:51:13.744003,242,237,237,269,237,286,242,323,249,340,257,353,276,374,297,387,312,390,326,390,345,381,363,366,371,355,378,341,390,307,394,290,400,259,258,237,266,232,278,230,294,234,313,240,351,247,369,246,383,246,392,250,395,256,329,264,328,274,327,283,327,292,326,301,325,311,324,319,323,322,323,323,322,324,272,258,281,255,294,256,306,267,294,268,281,266,345,273,360,266,372,268,378,273,369,279,356,277,289,341,303,338,312,337,321,340,329,340,336,342,346,347,333,357,326,359,317,359,309,357,301,353,292,341,306,343,319,346,331,346,343,347,326,347,319,347,312,345,115.99,20.54,78.09,12.5,71.08,11.7,93.05,16.8
219,2026-02-11T16:51:13.775271,242,237,238,269,237,286,242,323,249,340,257,353,276,374,297,387,312,390,326,390,345,381,363,366,371,355,378,341,390,307,394,290,400,259,259,237,267,232,279,230,295,234,314,240,352,247,369,246,383,246,392,250,395,256,330,264,329,274,328,283,327,292,327,301,325,311,324,319,324,322,323,323,323,324,273,258,281,255,294,256,307,267,295,268,282,266,346,273,360,266,373,268,379,273,369,279,356,277,289,341,304,338,312,338,321,340,329,340,336,342,346,348,334,357,326,359,318,359,309,358,301,354,292,341,306,343,320,346,332,346,343,347,326,347,319,347,312,345,115.56,20.69,77.88,12.28,70.62,11.48,93.27,17.0
220,2026-02-11T16:51:13.807153,243,237,238,269,237,286,243,323,249,340,257,353,276,374,298,388,312,390,326,390,345,382,363,366,371,355,378,341,390,307,394,291,401,259,259,237,267,232,280,230,296,234,314,240,353,247,370,246,384,247,393,250,396,257,330,265,330,274,329,284,328,292,327,301,326,312,325,319,324,322,323,323,323,324,273,258,282,255,295,256,307,267,295,268,282,266,346,273,361,266,373,268,379,273,369,279,357,277,290,341,304,338,313,338,321,341,329,340,336,342,346,348,334,357,326,359,318,359,309,358,302,354,292,342,306,344,320,347,332,347,343,347,326,347,320,347,313,345,115.92,20.53,77.65,12.13,70.56,11.88,92.11,17.03
221,2026-02-11T16:51:13.837719,243,237,238,269,238,286,243,323,250,340,258,353,277,374,298,388,312,390,326,390,346,382,363,366,371,355,378,341,390,307,394,291,401,259,259,237,268,232,280,230,296,234,315,240,353,247,370,246,384,247,393,251,396,257,331,265,330,275,329,284,329,292,328,301,327,312,325,319,325,322,324,323,323,324,273,258,282,255,295,256,308,267,296,268,282,266,347,273,361,266,374,268,380,274,370,279,357,277,290,342,304,338,313,338,322,341,330,340,336,342,346,348,334,357,326,360,318,360,310,358,302,354,293,342,307,344,320,347,332,347,343,348,326,347,320,347,313,346,116.51,20.39,78.15,12.04,71.3,12.18,92.9,17.0
222,2026-02-11T16:51:13.869666,244,237,239,269,238,286,244,323,251,340,258,353,277,374,298,388,313,391,326,391,346,382,363,366,371,356,378,341,390,307,394,291,401,259,260,237,268,232,281,230,297,234,315,240,353,247,371,247,384,247,393,251,396,257,331,265,330,275,329,284,329,292,328,301,327,312,326,319,325,322,324,324,324,324,273,258,282,255,295,256,308,267,296,268,282,266,347,273,361,267,374,268,380,274,370,279,357,277,290,342,305,338,313,338,322,341,330,340,337,342,346,348,334,358,327,360,318,360,310,358,302,354,293,342,307,344,320,347,332,347,344,348,327,347,320,347,313,346,116.51,20.39,77.42,11.97,70.7,11.89,92.61,17.35
223,2026-02-11T16:51:13.902267,244,237,239,269,238,286,244,323,250,340,258,353,277,374,298,388,313,391,327,391,346,382,363,366,371,356,378,341,390,307,394,291,401,259,260,237,268,232,281,230,297,234,315,240,353,247,371,247,385,247,393,251,397,257,331,265,330,275,330,284,329,292,328,301,327,312,326,319,325,322,324,324,324,324,274,258,282,255,296,256,308,267,296,268,283,266,347,273,361,267,374,269,380,274,370,279,357,277,290,342,305,338,313,338,322,341,330,340,337,342,346,348,334,358,327,360,319,360,310,358,302,354,293,342,307,344,321,347,332,347,344,348,327,347,320,347,313,346,117.33,21.07,78.57,12.5,71.21,12.11,92.92,16.76
224,2026-02-11T16:51:13.932887,244,237,239,269,238,286,244,323,251,340,259,353,277,374,298,388,313,391,327,391,346,382,363,367,371,356,378,342,390,307,394,291,401,260,261,237,269,232,281,230,297,234,316,240,354,247,371,247,385,247,393,251,397,257,332,265,331,275,330,284,329,292,329,301,328,312,326,319,326,322,325,324,324,324,274,258,283,255,296,256,308,267,296,268,283,267,347,273,362,267,374,269,380,274,370,279,358,278,291,342,305,338,314,338,322,341,331,340,337,342,346,349,334,358,327,360,319,360,310,358,302,354,293,342,307,344,321,347,333,347,344,348,327,348,321,347,314,346,115.38,21.12,77.99,12.25,70.53,11.68,93.44,16.89
225,2026-02-11T16:51:13.963232,244,237,239,269,239,286,244,323,251,340,259,353,277,374,299,388,313,391,327,391,346,382,363,367,371,356,378,342,390,307,394,291,402,260,261,237,269,232,282,231,298,235,316,240,354,247,371,247,385,248,394,251,397,257,332,265,331,275,330,284,330,292,329,301,328,312,327,319,326,323,325,324,325,324,274,258,283,255,296,256,309,267,297,268,283,267,347,273,362,267,374,269,381,274,371,280,358,278,291,342,305,338,314,338,323,341,331,340,337,342,347,349,335,358,327,360,319,360,310,358,303,354,294,342,308,344,321,347,333,347,344,348,327,348,321,347,314,346,117.35,21.06,78.08,11.96,71.2,11.47,90.24,16.96
226,2026-02-11T16:51:13.995523,244,237,239,269,239,286,244,323,251,340,259,353,277,374,299,388,314,391,327,392,346,383,363,367,371,356,378,342,390,308,394,291,402,260,261,237,269,232,282,231,298,235,316,241,354,247,371,247,385,248,394,252,397,258,332,265,331,275,330,284,330,292,329,302,328,312,327,319,326,323,325,324,325,324,275,258,283,255,296,256,309,267,297,268,284,267,348,274,362,267,374,269,381,274,371,280,358,278,291,342,305,339,314,338,323,341,331,340,337,342,347,349,335,358,327,360,319,360,310,358,303,354,294,342,308,344,321,347,333,347,344,349,327,348,321,347,314,346,116.99,21.25,78.49,12.58,71.24,11.67,89.59,16.7
227,2026-02-11T16:51:14.029199,244,237,239,269,239,286,244,324,251,340,259,353,277,374,299,388,314,391,327,392,346,383,363,367,371,356,378,342,390,308,394,292,402,260,261,237,270,232,282,231,298,235,316,241,354,248,372,247,385,248,394,252,397,258,332,265,331,275,331,284,330,293,329,302,328,312,327,319,326,323,325,324,325,325,275,258,283,255,296,256,309,267,297,268,284,267,348,274,362,267,375,269,381,275,371,280,358,278,291,342,305,339,314,338,323,341,331,340,338,342,347,349,335,359,327,361,319,360,310,358,303,354,294,342,308,344,321,347,333,347,344,349,327,348,321,347,314,346,117.44,21.28,78.28,12.59,71.35,11.82,89.8,16.81
228,2026-02-11T16:51:14.057751,244,237,239,269,239,286,244,324,251,340,259,353,278,375,299,389,314,391,327,392,346,383,363,367,371,357,378,342,391,308,395,292,402,260,261,237,270,232,282,231,298,235,317,241,354,248,372,247,386,248,394,252,398,258,332,265,332,275,331,284,330,293,329,302,328,312,327,320,326,323,325,324,325,325,275,258,283,255,296,256,309,267,297,268,284,267,348,274,362,268,375,269,381,275,371,280,358,278,291,342,305,339,314,338,323,341,331,340,338,342,347,349,335,359,328,361,319,360,311,359,303,355,294,342,308,344,321,347,333,347,344,349,327,348,321,347,314,346,117.44,21.28,77.8,12.24,71.15,11.91,90.2,16.64
229,2026-02-11T16:51:14.089455,244,237,239,269,239,286,244,324,251,340,259,353,278,375,299,389,314,392,327,392,346,383,363,367,371,357,378,342,391,308,395,292,402,260,261,237,270,232,282,231,298,235,317,241,355,248,372,247,386,248,394,252,398,258,333,265,332,275,331,284,330,293,329,302,328,312,327,320,326,323,326,324,325,325,275,258,284,255,297,256,309,267,297,268,284,267,348,274,362,268,375,270,381,275,371,280,358,278,291,342,306,339,315,338,323,341,331,340,338,342,347,349,335,359,328,361,320,360,311,359,303,355,294,342,308,344,322,347,333,347,344,349,328,348,322,347,314,346,117.44,21.28,78.07,12.28,71.57,11.87,90.67,16.72
230,2026-02-11T16:51:14.119010,245,237,239,269,239,286,244,324,251,340,259,353,278,375,299,389,314,392,327,392,346,383,363,367,371,357,378,342,391,308,395,292,402,260,261,237,270,232,282,231,299,235,317,241,355,248,372,248,386,248,394,252,398,258,333,265,332,275,331,284,330,293,330,302,329,312,327,320,326,323,326,324,325,325,275,258,284,255,297,256,309,267,297,268,284,267,348,274,363,268,375,270,381,275,371,280,359,278,291,342,306,339,315,338,323,341,331,340,338,342,347,349,335,359,328,361,320,361,311,359,303,355,294,342,308,344,322,347,333,347,344,349,328,348,322,347,315,346,117.06,21.29,77.89,12.21,70.86,12.11,90.85,16.72
231,2026-02-11T16:51:14.151922,245,237,239,269,239,286,244,324,251,340,259,353,278,375,299,389,314,392,327,392,346,383,363,367,371,357,378,342,391,308,395,292,402,260,261,237,270,232,282,230,299,235,317,241,355,248,372,247,386,248,394,252,398,258,333,265,332,275,331,284,330,293,330,302,329,312,327,320,326,323,326,324,325,325,275,258,284,255,297,256,309,267,297,268,284,267,348,274,363,268,375,270,381,275,371,280,359,278,291,342,306,339,315,338,323,341,331,340,338,342,347,349,335,359,328,361,320,361,311,359,303,355,294,342,308,344,322,347,333,347,344,349,328,348,322,347,315,346,118.4,21.1,77.85,12.12,70.88,12.32,90.46,16.65
