frame,timestamp,lm_0_x,lm_0_y,lm_1_x,lm_1_y,lm_2_x,lm_2_y,lm_3_x,lm_3_y,lm_4_x,lm_4_y,lm_5_x,lm_5_y,lm_6_x,lm_6_y,lm_7_x,lm_7_y,lm_8_x,lm_8_y,lm_9_x,lm_9_y,lm_10_x,lm_10_y,lm_11_x,lm_11_y,lm_12_x,lm_12_y,lm_13_x,lm_13_y,lm_14_x,lm_14_y,lm_15_x,lm_15_y,lm_16_x,lm_16_y,lm_17_x,lm_17_y,lm_18_x,lm_18_y,lm_19_x,lm_19_y,lm_20_x,lm_20_y,lm_21_x,lm_21_y,lm_22_x,lm_22_y,lm_23_x,lm_23_y,lm_24_x,lm_24_y,lm_25_x,lm_25_y,lm_26_x,lm_26_y,lm_27_x,lm_27_y,lm_28_x,lm_28_y,lm_29_x,lm_29_y,lm_30_x,lm_30_y,lm_31_x,lm_31_y,lm_32_x,lm_32_y,lm_33_x,lm_33_y,lm_34_x,lm_34_y,lm_35_x,lm_35_y,lm_36_x,lm_36_y,lm_37_x,lm_37_y,lm_38_x,lm_38_y,lm_39_x,lm_39_y,lm_40_x,lm_40_y,lm_41_x,lm_41_y,lm_42_x,lm_42_y,lm_43_x,lm_43_y,lm_44_x,lm_44_y,lm_45_x,lm_45_y,lm_46_x,lm_46_y,lm_47_x,lm_47_y,lm_48_x,lm_48_y,lm_49_x,lm_49_y,lm_50_x,lm_50_y,lm_51_x,lm_51_y,lm_52_x,lm_52_y,lm_53_x,lm_53_y,lm_54_x,lm_54_y,lm_55_x,lm_55_y,lm_56_x,lm_56_y,lm_57_x,lm_57_y,lm_58_x,lm_58_y,lm_59_x,lm_59_y,lm_60_x,lm_60_y,lm_61_x,lm_61_y,lm_62_x,lm_62_y,lm_63_x,lm_63_y,lm_64_x,lm_64_y,lm_65_x,lm_65_y,lm_66_x,lm_66_y,lm_67_x,lm_67_y,lm_68_x,lm_68_y,nose_tip_mean,nose_tip_std,left_eye_mean,left_eye_std,right_eye_mean,right_eye_std,forehead_mean,forehead_std
1,2026-02-11T16:59:45.283178,195,249,194,275,196,289,202,319,209,333,216,343,234,359,255,369,270,371,284,368,302,356,315,340,321,330,325,317,331,287,332,273,333,247,206,245,212,239,222,236,236,236,253,238,288,237,304,235,316,235,325,238,329,243,271,256,272,264,272,271,272,277,273,284,273,292,273,298,273,302,272,303,272,305,220,260,227,257,238,256,249,260,240,262,229,263,289,260,299,255,309,255,316,258,308,261,298,261,244,330,255,322,263,320,271,322,279,320,286,322,295,330,287,346,280,351,270,352,261,351,253,347,247,330,258,327,271,327,282,327,292,330,277,339,271,340,264,339,123.96,23.36,51.88,12.84,97.38,13.89,73.85,31.3
2,2026-02-11T16:59:45.314247,195,249,195,275,196,289,203,319,210,333,217,343,234,359,255,370,270,371,284,369,302,356,315,340,321,330,326,317,331,286,332,273,333,247,206,245,212,239,222,236,236,236,253,238,288,237,304,235,316,235,325,237,329,243,271,256,272,264,272,271,273,277,273,284,273,293,273,299,273,302,272,303,272,305,220,260,227,256,238,256,249,260,240,262,229,263,290,260,299,254,310,254,316,258,308,261,298,261,245,330,255,322,263,321,271,322,279,321,286,323,295,331,288,347,280,352,271,353,261,352,253,348,248,331,258,327,271,327,282,328,292,331,277,341,271,342,264,341,127.5,22.78,53.26,12.06,98.6,14.52,73.68,30.97
3,2026-02-11T16:59:45.346072,195,249,195,275,196,289,203,319,210,333,217,343,234,359,255,371,270,372,284,370,302,357,315,340,321,330,326,317,331,286,332,273,333,247,206,245,212,239,222,236,236,236,253,238,288,237,304,235,316,234,325,237,329,243,271,256,272,264,272,271,273,277,273,284,273,293,273,299,273,302,273,304,272,305,220,260,227,256,238,256,249,260,240,262,229,263,290,260,299,254,310,254,316,258,308,261,298,261,245,331,255,323,263,321,271,322,279,321,286,323,295,331,288,348,280,352,271,353,261,352,253,348,248,331,259,327,271,327,282,328,292,331,278,341,271,342,264,341,127.73,22.94,54.78,11.91,100.64,15.31,76.25,33.44
4,2026-02-11T16:59:45.377194,195,249,195,275,196,289,203,320,210,333,218,343,235,359,256,370,271,372,284,369,302,357,315,340,321,330,326,317,331,286,332,273,333,246,206,245,212,239,222,236,236,236,253,238,288,237,304,235,316,234,325,237,329,242,271,256,272,264,272,271,273,277,273,284,273,293,273,299,273,302,273,304,272,305,220,260,227,256,238,256,249,261,240,262,229,263,290,260,299,254,310,254,316,258,308,261,298,261,245,331,255,323,263,321,271,322,279,321,286,323,295,331,288,347,280,351,271,352,261,351,253,347,248,331,259,328,271,328,282,328,292,331,278,340,271,341,264,340,127.67,22.98,55.1,12.57,101.95,15.67,75.6,33.81
5,2026-02-11T16:59:45.411541,195,248,195,275,196,288,203,319,210,332,218,343,235,359,256,370,271,372,285,369,303,357,316,340,321,330,326,316,331,286,332,273,333,246,206,245,212,239,222,235,236,236,253,238,288,237,304,235,316,234,325,237,329,242,271,256,272,264,272,271,273,277,273,284,273,293,273,299,273,302,273,303,272,305,220,259,227,256,238,256,249,261,240,262,229,263,290,260,299,253,310,253,316,257,308,261,298,261,245,330,255,323,263,321,271,323,279,321,286,323,295,331,288,345,280,350,271,351,261,350,253,346,248,330,259,328,271,329,282,329,292,331,278,338,271,338,264,337,129.13,23.03,56.12,12.46,105.02,15.75,76.27,33.07
6,2026-02-11T16:59:45.442020,195,248,195,275,196,288,203,319,210,332,218,343,235,359,256,370,271,371,285,369,303,356,316,339,321,329,326,316,331,286,332,272,333,246,206,244,212,238,222,235,236,235,253,237,288,236,304,234,316,234,325,237,329,242,271,255,272,263,272,270,273,277,273,284,273,292,273,298,273,301,273,303,272,304,220,259,227,255,238,255,249,260,240,262,229,263,290,259,300,253,310,253,316,257,308,261,298,261,245,330,255,323,263,321,271,323,279,321,286,323,295,330,288,345,280,349,271,350,261,349,253,345,248,330,259,328,271,329,282,329,293,330,278,337,271,337,264,337,129.19,23.01,56.32,11.87,105.47,15.43,77.97,33.36
7,2026-02-11T16:59:45.471808,195,248,195,275,196,288,203,319,210,332,218,343,235,359,256,370,271,371,285,369,303,356,316,339,321,329,326,316,331,286,332,272,333,246,206,244,212,238,222,235,236,235,253,237,288,236,304,234,316,233,325,236,329,242,271,255,272,263,272,270,273,277,273,284,274,292,273,298,273,301,273,303,272,304,220,259,227,255,238,255,249,260,240,262,229,262,290,259,300,253,310,253,316,257,308,261,298,261,246,329,256,323,263,322,272,323,280,322,286,323,296,329,288,343,281,348,272,349,262,348,254,344,249,330,260,329,271,330,282,329,293,330,278,335,272,336,265,335,128.44,22.78,56.88,11.9,106.18,15.2,78.4,35.3
8,2026-02-11T16:59:45.502504,195,248,195,274,196,288,203,319,210,332,217,343,235,359,256,370,271,371,285,368,303,356,316,339,321,329,326,316,331,286,332,272,333,245,206,244,212,238,222,235,236,235,253,236,288,236,304,234,316,233,325,236,329,242,271,255,272,263,272,270,273,276,273,283,274,292,274,298,273,301,273,303,273,304,220,258,227,254,238,254,249,259,240,261,229,262,290,259,300,253,310,253,316,257,308,261,298,260,246,329,256,323,264,322,272,324,280,322,286,323,296,329,288,342,281,346,272,347,262,346,255,343,249,329,260,329,272,331,283,329,293,329,278,333,272,334,265,333,128.59,22.15,56.36,9.92,106.71,15.32,78.89,35.05
9,2026-02-11T16:59:45.533103,195,248,195,274,196,288,203,319,210,332,217,343,235,359,257,369,272,370,285,368,303,356,316,339,321,329,326,316,331,286,332,272,333,245,206,244,212,238,222,234,236,234,253,236,289,235,304,233,316,233,325,236,329,241,272,254,272,262,273,269,274,276,274,283,275,291,274,297,274,300,274,302,273,304,219,259,227,255,238,254,249,259,240,261,229,262,290,258,300,253,310,253,317,257,309,260,298,260,246,328,257,323,264,322,272,323,280,322,286,323,296,328,288,341,281,345,272,346,263,345,255,342,249,328,260,329,272,330,283,329,293,329,278,333,272,333,265,332,131.04,21.53,56.96,11.66,106.61,15.6,79.12,33.17
10,2026-02-11T16:59:45.560054,195,248,195,274,196,288,203,319,210,332,218,343,236,359,258,369,272,370,286,367,303,355,316,338,321,328,326,315,331,285,331,272,332,245,206,244,212,238,222,234,236,234,253,235,289,234,304,232,316,232,325,235,329,240,272,254,273,262,273,269,274,275,274,282,275,290,275,296,275,299,274,301,274,303,219,259,227,255,238,254,249,259,240,261,229,262,290,258,300,252,311,253,317,256,309,260,298,260,247,328,257,323,265,321,273,323,281,321,287,323,296,328,289,341,282,345,273,346,263,345,256,342,250,328,261,329,273,330,283,329,293,328,279,333,273,333,266,333,130.18,21.36,56.74,11.66,104.63,14.37,76.05,30.12
11,2026-02-11T16:59:45.590582,195,248,195,275,196,288,203,319,210,332,218,342,236,358,258,368,272,369,286,367,304,354,317,338,321,328,326,315,330,285,331,272,332,245,206,244,212,238,222,234,236,234,253,235,289,234,304,232,316,231,325,235,329,240,272,253,273,261,273,268,274,274,275,281,275,289,275,295,275,298,274,301,274,302,218,259,226,255,237,254,248,259,239,261,228,262,290,258,300,252,311,253,317,256,309,260,299,259,247,328,257,322,265,321,273,322,281,321,287,322,296,328,289,341,282,345,273,347,264,346,256,342,250,328,261,329,273,330,283,329,293,328,279,333,273,334,266,333,129.88,21.73,57.87,12.24,105.48,14.7,77.67,32.01
12,2026-02-11T16:59:45.621767,195,248,195,275,196,288,203,319,210,332,218,342,236,358,258,368,273,369,287,366,304,354,317,337,321,327,326,314,330,285,331,272,332,245,206,243,212,237,222,233,236,233,253,234,289,233,304,231,317,231,325,234,329,240,272,253,273,261,274,267,275,274,275,280,276,288,276,294,276,298,275,300,275,302,217,259,225,255,237,254,248,258,239,260,228,262,291,257,300,252,311,252,318,256,310,259,299,259,247,328,258,322,266,320,274,322,282,320,288,322,296,327,290,341,283,346,273,347,264,346,256,342,251,328,262,328,273,329,284,328,293,328,280,333,274,334,267,333,130.16,20.51,57.63,12.14,106.51,14.43,81.76,34.04
13,2026-02-11T16:59:45.652464,194,248,195,275,196,288,203,319,210,332,218,342,236,358,258,368,273,368,287,366,304,354,317,337,321,327,326,314,330,285,331,272,332,245,206,243,212,237,222,233,236,232,254,234,289,233,304,231,317,231,325,234,329,240,272,252,273,261,274,267,275,273,276,280,277,288,277,294,276,298,276,300,275,302,216,259,225,255,236,254,248,258,238,260,227,262,291,257,301,252,312,252,319,256,310,259,300,259,247,328,258,321,266,319,275,320,283,319,290,321,298,327,291,341,284,346,275,347,264,346,256,342,251,328,262,328,274,329,285,328,294,328,281,333,275,334,268,333,127.02,21.81,58.73,12.41,107.22,14.77,83.4,33.85
14,2026-02-11T16:59:45.683945,194,248,195,275,196,288,204,319,211,332,218,342,237,358,259,368,274,368,288,366,305,354,317,337,322,327,326,314,330,285,331,272,332,245,206,243,212,237,223,233,237,233,254,234,289,233,305,231,317,231,325,234,329,240,273,253,274,261,275,267,276,274,277,280,278,288,277,294,277,298,277,300,276,302,217,259,225,255,237,254,248,258,239,260,227,262,292,257,301,252,312,252,319,256,310,259,300,259,248,328,259,321,267,318,276,320,284,318,291,320,299,327,292,341,285,346,276,347,266,346,257,342,251,328,263,328,276,328,286,328,295,328,282,333,276,333,269,333,127.64,21.33,58.79,10.18,108.44,14.05,83.91,35.48
15,2026-02-11T16:59:45.723136,195,248,195,275,197,288,204,319,211,332,219,342,238,358,260,368,275,368,288,366,305,354,318,337,322,327,326,314,330,285,331,271,332,244,207,243,213,237,224,233,238,233,255,234,290,233,305,232,317,231,325,234,329,240,274,253,275,261,275,268,276,274,277,281,278,289,278,295,278,298,277,300,277,302,220,259,227,255,238,254,249,259,240,260,229,262,292,257,302,252,312,252,319,256,310,259,300,259,249,328,260,321,268,319,277,320,284,319,291,320,299,327,292,341,285,345,276,346,267,345,258,341,252,328,264,328,276,328,286,328,296,328,282,332,276,332,269,332,120.99,23.14,58.59,9.31,108.46,13.78,86.37,35.97
16,2026-02-11T16:59:45.784694,196,248,196,275,197,289,205,319,212,332,220,342,238,358,260,367,275,368,289,366,305,353,318,337,322,327,326,314,330,285,331,271,332,245,208,243,214,237,225,233,239,233,256,234,291,234,306,232,318,231,326,234,330,240,275,253,276,261,276,268,277,274,278,281,279,289,279,295,278,298,278,300,277,302,221,259,229,255,239,254,250,259,241,261,230,262,293,257,302,252,313,252,319,256,311,259,301,259,250,328,261,321,269,319,277,320,285,319,291,320,299,327,292,340,286,344,277,345,267,345,259,341,253,328,265,328,277,328,287,328,296,327,283,331,277,332,270,331,123.33,22.39,58.78,9.93,107.62,13.25,87.01,36.81
17,2026-02-11T16:59:45.845730,196,248,196,275,197,288,205,319,212,332,220,342,238,358,260,367,275,368,289,366,305,353,318,337,322,327,326,314,331,285,331,271,333,245,208,243,214,237,225,233,240,233,257,234,292,234,308,232,320,231,328,234,331,240,276,253,277,261,277,268,278,274,279,281,280,289,280,295,279,298,279,300,278,302,221,259,229,255,240,254,251,259,242,261,231,262,293,257,303,252,313,252,320,256,312,259,302,259,250,328,261,321,269,319,278,320,285,319,292,320,300,327,293,340,286,344,277,346,267,345,259,341,253,328,265,328,277,328,287,328,297,327,283,331,277,332,270,331,127.35,21.44,59.12,9.74,108.67,13.5,88.25,37.54
18,2026-02-11T16:59:45.873901,196,248,196,275,197,289,205,319,212,332,220,342,239,358,261,368,275,368,289,366,305,353,318,337,322,327,326,314,330,285,331,271,333,245,208,243,215,237,225,233,240,233,257,234,292,234,307,232,319,231,327,234,331,240,276,253,277,261,278,268,279,274,280,281,280,289,280,295,280,298,279,300,278,302,221,259,229,255,240,254,251,259,242,261,231,262,294,257,303,252,313,252,320,256,312,259,302,259,251,328,261,321,270,318,278,320,286,318,293,320,300,327,294,341,287,345,278,347,268,346,260,342,254,328,266,327,278,328,288,327,297,327,284,333,278,334,271,333,129.89,20.02,58.47,9.81,105.52,13.68,83.67,33.16
19,2026-02-11T16:59:45.909958,196,249,196,276,197,289,205,319,212,332,220,342,238,358,260,368,275,369,289,366,305,354,318,338,322,328,326,315,330,286,331,272,333,246,208,243,215,237,226,233,240,233,257,234,292,234,307,232,319,231,327,235,331,240,276,253,277,261,278,267,279,273,279,280,280,288,280,294,280,298,279,300,278,301,221,259,229,255,240,254,251,259,242,261,231,262,294,257,303,252,314,253,320,256,312,259,302,259,250,328,261,320,269,318,278,320,286,318,293,320,300,327,294,342,287,347,277,348,268,347,260,343,253,328,266,327,277,327,288,326,297,327,284,336,277,337,271,336,130.05,20.85,58.92,10.15,104.58,13.52,83.82,33.5
20,2026-02-11T16:59:45.945343,196,249,196,276,197,289,205,319,212,332,220,343,238,358,260,368,275,369,289,367,305,354,317,338,322,328,326,316,330,286,331,273,333,246,209,243,215,237,226,233,240,233,257,234,292,234,307,232,319,232,327,235,331,241,276,253,277,260,277,267,278,273,279,280,280,288,280,294,280,297,279,299,278,301,221,259,229,255,240,255,251,259,242,260,231,262,294,257,303,253,313,253,320,257,312,259,302,259,249,328,261,320,269,318,278,319,286,318,293,320,300,327,294,343,287,348,277,350,267,348,259,344,252,328,265,326,277,326,288,325,298,327,284,337,277,338,270,337,129.12,21.94,58.65,10.11,105.7,14.28,85.4,35.46
21,2026-02-11T16:59:45.999901,196,249,196,276,197,289,205,320,212,333,220,343,238,359,260,369,275,370,289,368,305,355,317,339,322,329,326,316,330,287,331,273,333,247,209,244,215,237,226,233,240,233,257,234,292,234,307,232,319,232,327,235,331,241,276,253,276,260,277,267,278,273,279,279,280,287,280,293,279,297,279,299,278,301,221,259,229,256,240,255,251,259,241,260,231,262,294,257,303,253,313,254,320,257,312,259,302,259,249,328,261,319,269,317,278,318,286,317,293,319,300,326,294,344,287,348,277,350,267,349,259,345,252,328,265,325,277,325,288,324,297,327,284,338,277,339,270,338,129.91,21.19,59.86,11.1,106.94,14.65,87.81,36.37
22,2026-02-11T16:59:46.028838,196,249,196,276,197,290,205,320,212,333,220,343,238,359,260,369,275,370,289,368,305,355,317,339,322,329,326,316,330,287,331,274,332,247,209,244,215,237,226,233,240,233,257,234,292,234,307,232,319,232,327,235,331,241,275,253,276,260,277,267,278,273,279,279,280,287,280,293,279,297,279,299,278,300,221,259,229,256,240,255,250,259,241,260,231,262,294,257,303,253,313,254,320,257,312,259,302,259,249,328,261,319,269,317,278,318,286,317,293,319,300,326,294,344,287,349,277,350,267,349,259,345,252,328,265,325,277,325,288,324,297,327,284,337,277,338,270,337,131.97,20.64,59.64,11.28,108.51,14.68,87.96,36.4
23,2026-02-11T16:59:46.065228,196,249,196,276,197,290,205,320,212,333,220,343,238,359,260,369,275,370,289,367,305,355,317,339,321,329,326,316,330,287,331,274,332,247,208,244,214,237,225,233,240,233,257,234,291,234,307,232,319,232,327,235,330,241,275,253,276,260,277,267,278,273,279,279,280,287,280,293,279,297,279,299,278,301,219,259,227,256,238,256,250,259,240,260,229,262,293,258,303,253,313,254,320,257,312,259,302,259,248,327,260,319,269,317,278,318,286,317,293,319,300,326,294,343,287,347,277,349,267,348,258,344,251,328,264,325,277,325,288,324,297,327,284,336,277,337,270,336,133.73,20.09,60.02,10.52,111.54,15.06,90.45,37.52
24,2026-02-11T16:59:46.097090,196,250,196,277,197,290,205,320,212,333,219,343,238,359,260,368,275,369,289,367,305,355,317,338,321,329,326,316,330,287,331,274,332,247,208,244,214,238,225,234,239,233,256,234,291,234,306,232,318,232,326,236,330,241,275,253,276,260,276,267,277,273,278,279,279,287,279,293,279,297,278,299,277,301,219,259,227,256,238,256,249,259,240,261,229,262,293,258,303,253,313,254,320,257,312,260,302,259,248,327,260,319,268,317,277,318,285,317,292,319,300,326,293,341,286,345,276,347,266,346,258,342,251,327,264,325,276,325,287,325,297,326,283,334,276,335,269,334,131.1,20.86,59.77,10.38,111.54,15.08,88.9,37.34
25,2026-02-11T16:59:46.127470,195,250,195,276,196,290,204,320,211,333,219,342,238,358,260,367,275,368,288,366,305,354,317,338,322,328,326,316,330,286,331,273,332,246,207,244,214,238,225,234,239,233,256,235,291,234,306,232,318,232,326,236,330,241,274,253,275,261,276,267,277,273,278,280,278,288,278,294,278,298,277,300,277,301,219,260,227,256,238,256,249,259,240,261,229,262,293,258,302,253,313,254,320,257,311,260,301,259,247,326,259,320,268,318,277,319,285,318,291,319,300,325,292,338,285,342,276,344,266,343,258,339,250,327,263,325,276,326,287,325,297,326,282,331,276,331,269,331,132.45,20.66,59.16,10.16,110.65,15.21,88.01,37.2
26,2026-02-11T16:59:46.156625,195,250,194,276,195,290,203,320,210,332,218,342,238,357,260,367,274,367,288,365,304,353,317,337,321,328,326,315,330,286,330,273,332,246,207,245,214,238,224,235,239,234,256,235,290,234,306,233,318,233,326,236,330,241,274,253,275,261,276,268,276,274,277,281,278,289,278,295,277,298,277,300,276,301,219,260,227,256,238,256,249,259,240,261,229,262,292,258,302,253,312,254,319,257,311,260,301,260,247,326,259,320,267,318,276,320,283,318,290,320,299,325,291,338,284,341,275,343,266,342,258,338,250,326,262,325,275,326,286,325,296,326,281,330,275,331,268,330,130.39,21.56,58.82,10.46,109.57,14.3,84.86,35.62
27,2026-02-11T16:59:46.186835,194,250,194,277,195,290,203,320,210,332,218,342,237,357,259,367,274,367,287,365,304,353,317,338,321,328,325,316,330,287,330,274,331,247,206,245,213,239,224,235,238,234,255,236,290,235,306,233,318,233,326,236,329,242,273,254,274,261,275,268,276,274,277,281,277,289,277,295,277,298,276,300,276,302,219,260,227,257,238,256,249,259,240,261,229,263,292,258,302,254,312,254,319,258,311,261,300,260,246,326,258,320,266,318,275,320,283,318,290,320,299,325,291,338,284,341,275,343,265,342,257,339,249,327,262,326,275,326,286,325,296,326,281,330,275,331,267,330,130.58,20.71,58.85,11.91,108.77,13.88,83.03,35.31
28,2026-02-11T16:59:46.215542,194,250,194,277,195,290,203,320,210,332,218,342,237,357,258,367,273,368,287,366,304,354,316,338,321,328,325,316,330,287,330,274,331,247,206,245,213,239,223,235,238,235,255,236,290,235,305,233,317,233,325,236,329,242,273,254,274,262,274,268,275,274,276,281,277,289,277,295,276,299,276,300,275,302,219,260,226,257,237,256,248,260,239,262,228,263,291,259,301,254,311,254,318,258,310,261,300,261,246,327,257,320,266,318,275,320,283,318,290,320,298,327,291,341,284,345,274,347,264,345,256,342,249,327,261,326,274,326,285,325,295,327,281,335,274,335,267,334,130.16,21.92,58.32,12.22,108.59,13.67,82.3,35.05
29,2026-02-11T16:59:46.247399,194,250,193,277,194,290,202,320,209,333,217,343,236,358,257,369,272,370,286,367,303,355,316,338,320,329,325,316,329,287,330,274,331,247,206,245,212,239,223,235,237,235,254,236,289,235,305,233,317,233,325,236,329,242,273,254,273,262,274,268,275,275,275,281,276,289,276,295,276,299,275,301,275,302,219,260,227,257,237,256,248,260,239,262,228,263,291,259,301,254,311,255,318,258,310,261,300,261,245,328,257,321,265,319,274,320,283,319,289,320,298,327,290,343,283,347,274,349,264,348,255,344,248,328,261,326,274,326,285,326,295,328,280,337,274,338,266,337,132.12,21.39,59.71,12.32,110.14,13.94,86.34,38.42
30,2026-02-11T16:59:46.278939,193,250,193,277,194,290,202,320,209,333,217,343,235,359,257,369,272,370,286,368,303,355,315,339,320,329,324,316,329,287,330,274,331,247,205,246,212,239,222,235,237,235,254,236,289,235,305,234,317,233,325,237,329,242,272,254,273,262,274,269,274,275,275,282,275,290,275,296,275,299,274,301,274,303,219,260,227,257,237,256,248,260,239,262,229,263,291,259,301,254,311,255,317,258,309,261,299,261,245,329,257,321,265,319,274,320,282,319,289,320,297,328,290,344,283,348,274,350,263,349,255,345,249,330,261,326,273,326,285,326,294,329,280,338,273,338,266,338,129.47,21.75,60.0,12.65,108.92,13.48,86.09,38.39
31,2026-02-11T16:59:46.311772,193,250,193,277,194,291,202,321,209,334,217,344,236,359,257,369,272,370,286,368,303,355,315,339,320,329,324,316,329,287,330,274,331,247,205,246,211,240,221,236,236,235,253,236,289,236,304,234,317,233,325,237,329,242,272,254,273,262,273,269,274,275,275,282,275,290,275,296,275,299,274,301,274,303,219,261,227,257,237,256,248,260,239,262,229,263,291,259,301,254,311,255,317,258,309,261,299,261,246,329,257,321,265,319,274,320,282,319,289,321,297,329,290,344,283,348,274,349,264,348,255,344,249,329,261,326,273,326,284,326,294,329,280,337,274,338,266,337,131.83,21.87,60.14,12.76,110.45,14.34,85.76,38.73
32,2026-02-11T16:59:46.340782,192,251,192,278,194,291,201,322,209,334,217,344,235,359,257,369,272,370,286,368,303,355,315,339,320,329,324,316,329,287,330,274,331,247,204,246,210,240,221,236,235,235,253,236,288,236,304,234,316,233,325,237,329,242,272,254,273,262,273,269,274,275,274,282,275,290,275,296,275,299,274,301,274,303,219,261,226,257,237,256,248,260,239,263,228,263,290,259,300,254,310,255,316,258,309,261,299,261,246,329,257,321,265,319,274,320,282,319,288,321,297,329,290,343,283,348,274,349,264,348,255,344,249,329,261,326,273,326,284,326,293,329,280,337,274,338,266,337,131.94,21.85,60.16,12.59,110.89,14.1,86.09,38.61
33,2026-02-11T16:59:46.372146,192,251,192,278,194,292,201,322,209,335,217,344,235,360,257,369,272,370,286,368,303,355,315,339,320,329,324,316,329,287,330,274,331,247,204,246,210,240,220,236,235,235,252,237,288,236,304,234,316,234,324,237,328,242,271,254,272,262,273,269,274,275,274,282,275,290,275,296,275,299,274,301,274,303,219,261,226,257,237,256,248,260,239,263,228,264,290,259,300,254,310,255,316,258,309,261,299,261,246,329,257,321,265,319,274,320,282,319,288,321,296,329,290,343,283,348,274,349,264,348,255,344,249,329,261,326,273,326,284,326,293,329,280,337,274,338,266,337,132.22,21.61,60.09,12.64,111.01,14.21,83.05,36.74
34,2026-02-11T16:59:46.407889,192,251,192,279,194,292,201,322,209,335,217,345,235,360,257,370,272,371,286,368,303,356,315,339,320,329,324,317,329,287,329,274,331,247,204,246,210,240,220,236,235,235,252,237,288,236,303,234,316,233,324,237,328,242,271,254,272,262,273,269,274,275,274,282,275,290,275,296,275,299,274,301,274,303,219,261,226,257,237,256,248,261,238,263,228,264,290,259,300,254,310,255,316,258,308,261,298,261,246,329,257,321,265,319,274,320,282,319,288,321,296,329,290,344,283,348,274,350,264,349,255,345,250,330,261,326,273,326,284,326,293,329,280,337,274,338,266,337,133.21,21.11,60.02,12.79,108.77,14.42,81.45,34.98
35,2026-02-11T16:59:46.435384,192,252,192,279,194,292,202,322,209,335,217,345,235,360,257,370,272,371,286,368,303,356,315,339,320,330,324,317,329,287,329,274,330,247,203,246,209,240,220,236,235,235,252,237,288,236,303,234,315,234,324,237,328,242,271,255,272,262,273,269,273,275,274,282,275,290,275,296,275,299,274,301,274,303,218,261,225,257,236,256,247,261,238,263,228,264,290,260,300,255,310,255,316,258,308,261,298,261,246,330,257,322,265,320,274,321,282,319,288,321,296,329,290,345,283,350,274,352,264,350,255,346,250,331,261,327,274,327,284,326,293,330,280,339,274,340,266,339,130.39,22.3,58.17,12.1,107.44,14.71,80.13,32.85
36,2026-02-11T16:59:46.466616,192,252,192,279,194,292,202,322,209,335,217,345,235,361,257,371,272,372,286,369,303,356,315,340,320,330,324,317,329,287,329,274,330,247,203,246,209,240,220,236,235,236,252,237,287,236,303,234,315,234,324,237,328,242,271,255,272,263,273,269,273,275,274,282,275,290,275,296,274,300,274,302,274,303,218,261,225,257,236,257,247,261,238,263,227,264,290,260,299,255,310,255,316,259,308,261,298,261,246,331,257,323,265,320,274,321,282,320,288,322,296,329,291,346,283,351,274,353,264,351,256,347,250,331,261,327,274,327,284,327,293,330,280,340,274,341,267,340,129.84,21.96,57.59,12.12,106.97,14.76,79.58,33.8
37,2026-02-11T16:59:46.496531,192,252,192,279,194,292,202,322,209,336,217,345,235,361,257,371,272,372,286,370,303,357,315,340,320,330,324,317,329,288,329,274,330,247,203,246,209,240,220,236,235,236,252,237,287,236,303,234,315,234,324,237,328,243,271,255,272,263,272,270,273,276,274,282,275,290,275,297,274,300,274,302,274,304,218,261,225,257,236,257,247,261,238,263,227,264,290,260,299,255,310,255,316,259,308,261,298,261,246,331,257,323,265,321,274,322,282,320,288,322,296,330,291,347,283,351,274,353,264,352,256,348,250,332,261,328,274,328,284,327,293,330,280,341,274,341,267,341,130.64,22.2,57.72,12.12,107.92,14.76,82.67,36.22
38,2026-02-11T16:59:46.528194,192,252,192,279,193,292,201,322,209,336,216,346,235,362,257,372,272,373,286,371,303,358,315,341,319,331,324,317,329,288,329,274,330,247,203,246,209,240,220,236,235,236,252,238,287,237,303,235,315,234,324,237,328,243,271,255,272,263,272,270,273,276,274,283,275,291,275,297,274,300,274,302,273,304,218,261,225,257,236,257,247,261,238,263,227,264,290,260,299,255,310,255,316,259,308,262,298,261,246,332,257,323,265,321,274,322,282,320,288,322,296,330,291,347,283,351,274,353,264,352,256,348,250,332,261,328,273,328,284,327,293,331,280,340,274,341,267,340,131.06,22.06,57.98,12.08,108.24,14.57,82.81,36.45
39,2026-02-11T16:59:46.565342,191,252,192,279,193,292,201,323,208,336,216,346,234,362,256,372,272,373,286,371,303,358,315,341,319,331,324,318,329,288,329,274,330,247,203,247,209,240,220,236,235,236,252,238,288,237,303,235,315,234,324,237,328,243,271,255,272,263,272,270,273,276,274,283,275,291,275,297,274,300,274,302,273,304,218,261,225,257,236,257,247,261,238,263,227,264,290,260,300,255,310,255,316,259,308,262,298,261,246,332,257,323,265,321,274,322,282,321,288,322,296,330,290,346,283,351,274,353,263,351,255,347,250,332,261,328,273,328,284,328,293,331,280,340,274,341,266,340,131.06,21.91,58.1,12.32,108.44,14.68,83.36,35.94
40,2026-02-11T16:59:46.625456,192,252,192,279,193,292,201,323,208,337,216,347,234,362,256,372,272,373,286,371,302,358,315,341,319,331,324,318,329,288,329,274,331,247,203,247,209,240,220,237,235,236,252,238,287,237,303,235,315,234,324,237,328,243,271,255,272,263,272,270,273,276,274,283,275,291,275,297,274,301,274,303,273,304,218,261,225,257,236,256,247,261,238,263,227,264,290,260,299,255,310,255,316,259,308,261,298,261,246,332,257,324,265,321,274,322,282,321,288,323,296,330,290,346,283,351,274,352,264,351,255,347,249,332,261,328,273,328,284,328,293,330,280,340,274,340,266,340,131.53,21.56,58.12,12.43,109.22,14.97,83.12,36.99
41,2026-02-11T16:59:46.653679,192,252,192,279,193,292,201,323,208,337,216,347,234,362,256,372,272,373,286,371,302,358,315,341,319,331,324,318,329,288,329,274,330,247,203,247,209,241,220,237,234,236,252,238,287,237,303,235,315,234,324,237,328,243,271,256,272,263,272,270,273,276,274,283,275,291,275,297,274,301,274,303,273,304,218,261,225,257,236,257,247,261,238,263,227,264,289,260,299,255,309,255,316,259,308,262,298,261,246,332,257,324,265,322,274,323,282,321,288,323,296,330,290,346,283,350,274,352,264,351,255,347,249,332,261,329,273,328,284,328,293,330,280,340,274,340,266,340,131.8,21.58,58.87,12.29,109.32,14.66,83.94,37.43
42,2026-02-11T16:59:46.685863,192,252,192,279,193,292,201,323,208,337,216,347,234,362,256,372,272,373,285,370,302,358,315,341,319,331,324,318,329,288,329,275,331,248,203,247,209,241,220,237,235,237,252,238,287,238,303,235,315,235,324,238,328,243,271,256,272,264,272,270,273,277,274,284,274,292,274,298,274,301,274,303,273,305,218,261,225,257,236,257,247,261,238,263,227,264,289,261,299,255,310,255,316,259,308,262,298,262,246,332,257,324,265,322,274,323,282,321,288,323,296,330,290,346,283,350,274,352,264,351,255,347,249,332,261,329,273,329,284,328,293,331,280,340,273,340,266,340,131.19,21.84,57.6,12.21,106.62,14.82,80.63,34.03
43,2026-02-11T16:59:46.714730,192,252,192,279,193,292,201,323,208,336,216,346,234,362,256,372,272,372,285,370,302,358,315,341,319,331,324,318,329,288,329,274,330,248,203,247,209,241,220,237,234,237,252,238,287,238,303,235,315,235,323,238,327,243,271,256,271,264,272,271,273,277,274,284,274,292,274,298,274,302,273,304,273,305,218,261,225,258,236,257,247,261,238,263,227,264,289,261,299,255,309,255,315,259,307,262,297,262,245,332,256,324,264,322,273,323,281,321,288,323,296,330,289,346,282,350,273,351,263,351,255,347,248,332,260,329,273,329,284,328,293,331,279,339,273,340,265,339,132.13,22.47,57.95,14.82,104.38,14.02,79.86,33.65
44,2026-02-11T16:59:46.750468,192,251,192,278,193,292,201,323,208,336,216,346,234,361,256,371,271,372,285,370,302,358,315,341,319,331,324,318,328,288,329,274,330,248,203,247,209,241,220,237,234,237,252,239,287,238,303,236,315,235,323,238,327,243,270,256,271,264,272,271,273,277,273,284,274,292,274,299,274,302,273,304,273,305,218,261,225,258,236,257,247,261,238,263,227,264,288,261,299,255,309,255,315,259,307,262,297,262,243,331,255,324,264,322,273,323,281,321,288,323,296,330,289,345,282,349,272,350,262,350,254,346,247,332,259,329,272,329,284,328,293,330,279,338,272,339,265,338,130.96,22.59,57.68,14.81,104.3,14.05,78.98,33.89
45,2026-02-11T16:59:46.776635,192,251,192,278,193,291,201,322,208,336,216,346,234,361,256,371,271,372,285,369,302,357,315,341,319,331,324,318,328,288,329,274,330,247,203,247,209,241,220,237,234,237,252,239,287,238,303,236,315,235,324,238,327,243,270,256,271,264,272,271,273,277,273,284,274,293,274,299,273,302,273,304,272,305,218,261,225,258,236,257,247,262,238,263,228,264,288,261,299,255,309,255,315,259,307,262,297,262,243,331,255,324,264,322,272,323,281,321,288,323,296,330,289,344,282,348,272,350,262,349,254,345,246,332,259,329,272,329,283,328,293,330,279,337,272,337,265,337,130.81,22.37,57.67,14.59,104.37,14.27,79.32,34.29
46,2026-02-11T16:59:46.813174,192,250,192,277,193,291,201,322,207,335,215,345,234,360,256,370,271,371,285,369,302,357,315,341,320,331,324,317,329,287,329,274,330,247,203,247,209,241,220,237,234,237,252,239,287,238,303,236,315,235,324,238,327,243,270,256,271,264,272,271,272,278,273,285,274,293,273,299,273,302,273,304,272,306,219,261,225,257,236,257,247,262,238,263,228,264,288,261,299,255,309,255,315,259,307,262,297,262,243,331,255,324,263,322,272,323,280,321,287,323,296,330,289,344,281,348,272,349,262,348,254,345,247,331,259,329,272,329,283,328,293,330,279,336,272,337,265,336,127.6,23.13,57.57,13.9,105.71,14.51,79.94,34.76
47,2026-02-11T16:59:46.840307,192,250,192,277,193,291,201,322,207,335,215,345,234,360,256,370,271,371,284,369,302,357,315,340,320,331,324,317,329,287,329,274,330,247,203,247,209,241,220,237,234,237,252,239,287,238,303,236,315,235,324,238,327,243,270,256,271,264,272,271,272,278,273,285,274,293,274,299,273,303,273,304,272,306,219,261,225,257,236,257,247,262,238,263,228,264,288,261,299,255,309,255,315,259,307,262,297,262,243,331,255,324,263,322,272,323,280,321,287,323,296,330,289,344,281,348,272,349,262,348,254,345,247,331,259,329,272,329,283,328,293,330,278,336,272,337,265,336,127.7,23.31,57.63,14.09,106.02,14.43,81.13,35.89
48,2026-02-11T16:59:46.869596,192,250,192,277,193,291,201,322,207,335,215,345,234,360,256,370,271,370,284,368,302,357,315,340,320,330,324,317,329,287,329,274,330,247,203,247,209,241,220,237,234,237,252,239,287,238,303,236,315,235,324,238,327,243,270,257,271,265,272,272,272,278,273,285,274,293,274,299,273,303,273,304,272,306,219,261,225,257,236,257,248,262,238,263,228,264,288,261,299,255,309,255,315,259,307,262,297,262,244,331,255,324,264,322,272,323,280,321,287,323,296,330,289,344,281,347,272,349,262,348,254,344,247,331,259,329,272,329,283,328,293,330,278,336,272,336,265,336,127.7,23.31,57.57,14.09,105.84,14.17,81.03,35.39
49,2026-02-11T16:59:46.909171,192,251,192,277,193,291,201,322,207,335,215,345,234,360,256,370,271,370,284,368,302,356,315,340,320,330,324,317,329,287,329,274,330,247,203,247,209,241,220,237,234,237,252,239,287,238,303,236,315,235,324,238,327,243,270,257,271,265,272,272,273,278,273,285,274,293,274,299,273,303,273,304,272,306,219,261,226,257,236,257,248,262,239,263,228,264,288,261,299,255,309,255,315,259,307,262,297,262,244,331,255,324,264,322,272,323,280,321,287,323,296,330,289,343,281,347,272,348,262,348,254,344,247,331,259,329,272,329,283,328,293,330,278,335,272,336,265,335,131.04,22.17,58.4,14.35,106.71,14.38,81.65,35.96
50,2026-02-11T16:59:46.936656,192,251,192,277,193,291,201,322,207,335,215,345,234,360,256,370,271,370,284,368,302,356,315,340,320,330,324,317,329,287,329,274,331,247,203,247,209,241,220,237,234,237,252,239,287,238,303,236,315,235,324,238,328,243,271,257,271,265,272,272,273,278,273,285,274,293,274,299,273,303,273,304,272,306,219,262,226,258,236,257,248,262,239,264,228,264,289,261,299,255,309,255,315,259,308,262,297,262,244,331,255,324,264,322,272,323,280,321,287,323,296,330,288,343,281,346,272,348,262,347,254,344,247,331,259,329,272,329,283,329,293,330,278,335,272,336,265,335,130.96,22.31,59.12,15.73,105.49,14.35,80.57,34.68
51,2026-02-11T16:59:46.964923,192,251,192,277,193,291,201,322,207,335,215,345,234,360,256,370,271,370,284,368,302,356,315,340,320,330,325,317,329,287,329,274,331,247,203,247,209,241,220,237,234,237,252,239,287,238,303,236,315,235,324,238,328,243,271,257,271,265,272,272,273,278,273,285,274,293,274,299,273,303,273,304,272,306,219,262,226,258,236,257,248,262,239,264,228,264,289,261,299,255,309,255,315,259,308,262,297,262,244,331,255,324,264,322,272,323,280,322,287,323,296,330,288,343,281,346,272,348,262,347,254,344,247,331,259,329,272,330,283,329,293,330,278,335,272,336,265,335,130.96,22.31,58.97,15.74,104.06,14.43,77.63,31.54
52,2026-02-11T16:59:47.000788,192,251,192,277,194,291,201,322,207,335,215,345,234,360,256,370,271,370,284,368,302,356,315,340,320,330,325,317,329,287,329,274,331,247,203,247,209,241,220,237,234,237,252,239,287,238,303,236,315,235,324,238,328,243,271,257,271,265,272,272,273,278,273,285,274,293,274,299,273,303,273,305,272,306,219,262,226,258,236,257,248,262,239,264,228,264,289,261,299,255,309,255,315,259,308,262,298,262,244,331,255,324,264,322,272,323,280,322,287,323,296,330,288,343,281,347,272,348,262,347,254,344,247,331,259,329,272,330,283,329,292,331,278,335,272,336,265,335,130.96,22.31,59.01,15.85,104.36,14.34,78.78,32.98
53,2026-02-11T16:59:47.027626,193,251,192,277,194,291,201,322,208,335,215,345,234,360,256,370,271,370,284,368,302,356,315,340,320,330,325,317,329,287,329,274,331,247,203,247,209,241,220,237,234,237,252,239,287,238,303,236,315,235,324,238,328,243,271,257,271,265,272,272,273,278,273,285,274,293,274,299,273,303,273,305,272,306,219,262,226,257,236,257,248,262,238,264,228,264,289,261,299,255,309,255,315,259,308,262,298,262,245,331,255,324,264,322,272,323,280,322,287,323,295,330,288,343,281,347,272,348,262,347,254,344,248,331,259,330,272,330,283,329,292,331,278,335,272,335,265,335,131.19,22.48,58.16,13.82,104.68,14.16,80.62,34.69
54,2026-02-11T16:59:47.058575,193,251,192,278,194,291,201,322,208,335,215,345,234,360,256,370,271,370,284,368,301,356,315,340,320,331,324,318,329,288,329,274,330,247,203,247,209,241,220,237,235,237,252,239,287,238,303,236,315,235,324,238,328,243,271,257,271,265,272,272,273,278,273,285,274,293,274,299,273,303,273,305,272,306,219,262,226,258,236,257,248,262,239,264,228,264,289,261,299,255,309,256,315,259,308,263,298,262,245,331,255,324,264,322,272,323,280,322,287,323,295,330,288,343,281,347,272,348,262,347,254,344,248,331,259,330,272,330,283,330,292,331,278,335,272,335,265,335,131.32,22.41,58.81,15.55,105.82,14.25,80.89,34.46
55,2026-02-11T16:59:47.094049,193,251,192,277,194,291,201,322,208,335,215,345,234,360,256,370,271,370,284,368,301,356,315,340,320,331,325,318,329,288,329,274,331,247,203,247,209,241,220,237,235,238,252,239,287,238,303,236,315,235,324,238,328,243,271,257,271,265,272,272,273,278,273,285,274,293,274,300,273,303,273,305,272,306,219,262,226,258,236,257,248,262,239,264,228,265,288,261,299,255,309,256,315,259,307,263,297,262,245,331,255,324,264,322,272,323,280,322,287,323,295,330,288,343,281,346,272,348,262,347,254,344,248,331,259,330,272,330,283,329,292,330,278,334,272,335,265,335,131.61,21.9,60.11,15.99,106.94,14.39,81.83,36.13
56,2026-02-11T16:59:47.121319,193,250,192,277,194,291,201,322,207,335,215,345,234,360,256,370,271,370,284,368,301,356,315,340,320,331,325,318,329,288,329,274,331,247,204,247,209,241,220,237,235,238,252,239,287,238,303,236,315,235,324,238,328,243,271,257,271,265,272,272,272,278,273,285,274,294,273,300,273,303,273,305,272,306,219,262,226,257,237,257,248,262,239,264,228,265,288,261,299,255,309,256,315,259,307,263,297,262,245,331,255,324,264,322,272,323,280,322,287,323,295,330,288,342,281,346,272,347,262,347,254,344,248,331,259,330,272,330,283,330,292,330,278,334,272,335,265,334,128.11,22.6,59.05,14.51,106.67,14.49,81.42,36.32
57,2026-02-11T16:59:47.154086,193,250,192,277,194,291,201,322,207,335,215,345,234,360,256,370,271,370,284,368,301,356,315,340,320,330,325,318,329,288,329,274,331,247,204,247,210,241,220,237,235,238,252,239,287,238,303,236,315,235,324,238,328,243,271,257,271,265,272,272,272,278,273,285,273,294,273,300,273,303,273,305,272,306,219,262,226,257,237,257,248,262,239,264,228,265,288,261,299,255,309,256,315,259,307,263,297,262,245,331,256,324,264,322,272,324,280,322,286,324,295,330,288,342,281,346,272,347,262,346,255,343,248,331,260,330,272,330,282,330,292,330,278,334,272,335,265,334,128.39,22.76,58.97,14.69,107.26,14.52,81.5,36.5
58,2026-02-11T16:59:47.183532,193,250,192,277,194,291,201,322,208,335,215,345,235,360,256,369,271,370,284,368,301,356,315,340,320,330,325,317,329,287,329,274,331,247,204,247,210,241,220,237,235,238,252,239,287,238,303,236,315,235,323,238,327,243,270,257,271,265,272,272,272,278,273,285,273,294,273,300,273,303,273,305,272,306,219,262,226,257,237,257,248,262,239,264,228,265,288,261,298,255,309,256,315,259,307,263,297,262,245,331,256,325,264,322,272,324,279,322,286,324,295,330,287,342,280,345,272,347,262,346,255,343,248,331,259,330,272,331,282,330,292,330,278,334,272,334,265,334,127.99,22.53,58.99,14.68,106.75,14.68,80.96,35.86
59,2026-02-11T16:59:47.216609,193,251,192,278,194,291,201,322,208,335,216,345,235,360,256,369,271,370,284,368,301,356,315,340,320,330,325,317,329,287,329,274,330,247,204,247,210,241,220,237,234,238,252,240,287,239,302,236,315,235,323,238,327,243,270,257,271,265,272,272,272,278,273,285,273,294,273,300,273,303,273,305,272,306,219,262,226,257,237,257,248,262,239,264,228,265,288,261,298,255,308,256,314,259,307,263,296,262,246,331,256,325,264,323,272,324,279,322,286,324,294,330,287,342,280,345,272,347,263,346,255,343,249,331,260,331,272,331,282,330,292,330,278,333,272,334,265,334,128.15,22.45,58.4,14.86,103.29,14.42,77.38,33.12
60,2026-02-11T16:59:47.245967,193,251,192,278,194,291,201,322,208,335,216,345,235,360,256,369,271,370,284,368,301,356,315,340,320,330,325,317,329,287,329,274,330,247,204,247,210,241,220,238,234,238,251,240,287,239,302,236,315,235,323,238,327,243,270,257,271,265,271,272,272,278,273,285,273,294,273,300,273,303,272,305,272,306,219,262,226,258,237,257,248,262,239,264,228,265,288,261,298,255,308,256,314,259,307,263,296,263,246,331,256,325,264,323,272,324,279,322,286,324,294,330,287,341,280,345,272,346,263,346,255,343,249,331,260,331,272,331,282,330,292,330,277,333,272,334,265,333,128.43,22.11,59.02,16.19,103.05,14.28,76.4,33.85
61,2026-02-11T16:59:47.277078,193,251,192,278,194,291,201,322,208,335,216,345,235,360,256,369,271,370,284,368,301,356,315,340,320,330,325,317,329,288,329,274,330,247,204,247,210,241,220,238,234,238,251,240,287,239,302,236,315,235,323,238,327,243,270,257,271,265,271,272,272,278,272,285,273,294,273,300,273,303,272,305,272,306,219,262,226,258,236,257,248,262,239,264,228,265,288,261,298,255,308,256,314,259,307,263,296,263,246,331,256,325,264,323,272,324,279,322,286,324,294,330,287,341,280,345,272,346,263,346,255,343,249,331,260,331,272,332,282,330,292,330,277,333,272,334,265,333,128.43,22.11,59.04,16.0,103.76,14.39,79.36,36.22
62,2026-02-11T16:59:47.311608,193,251,193,278,194,291,201,322,208,335,216,345,235,360,256,370,271,370,284,368,301,356,315,340,320,330,325,318,329,288,329,274,330,247,204,247,210,241,220,238,234,238,251,240,286,239,302,236,315,235,323,238,327,243,270,257,271,265,271,272,272,278,272,286,273,294,273,300,272,303,272,305,272,306,219,262,226,258,236,257,248,262,239,264,228,265,287,261,298,255,308,256,314,259,307,263,296,263,246,331,256,325,264,323,272,324,279,322,286,324,294,330,287,341,280,345,272,346,263,346,255,343,248,331,260,331,271,332,282,331,292,330,277,333,272,333,265,333,128.46,22.13,59.28,15.99,103.76,14.44,79.63,36.91
63,2026-02-11T16:59:47.338870,193,251,193,278,194,291,201,322,208,335,216,345,235,360,256,369,271,370,284,368,301,356,315,340,320,331,325,318,329,288,329,274,330,247,204,247,210,241,220,238,234,238,251,240,286,239,302,236,315,235,323,238,327,243,270,257,270,265,271,272,272,278,272,286,273,294,272,300,272,303,272,305,272,306,219,262,226,258,236,257,248,262,239,264,228,265,287,261,298,255,308,256,314,259,306,263,296,263,245,331,256,325,264,323,272,325,279,323,286,324,294,330,287,341,280,345,272,346,263,345,255,342,248,331,259,331,271,332,282,331,292,330,277,333,271,333,265,333,128.64,22.3,59.94,16.28,104.43,14.39,80.25,37.19
64,2026-02-11T16:59:47.375242,193,251,193,278,194,291,201,322,208,335,216,345,235,360,256,369,270,370,284,368,301,357,314,340,320,331,324,318,329,288,329,274,330,247,204,247,210,241,220,238,234,238,251,240,286,239,302,236,315,235,323,238,327,243,270,257,270,265,271,272,272,279,272,286,272,294,272,300,272,304,272,305,271,307,219,262,226,258,236,257,248,262,239,264,228,265,287,261,298,255,308,256,314,259,306,263,296,263,245,331,256,325,263,323,272,325,279,323,285,324,294,330,286,341,280,345,271,346,262,345,255,342,247,331,259,331,271,332,282,331,292,330,277,333,271,333,265,333,128.58,22.38,59.99,15.96,105.0,14.53,80.62,37.64
65,2026-02-11T16:59:47.404137,193,251,193,278,194,291,201,322,208,335,216,345,235,360,256,370,270,370,284,368,301,357,314,340,320,331,324,318,329,288,329,274,330,247,204,247,210,241,220,238,234,238,251,240,286,239,302,236,315,235,323,238,327,243,270,257,270,265,271,272,272,279,272,286,272,294,272,300,272,304,272,305,271,307,219,262,226,258,236,257,248,262,239,264,228,265,287,261,298,255,308,256,314,259,306,263,296,263,245,331,256,325,263,323,272,325,279,323,285,324,294,330,286,341,280,345,271,346,262,345,255,342,248,331,259,331,271,332,282,331,292,330,277,333,271,333,265,333,128.78,22.49,59.89,15.65,105.01,14.66,80.61,37.58
66,2026-02-11T16:59:47.437211,193,251,193,278,194,291,201,322,208,335,216,345,235,360,256,370,270,370,284,368,301,357,315,340,320,331,324,318,329,288,329,274,330,247,204,247,210,241,220,238,234,238,251,240,286,239,302,236,314,235,323,238,327,243,270,257,270,265,271,272,272,279,272,286,272,294,272,301,272,304,272,305,271,307,219,262,226,258,236,257,248,262,239,264,228,265,287,261,298,255,308,256,314,259,306,263,296,263,245,331,256,325,263,323,272,325,279,323,285,324,294,330,286,341,280,345,271,346,262,345,255,342,247,331,259,331,271,332,282,331,292,330,277,332,271,333,265,333,128.78,22.49,59.92,15.69,104.75,14.81,79.95,36.77
67,2026-02-11T16:59:47.464975,193,251,192,278,194,291,201,322,207,335,215,345,234,360,256,369,270,370,284,368,301,356,314,340,320,330,324,318,329,288,329,274,330,247,204,247,209,241,220,238,234,238,251,240,286,239,302,236,315,235,323,238,327,243,270,257,270,265,271,272,272,279,272,286,273,294,273,301,272,304,272,305,272,307,218,262,225,258,236,257,248,262,238,264,227,265,287,261,298,255,308,256,315,259,307,263,296,263,245,331,256,325,263,323,272,325,279,323,285,325,294,330,286,341,280,345,271,346,262,345,255,342,247,331,259,331,271,332,282,331,292,330,277,333,271,333,265,333,129.26,22.47,58.35,14.34,102.99,14.3,79.71,35.72
68,2026-02-11T16:59:47.500392,193,251,192,278,194,291,201,322,207,335,215,344,234,360,256,369,270,370,284,368,301,356,314,340,320,330,324,318,329,288,329,274,330,248,204,247,209,241,220,238,234,238,251,240,287,239,302,236,315,235,323,238,327,244,270,257,271,265,271,272,272,279,272,286,273,294,273,300,272,304,272,305,272,307,218,262,225,258,236,257,247,262,238,264,227,265,288,261,298,256,309,256,315,260,307,263,296,263,245,331,256,325,263,323,272,325,279,323,285,325,294,330,286,341,280,345,271,346,262,345,255,342,247,331,259,331,271,332,282,331,292,330,277,333,271,333,265,333,129.26,22.47,57.72,14.22,102.23,14.56,79.08,35.26
69,2026-02-11T16:59:47.527435,193,251,192,278,194,291,200,322,207,334,215,344,234,359,256,369,270,370,284,368,301,356,314,340,320,330,324,318,329,288,329,274,330,248,204,247,209,241,220,238,234,238,251,240,287,239,302,236,315,236,323,238,327,244,270,257,271,265,271,272,272,279,272,286,273,294,273,300,272,304,272,305,272,307,218,262,225,257,236,257,247,262,238,264,227,265,288,261,298,256,309,256,315,260,307,263,296,263,245,331,256,325,263,324,271,325,279,323,285,325,294,330,286,341,280,345,271,346,262,345,255,342,247,331,259,331,271,332,282,331,292,330,277,333,271,333,265,333,129.26,22.47,57.56,12.89,103.07,14.79,78.42,34.1
70,2026-02-11T16:59:47.558721,193,251,192,278,194,291,200,322,207,334,215,344,234,359,256,369,270,369,284,368,301,356,314,340,320,330,324,318,329,288,329,275,330,248,204,247,209,241,220,238,234,238,251,240,287,239,302,236,315,236,323,239,327,244,270,257,271,265,271,272,272,279,272,286,273,294,273,300,272,303,272,305,272,307,218,262,225,257,236,256,247,262,238,264,227,265,288,261,298,256,309,256,315,260,307,263,296,263,245,331,256,325,263,323,271,325,279,323,285,325,294,330,286,341,280,345,271,346,262,345,255,342,248,331,259,331,271,332,282,331,291,330,277,333,271,333,265,333,128.88,22.08,57.39,12.75,103.39,14.42,79.64,35.58
71,2026-02-11T16:59:47.592766,193,251,192,278,193,291,200,321,207,334,215,344,234,359,256,369,270,369,284,367,301,356,314,340,320,330,324,318,328,288,329,275,330,248,203,247,209,241,219,238,234,238,251,240,287,239,302,236,315,236,323,239,327,244,270,257,270,265,271,272,272,279,272,286,273,294,273,300,272,303,272,305,271,307,217,262,224,257,235,256,247,262,237,264,227,265,288,261,298,256,309,256,315,260,307,263,296,263,245,331,255,325,263,324,271,325,279,323,285,325,294,330,286,341,280,345,271,346,262,345,254,342,248,331,259,331,271,332,282,331,291,330,277,333,271,333,264,333,130.87,21.36,57.13,12.36,104.27,14.18,79.61,35.74
72,2026-02-11T16:59:47.622303,193,251,192,278,193,291,200,321,207,334,215,344,234,359,256,369,270,369,284,367,301,356,314,340,319,330,324,318,328,288,329,275,330,248,203,247,209,241,219,238,234,238,251,240,287,239,303,237,315,236,323,239,327,244,270,257,270,265,271,272,272,279,272,286,273,294,273,300,272,303,272,305,271,307,217,262,224,257,235,257,247,262,237,264,227,265,288,261,298,256,309,257,315,260,307,263,296,263,245,331,255,325,263,324,271,325,279,323,285,325,294,330,286,341,280,345,271,346,262,345,254,342,248,331,259,331,271,332,281,331,291,330,277,333,271,333,264,333,132.22,20.29,57.38,12.11,105.31,14.15,81.32,36.5
73,2026-02-11T16:59:47.656581,193,251,192,278,193,291,200,321,207,334,215,344,234,359,255,369,270,369,283,368,300,356,314,340,319,330,323,318,328,288,329,275,330,248,203,247,209,241,219,238,234,238,251,240,287,239,302,237,315,236,323,239,327,244,270,257,270,265,271,272,271,279,272,286,272,294,272,300,272,304,271,305,271,307,217,262,224,258,235,257,247,262,237,264,227,265,288,261,298,256,309,257,315,260,307,264,296,263,244,331,255,325,262,324,271,325,278,323,285,325,294,330,286,341,279,345,271,346,261,345,254,342,247,331,258,331,270,332,281,331,291,330,276,333,270,333,264,333,128.62,21.23,58.56,13.36,105.61,14.05,82.72,36.84
74,2026-02-11T16:59:47.688856,192,251,192,278,193,291,200,321,207,334,215,344,234,359,255,369,270,370,283,368,300,356,314,340,319,330,323,318,328,288,329,275,330,248,203,247,209,242,219,238,234,238,251,240,286,239,302,237,314,236,323,239,327,244,269,257,270,265,270,272,271,279,272,286,272,294,272,300,272,304,271,305,271,307,217,262,224,258,235,257,247,262,237,264,227,265,287,261,298,256,308,257,314,260,306,264,296,263,244,331,255,325,262,324,271,325,278,323,285,325,293,330,286,341,279,345,270,346,261,345,254,342,247,331,258,331,270,332,281,331,291,330,276,333,270,333,264,333,130.56,21.53,58.43,13.59,104.53,14.08,81.94,36.05
75,2026-02-11T16:59:47.714573,192,251,192,278,193,291,200,321,207,334,215,344,234,359,255,369,270,370,283,368,300,356,314,340,319,330,323,318,328,288,328,275,329,248,203,247,209,242,219,238,233,238,250,240,286,239,302,237,314,236,323,239,326,244,269,258,270,265,270,273,271,279,271,286,272,294,272,301,272,304,271,305,271,307,217,262,224,258,235,257,246,262,237,264,227,265,287,262,298,256,308,257,314,260,306,264,296,263,244,331,255,325,262,324,270,325,278,323,284,325,293,330,286,342,279,345,270,346,261,346,254,342,247,331,258,331,270,332,281,331,290,331,276,333,270,334,264,333,132.27,20.53,57.98,13.25,103.86,14.0,80.34,34.7
76,2026-02-11T16:59:47.750338,192,251,192,278,193,291,199,321,206,334,214,344,233,359,254,370,269,371,282,369,300,357,313,340,318,331,323,318,328,288,328,275,329,248,203,247,209,242,219,238,233,239,250,240,286,239,301,237,314,236,322,239,326,244,269,258,270,266,270,273,271,279,271,286,271,295,271,301,271,304,271,306,270,307,217,262,224,258,235,257,246,262,237,264,226,265,287,262,298,257,308,257,314,261,306,264,296,263,242,331,253,325,261,324,270,325,278,324,284,325,293,330,285,342,278,345,270,347,260,346,252,343,245,331,257,331,269,332,281,331,291,331,276,333,269,334,263,334,131.67,20.6,57.7,12.99,102.54,14.03,79.35,34.79
77,2026-02-11T16:59:47.778188,192,251,192,278,193,291,199,321,206,334,214,344,233,360,254,370,269,371,282,369,299,357,313,341,318,331,323,318,327,288,328,275,329,248,202,248,208,242,218,239,233,239,250,240,285,239,301,237,314,236,322,239,326,244,268,258,269,266,270,273,270,280,271,287,271,295,271,302,271,305,270,306,270,308,217,262,224,259,235,258,246,262,237,264,226,265,287,262,297,257,308,257,314,261,306,264,296,264,242,331,253,326,261,324,269,326,277,324,284,326,293,331,285,342,278,346,269,347,260,346,252,343,245,331,257,332,269,333,280,332,290,331,275,334,269,334,262,334,130.61,21.25,58.8,13.8,102.47,14.33,80.34,35.91
78,2026-02-11T16:59:47.807838,192,251,191,278,192,291,199,321,206,334,214,344,233,360,254,370,268,371,282,369,299,357,313,341,318,331,323,318,327,288,328,275,328,248,202,248,208,242,218,239,232,239,249,241,285,240,301,237,313,237,322,239,326,245,268,258,269,266,269,273,270,280,270,287,271,296,271,302,270,305,270,307,270,308,216,263,223,259,234,258,246,263,236,265,226,266,286,262,297,257,307,258,314,261,305,264,295,264,242,332,253,326,261,325,269,326,277,324,283,326,292,331,285,343,278,346,269,347,260,347,252,343,245,332,257,332,269,333,280,332,290,331,275,334,269,334,262,334,132.23,20.95,58.2,13.28,103.86,14.17,80.46,36.23
79,2026-02-11T16:59:47.843509,192,251,191,278,192,291,199,322,206,335,214,345,233,360,254,371,268,372,282,369,299,357,313,341,318,331,323,318,327,288,328,275,328,248,202,248,208,242,218,239,232,239,249,241,284,240,300,238,312,237,321,239,325,245,267,258,268,266,269,274,269,280,270,288,270,296,270,302,270,306,270,307,269,308,216,263,223,259,234,258,245,263,236,265,226,266,286,262,296,257,306,258,312,261,304,264,294,264,242,332,253,327,261,325,269,327,276,325,283,326,291,331,284,343,277,346,269,347,260,347,252,344,245,332,257,333,268,334,279,332,289,331,274,334,269,335,262,334,130.06,21.76,58.5,13.27,103.06,13.99,80.84,35.67
80,2026-02-11T16:59:47.871294,192,251,191,278,192,292,199,322,206,335,214,345,233,361,254,371,268,372,282,370,299,358,313,341,318,331,323,318,327,288,328,275,328,248,202,248,207,243,218,239,232,240,249,241,284,240,299,238,312,237,320,239,324,245,267,259,268,267,268,274,269,281,270,288,270,297,270,303,270,306,269,308,269,309,216,263,223,260,234,259,245,263,236,265,226,266,285,262,295,257,305,258,311,261,303,264,293,264,242,332,253,327,261,325,269,327,276,325,282,326,291,331,284,343,277,346,269,348,260,347,252,344,245,332,257,333,268,334,279,333,289,331,274,334,269,335,262,334,131.41,21.36,58.8,14.13,102.49,13.78,79.97,36.26
81,2026-02-11T16:59:47.903054,191,251,191,278,192,292,199,322,206,335,214,345,233,361,254,371,268,372,282,370,299,358,313,341,318,331,323,318,327,288,327,274,328,248,201,248,207,243,217,239,231,240,248,241,283,240,299,238,311,237,320,239,324,245,267,259,267,267,268,274,269,281,269,288,270,297,270,303,269,306,269,308,269,309,216,263,223,260,234,259,245,263,236,265,226,266,285,262,295,257,305,258,311,261,303,264,293,264,242,333,253,327,260,325,268,327,276,325,282,326,291,331,283,343,277,346,268,348,260,347,252,344,245,333,257,333,268,334,279,333,288,331,274,334,268,335,262,334,132.97,21.02,59.77,14.3,103.51,13.83,79.83,36.28
82,2026-02-11T16:59:47.938852,191,252,191,278,192,292,199,322,206,335,214,346,232,361,253,372,268,372,281,370,298,358,312,341,318,331,322,318,327,288,327,274,328,248,201,248,207,243,217,240,231,240,248,242,283,240,299,238,311,237,320,239,324,245,266,259,267,267,268,274,268,281,269,289,269,297,269,303,269,306,269,308,268,309,216,264,223,260,233,259,244,264,235,266,225,266,284,262,295,257,305,258,311,261,303,264,293,264,242,333,253,328,260,326,268,327,275,325,281,327,290,331,283,343,276,347,268,348,259,348,252,344,245,333,256,334,268,335,278,333,288,332,273,334,268,335,261,335,130.16,21.88,59.32,14.04,102.85,14.02,78.68,36.46
83,2026-02-11T16:59:47.967402,190,252,190,278,192,292,199,322,206,335,214,346,232,361,253,372,267,372,281,370,298,358,312,341,318,331,322,318,327,288,327,275,328,248,201,248,206,243,216,240,231,240,248,242,283,241,299,238,311,237,320,239,324,245,266,259,267,268,267,275,268,282,269,289,269,298,269,304,269,307,268,308,268,310,216,264,223,260,233,259,244,264,235,266,225,267,284,263,294,258,304,258,311,261,303,264,293,264,242,333,252,328,260,326,267,328,275,326,281,327,289,332,282,343,276,347,267,349,259,348,251,344,245,333,256,334,267,335,278,334,287,332,273,335,267,335,261,335,131.2,21.85,58.94,14.18,102.14,14.29,78.25,35.68
84,2026-02-11T16:59:47.995402,190,252,190,278,191,292,199,322,206,335,214,346,232,361,253,372,267,372,281,370,298,358,312,341,317,331,322,318,327,288,327,275,328,248,201,249,206,243,216,240,231,240,247,242,283,241,298,238,311,237,320,240,324,245,266,260,267,268,267,275,268,282,268,289,269,298,269,304,268,307,268,309,268,310,216,264,223,260,233,260,244,264,235,266,225,267,284,263,294,258,304,259,311,261,303,265,293,264,242,333,252,328,259,326,267,328,275,326,281,327,289,332,282,344,276,348,267,349,259,348,251,345,245,333,256,334,267,335,277,334,287,332,273,335,267,336,261,335,131.27,21.92,58.9,14.14,101.69,14.45,78.64,35.32
85,2026-02-11T16:59:48.028430,190,252,190,278,191,292,199,322,206,335,213,346,232,362,253,372,267,373,280,371,298,358,312,341,317,331,322,318,327,288,327,275,328,248,200,249,206,243,216,240,230,240,247,242,283,241,299,238,311,237,320,240,324,245,266,260,267,268,267,275,268,282,268,289,269,298,268,304,268,307,268,309,267,310,216,264,222,260,233,260,244,264,235,266,225,267,284,263,294,258,305,259,311,261,303,265,293,265,242,333,252,328,259,326,267,328,274,326,280,328,289,332,282,344,275,348,267,349,258,349,251,345,245,334,256,334,267,335,277,334,287,333,273,335,267,336,261,335,131.32,21.75,57.96,13.82,101.52,14.47,78.72,35.57
86,2026-02-11T16:59:48.059988,190,252,189,278,191,292,199,322,206,336,213,346,232,362,252,372,267,373,280,371,298,359,311,342,317,331,322,318,327,288,327,275,327,248,200,249,205,243,216,240,230,240,247,243,282,241,298,239,311,237,320,240,324,245,266,260,266,268,267,275,267,282,268,290,268,298,268,305,268,308,268,309,267,310,215,264,222,260,232,260,243,264,235,266,224,267,284,263,294,259,304,259,311,262,303,265,292,265,242,334,252,329,259,327,267,328,274,327,280,328,289,332,282,344,275,348,267,349,258,349,251,345,245,334,255,335,267,336,277,334,287,333,272,335,267,336,261,336,130.25,21.96,57.54,13.91,101.36,14.35,77.68,35.61
87,2026-02-11T16:59:48.095332,189,252,189,278,190,292,198,322,205,336,213,346,231,362,252,372,267,373,280,371,297,359,311,342,317,332,322,318,326,288,327,275,327,248,199,249,205,243,215,240,230,241,247,243,282,241,298,239,311,237,320,240,324,245,265,260,266,268,267,276,267,282,268,290,268,298,268,305,268,308,267,309,267,310,214,264,221,261,232,260,243,264,234,266,223,267,284,263,294,259,304,259,311,262,303,265,292,265,242,334,252,329,259,327,267,328,274,327,280,328,289,333,282,344,275,348,267,350,258,349,251,345,245,334,255,335,267,336,277,334,287,333,272,336,267,336,260,336,131.33,22.46,57.73,14.17,102.14,13.97,77.88,36.49
88,2026-02-11T16:59:48.121510,189,252,189,278,190,292,198,322,205,336,213,346,231,362,252,373,266,373,280,371,297,359,311,342,317,332,321,318,326,288,327,275,327,248,199,249,205,243,215,240,229,241,246,243,282,242,298,239,311,237,319,240,324,245,265,260,266,268,266,276,267,283,267,290,268,299,268,305,267,308,267,310,267,311,214,264,221,261,231,260,243,264,234,266,223,267,284,264,294,259,304,259,311,262,302,265,292,265,242,334,252,329,259,327,266,329,274,327,280,328,289,333,282,344,275,348,267,350,258,349,251,346,245,334,255,335,266,336,277,334,287,333,272,336,266,336,260,336,131.49,22.43,57.81,14.46,101.64,13.92,77.84,37.27
89,2026-02-11T16:59:48.151827,189,252,189,279,190,292,198,323,205,336,213,346,231,362,252,373,266,373,280,371,297,359,311,342,317,332,321,318,326,288,327,275,327,248,199,249,204,243,215,240,229,241,246,243,282,242,298,239,310,238,319,240,323,245,265,260,265,269,266,276,267,283,267,290,267,299,267,305,267,308,267,310,267,311,212,265,219,261,230,260,242,265,233,267,222,268,283,264,294,259,304,259,311,262,302,265,292,265,242,335,252,329,259,328,266,329,274,327,280,329,289,333,282,345,275,348,267,350,258,349,251,346,245,335,255,335,266,336,277,335,287,333,272,336,266,337,260,336,132.91,22.23,56.66,12.86,102.59,14.05,77.61,35.53
90,2026-02-11T16:59:48.190283,189,252,189,279,190,292,198,323,205,336,213,346,231,362,252,373,266,374,280,371,297,359,311,342,317,332,321,318,326,288,327,275,327,248,198,249,204,243,214,240,229,241,246,243,281,242,297,239,310,238,319,240,323,245,264,260,265,269,266,276,266,283,267,290,267,299,267,305,267,308,267,310,267,311,212,265,219,261,230,260,241,265,232,267,222,268,283,264,294,259,304,259,311,262,302,265,292,265,242,335,252,329,259,328,266,329,274,327,280,329,289,333,282,345,275,348,267,350,258,349,251,346,245,335,255,335,266,336,277,335,286,333,272,336,266,337,260,336,129.68,23.26,56.8,13.17,102.66,14.42,77.76,35.87
91,2026-02-11T16:59:48.216486,188,253,188,279,190,293,198,323,205,336,213,347,231,363,252,373,266,374,280,371,297,359,311,342,317,332,321,318,326,288,327,275,327,248,198,249,204,243,214,240,228,241,245,243,281,242,297,239,310,238,319,240,323,245,264,260,265,269,266,276,266,283,267,290,267,299,267,305,267,308,267,310,266,311,211,265,218,261,229,261,241,265,232,267,221,268,283,264,293,259,304,259,311,262,302,266,292,265,241,335,251,329,258,328,266,329,274,327,280,329,289,333,282,345,275,348,267,349,258,349,251,346,243,335,255,335,266,336,277,335,287,333,272,336,266,337,260,336,129.58,22.15,55.03,12.33,100.75,14.62,75.41,34.69
92,2026-02-11T16:59:48.245462,188,253,188,279,190,293,198,323,205,336,213,347,231,363,252,373,266,373,280,371,297,359,311,342,317,332,321,318,326,288,327,275,327,248,198,249,204,243,214,240,228,241,245,243,281,242,297,239,310,238,319,240,323,245,264,260,265,269,265,276,266,283,267,290,267,299,267,305,267,308,267,310,266,311,210,265,218,261,229,261,241,265,232,267,220,268,283,264,293,259,304,259,311,262,302,266,292,266,240,335,251,329,258,328,266,329,274,327,280,329,290,333,282,344,275,348,267,349,258,349,250,346,243,335,254,335,266,336,277,335,287,333,272,336,266,337,260,336,129.87,21.96,55.47,12.37,100.59,14.41,75.13,34.03
93,2026-02-11T16:59:48.284311,188,253,188,279,190,293,198,323,205,336,212,347,231,363,252,373,266,373,280,371,297,359,311,342,317,332,321,318,326,288,327,275,327,248,197,249,203,243,213,240,228,241,245,243,281,242,297,239,310,238,319,240,323,245,264,260,265,269,265,276,266,283,266,290,267,299,267,305,267,308,266,310,266,311,210,265,217,261,229,261,241,265,231,267,220,268,283,264,293,259,304,259,311,262,302,266,292,266,240,335,250,329,258,328,266,329,274,327,280,329,290,333,282,344,275,348,267,349,258,349,250,346,243,335,254,335,266,336,277,335,288,333,272,336,266,337,260,336,129.87,21.87,55.13,12.08,100.56,14.44,75.98,34.2
94,2026-02-11T16:59:48.309899,188,253,188,279,190,293,198,323,205,336,212,347,231,363,252,373,266,373,280,371,297,359,311,342,317,332,321,318,326,288,327,275,327,248,197,249,203,243,213,240,227,241,245,243,281,242,297,239,310,237,318,240,323,245,264,260,264,269,265,276,266,283,266,290,267,299,267,305,267,308,266,310,266,311,210,265,217,261,228,261,241,265,231,267,220,268,283,264,293,259,304,259,311,262,302,266,291,266,240,335,250,329,258,328,266,329,274,327,280,329,290,333,282,344,275,348,266,349,258,348,250,346,242,335,254,335,266,336,277,335,288,333,272,336,266,337,260,336,129.75,21.7,54.98,12.17,100.58,14.39,76.97,36.2
95,2026-02-11T16:59:48.340860,188,253,188,279,190,293,198,323,205,336,212,347,231,363,252,373,266,373,280,371,297,359,311,342,317,332,321,318,326,288,327,275,327,248,197,249,203,244,213,241,227,241,245,243,281,242,297,239,310,237,318,240,323,245,264,260,264,269,265,276,266,283,266,290,266,299,266,305,266,308,266,310,266,311,210,265,217,261,228,261,241,265,231,267,220,268,282,264,293,259,304,259,311,262,302,266,291,266,240,335,250,329,258,328,266,329,274,327,280,329,290,333,282,344,275,348,266,349,258,348,250,346,243,335,254,335,266,336,277,335,288,333,272,336,266,337,259,336,130.11,21.61,55.21,12.45,101.2,14.34,77.26,37.22
96,2026-02-11T16:59:48.371676,188,253,188,279,190,293,198,323,205,336,212,347,231,363,252,373,266,373,280,371,297,359,311,342,317,332,321,318,326,288,327,275,327,248,197,249,203,244,213,241,228,241,245,244,281,242,297,239,309,238,318,240,323,245,264,261,265,269,265,276,266,283,266,290,266,299,267,305,266,308,266,310,266,311,210,265,217,261,229,261,241,265,231,267,220,268,283,264,293,259,304,259,311,263,302,266,291,266,240,335,250,329,258,328,266,329,274,327,280,329,290,333,282,344,275,348,266,349,258,348,250,346,243,335,254,335,266,336,277,334,288,333,272,336,266,337,259,336,130.0,21.69,55.66,12.25,101.9,14.14,75.87,35.93
97,2026-02-11T16:59:48.410674,188,253,188,279,190,293,198,323,205,336,212,347,231,363,252,373,266,373,280,371,297,359,311,342,317,332,321,318,326,288,327,275,327,248,197,249,203,244,213,241,228,241,245,244,281,242,297,239,309,238,318,240,323,245,264,261,265,269,265,276,266,283,266,290,267,299,267,305,266,308,266,310,266,311,210,265,217,261,229,261,241,265,231,267,220,268,282,264,293,259,304,259,311,263,302,266,291,266,239,335,250,329,258,328,266,329,274,327,280,329,290,333,282,344,275,348,266,349,257,348,250,346,242,335,254,335,266,336,277,334,288,333,272,336,266,337,259,336,130.0,21.69,55.68,12.26,101.89,14.18,75.7,36.01
98,2026-02-11T16:59:48.436392,188,253,188,279,190,293,198,323,205,336,212,347,231,363,252,373,266,373,280,371,297,359,311,342,317,332,321,318,326,288,327,275,327,248,198,249,203,244,213,241,228,242,245,244,281,242,296,239,309,238,318,240,323,245,264,261,265,269,265,276,266,283,266,290,267,299,267,305,266,308,266,310,266,311,210,265,217,261,228,261,241,265,231,267,220,268,282,264,293,259,304,259,311,263,302,266,291,266,239,335,250,329,258,328,266,329,274,327,280,329,290,333,281,344,275,348,266,349,257,348,250,346,242,335,254,335,266,336,277,334,288,333,272,336,266,337,259,336,129.9,21.57,55.59,12.27,102.38,14.4,74.35,36.53
99,2026-02-11T16:59:48.465974,188,253,188,279,190,293,198,323,205,336,212,347,231,363,252,373,266,373,280,371,297,359,311,342,317,332,321,318,326,288,327,275,327,248,198,249,203,244,213,241,228,242,245,244,281,242,296,239,309,238,318,240,323,245,264,261,265,269,265,276,266,283,266,290,267,299,267,305,266,308,266,310,266,311,210,265,217,261,228,261,241,265,231,267,220,268,283,264,293,259,304,259,311,263,302,266,291,266,239,335,250,329,258,328,266,329,274,327,280,329,290,333,281,344,275,348,266,349,257,348,250,346,242,335,254,335,266,336,277,334,287,333,272,336,266,337,259,336,129.9,21.57,55.57,12.27,101.53,14.16,74.06,35.68
100,2026-02-11T16:59:48.504527,188,253,188,279,190,293,198,323,205,336,212,347,231,363,252,373,266,373,280,371,297,359,311,342,317,331,321,318,326,288,327,275,327,248,197,249,203,244,213,241,228,242,245,244,281,242,296,239,309,238,318,240,323,245,264,261,265,269,265,276,266,283,266,290,267,299,267,305,266,308,266,310,266,311,209,265,217,261,228,261,241,265,231,267,220,268,283,264,293,259,304,259,311,262,302,266,291,266,239,335,250,329,257,328,266,329,274,327,280,329,290,333,281,344,274,348,266,349,257,348,249,346,242,335,253,335,266,336,277,334,287,333,272,336,266,337,259,336,130.04,21.51,55.94,12.07,100.08,13.88,72.46,34.34
101,2026-02-11T16:59:48.530783,188,253,188,279,190,293,198,323,205,336,212,347,231,363,252,373,266,373,280,371,297,359,311,342,317,331,321,318,326,288,327,275,327,248,197,249,203,244,213,241,228,242,245,244,281,242,296,239,309,237,318,240,323,245,264,261,265,269,265,276,266,283,266,290,267,299,267,305,267,308,266,310,266,311,209,265,217,261,228,261,241,265,231,267,220,268,283,264,293,259,304,259,311,262,302,266,291,266,239,335,250,329,257,328,266,329,274,327,280,329,290,333,281,344,274,348,266,349,257,348,249,346,242,335,253,335,266,336,277,334,287,333,272,336,266,337,259,336,130.04,21.51,56.38,11.52,100.7,13.96,74.28,36.38
102,2026-02-11T16:59:48.557767,188,253,188,280,190,293,198,323,205,336,212,347,231,363,252,373,266,373,280,371,297,359,311,342,317,331,321,318,326,288,327,275,327,248,198,249,203,244,213,241,228,242,245,244,281,242,296,239,309,237,318,240,323,245,264,261,265,269,265,276,266,283,266,290,267,299,267,305,266,308,266,310,266,311,210,265,217,261,228,261,241,265,231,267,220,268,283,264,293,259,304,259,311,262,302,266,291,266,239,335,250,329,257,328,266,329,274,328,280,329,290,333,281,344,274,348,266,349,257,348,249,346,242,335,254,335,266,336,277,335,287,333,272,336,266,337,259,336,130.07,21.5,55.99,11.78,100.67,14.03,74.59,36.5
103,2026-02-11T16:59:48.598469,188,253,189,279,190,293,198,323,205,336,212,347,231,363,252,373,266,373,280,371,297,359,311,342,317,331,322,318,327,288,327,275,327,248,198,249,203,244,213,241,228,242,245,244,281,242,296,239,309,237,318,240,323,245,264,261,265,269,265,276,266,283,266,291,267,299,267,305,266,308,266,310,266,311,211,265,218,261,229,261,241,265,232,267,221,268,283,264,293,259,304,259,310,262,302,266,291,266,240,335,250,329,257,328,266,329,274,327,280,329,290,333,281,344,275,348,266,349,257,349,250,346,243,335,254,335,266,336,277,335,287,333,272,336,266,337,259,336,129.7,22.09,56.08,11.8,101.54,13.97,74.17,36.67
104,2026-02-11T16:59:48.662197,189,252,189,279,190,292,198,323,205,336,212,346,231,363,252,373,266,373,280,371,297,359,311,342,317,331,322,318,326,288,327,275,327,248,198,249,204,244,214,241,228,242,245,244,281,242,296,239,309,238,318,240,323,245,264,261,265,269,265,276,266,283,266,291,266,299,266,305,266,308,266,310,266,311,213,265,220,261,230,260,241,265,233,267,222,268,282,264,293,259,303,259,310,262,302,266,291,266,240,335,250,329,257,328,266,329,273,328,280,329,290,333,281,345,275,348,266,350,257,349,250,346,243,335,254,335,266,336,277,335,287,333,272,336,266,337,259,336,130.25,22.19,57.19,13.03,102.06,13.88,73.54,34.96
105,2026-02-11T16:59:48.726172,189,252,189,279,190,292,198,323,205,336,213,346,231,363,252,373,266,374,280,371,297,359,311,342,317,331,322,318,327,288,327,275,327,248,198,249,204,244,214,241,228,242,245,244,281,242,296,239,309,238,318,240,323,245,264,261,264,269,265,276,266,283,266,291,266,299,266,305,266,308,266,310,266,311,213,265,220,261,230,260,242,265,233,267,222,268,282,264,293,259,303,259,310,262,302,266,291,266,240,335,250,329,257,328,266,329,273,327,280,329,290,333,281,345,275,348,266,350,257,349,250,346,243,335,254,335,266,336,277,335,287,333,272,336,266,337,259,336,130.29,22.21,57.5,13.05,102.51,14.14,73.72,35.13
106,2026-02-11T16:59:48.787136,189,252,189,279,190,292,198,323,205,336,213,346,231,363,252,373,266,374,280,371,297,359,311,342,317,331,322,318,327,288,327,275,327,248,199,249,204,244,214,241,228,242,245,244,281,242,296,239,309,238,318,240,323,245,264,261,264,269,265,276,265,283,266,291,266,299,266,305,266,308,266,310,266,311,213,265,220,261,230,260,242,265,233,267,222,268,282,264,293,259,303,259,310,262,302,266,291,266,240,335,250,329,257,328,266,329,273,328,280,329,290,333,281,345,275,348,266,350,257,349,250,346,243,335,254,335,266,336,277,335,287,333,272,336,266,337,259,337,126.69,23.11,57.54,13.09,102.6,14.13,73.8,35.26
107,2026-02-11T16:59:48.813709,189,252,189,279,191,292,198,323,205,336,213,346,231,363,252,373,266,374,280,372,297,359,311,342,317,331,322,318,327,288,327,275,327,248,199,249,204,244,214,241,228,242,245,244,281,242,296,239,309,238,318,240,323,245,264,261,264,269,265,276,265,283,266,291,266,299,266,305,266,308,266,310,266,311,213,265,220,261,230,260,242,265,233,267,222,268,282,264,293,259,303,259,310,262,302,266,291,266,240,335,250,329,257,328,266,329,273,328,280,329,290,333,281,345,275,348,266,350,257,349,250,346,243,335,254,335,266,336,277,335,287,333,272,336,266,337,259,337,126.76,23.14,57.52,13.1,102.54,14.04,74.07,35.0
108,2026-02-11T16:59:48.839913,189,252,189,279,191,292,198,323,205,336,213,346,231,363,252,373,266,374,280,372,297,359,311,342,317,332,322,318,327,288,327,275,327,248,199,249,204,244,214,241,228,242,245,244,281,242,296,239,309,238,318,240,323,245,264,261,264,269,265,276,265,283,266,291,266,299,266,305,266,308,266,310,266,311,213,265,220,261,230,260,242,265,233,267,222,268,282,264,293,259,303,259,310,262,302,266,291,266,240,335,250,330,257,328,266,330,273,328,280,329,290,333,281,345,274,348,266,350,257,349,250,346,243,335,254,335,265,336,277,335,287,333,272,336,266,337,259,337,126.36,23.24,57.25,13.08,100.76,13.99,73.23,34.44
109,2026-02-11T16:59:48.881275,189,252,189,279,191,292,199,323,206,336,213,346,231,363,252,373,266,374,280,372,297,359,311,342,317,332,322,318,327,288,327,275,327,248,199,249,204,244,214,241,228,242,245,244,280,242,296,239,309,238,318,240,323,245,264,261,264,269,265,276,265,283,266,291,266,299,266,305,266,308,266,310,266,311,213,265,220,261,230,260,242,265,233,267,222,268,282,264,293,259,303,259,310,262,302,266,291,266,240,335,250,330,257,328,266,330,273,328,280,329,290,333,281,345,274,348,266,350,257,349,250,346,243,335,254,336,265,337,277,335,287,333,272,336,266,337,259,337,127.17,23.25,56.84,13.13,100.73,13.93,72.55,34.04
110,2026-02-11T16:59:48.909496,189,252,189,279,191,292,199,323,206,336,213,346,231,363,252,373,266,374,280,372,297,359,311,342,317,332,322,318,327,288,327,275,327,248,199,250,204,244,214,241,228,242,245,244,280,242,296,239,309,238,318,240,323,245,264,261,264,269,265,276,265,283,266,291,266,299,266,305,266,308,266,310,265,311,213,265,220,261,230,260,242,265,233,267,222,268,282,264,293,259,303,259,310,262,302,266,291,266,240,335,250,330,257,328,265,330,273,328,280,329,289,333,281,345,274,348,266,350,257,349,250,346,243,335,254,336,265,337,277,335,287,333,272,336,266,337,259,337,127.26,23.19,57.02,13.09,100.93,14.04,73.53,34.34
111,2026-02-11T16:59:48.936508,189,252,189,279,191,292,199,323,206,336,213,346,231,363,252,373,266,374,280,372,297,360,311,342,317,332,322,318,327,288,327,275,327,248,199,250,204,244,214,241,228,242,245,244,280,242,296,239,309,238,318,240,323,245,264,261,264,269,265,276,265,283,266,291,266,299,266,306,266,309,266,310,265,311,213,265,220,261,230,260,242,265,233,267,222,268,282,264,293,259,303,259,310,262,302,266,291,266,240,335,250,330,257,328,265,330,273,328,280,329,289,333,281,345,274,348,266,350,257,349,250,346,243,335,254,336,265,337,276,335,287,333,272,336,265,337,259,337,127.84,23.1,56.88,13.19,100.94,13.97,74.1,35.07
112,2026-02-11T16:59:48.966185,189,252,189,279,191,292,199,323,206,336,213,346,231,363,252,373,266,374,280,372,297,360,311,342,317,332,322,318,327,288,327,275,327,248,199,250,204,244,214,241,228,242,245,244,280,242,296,239,309,238,318,240,323,245,264,261,264,269,265,277,265,283,266,291,266,300,266,306,266,309,266,310,265,311,212,265,219,261,230,260,242,265,233,267,222,268,282,265,293,259,303,259,310,262,302,266,291,266,240,335,250,330,257,328,265,330,273,328,280,329,289,333,281,345,274,349,266,350,257,349,250,346,243,335,254,336,265,337,276,335,287,333,272,336,265,337,259,337,129.08,22.25,56.47,12.75,101.23,13.36,74.11,35.13
113,2026-02-11T16:59:48.997613,189,252,189,279,191,292,199,323,206,336,213,347,231,363,252,373,266,374,280,372,297,360,311,342,317,332,322,318,327,288,327,275,327,248,198,250,204,244,214,241,228,242,245,244,280,242,296,239,309,238,318,240,323,245,264,261,264,269,265,277,265,284,266,291,266,300,266,306,266,309,266,310,265,312,212,265,219,261,230,260,242,265,232,267,221,268,282,265,293,259,303,259,310,262,302,266,291,266,240,335,250,330,257,329,265,330,273,328,280,329,290,333,281,345,274,349,266,350,257,349,250,346,243,335,254,336,265,337,277,335,287,334,272,337,266,337,259,337,129.15,22.08,56.86,12.77,102.31,13.26,75.82,35.81
114,2026-02-11T16:59:49.028518,189,252,189,279,191,292,199,323,206,336,213,347,231,363,252,373,266,374,280,372,297,360,311,342,317,332,322,318,327,288,327,275,327,248,198,249,204,244,214,241,228,242,245,244,280,242,296,239,309,238,318,240,323,245,264,261,264,269,265,277,265,284,266,291,266,300,266,306,266,309,266,311,265,312,211,265,218,261,230,260,241,265,232,268,221,269,282,265,293,259,303,259,310,262,302,266,291,266,240,335,250,330,257,329,266,330,273,328,280,329,290,333,281,345,274,349,266,350,257,349,250,346,243,335,254,336,265,337,277,335,287,334,272,337,266,337,259,337,129.06,22.05,55.84,11.91,102.3,13.28,75.52,35.96
115,2026-02-11T16:59:49.057154,188,252,189,279,190,293,199,323,205,336,213,347,231,363,252,373,266,374,280,372,297,360,311,342,317,332,322,318,327,288,327,274,327,247,197,249,203,244,213,241,227,242,244,244,280,242,296,239,309,238,318,240,323,245,263,261,264,269,265,277,265,284,266,291,266,300,266,306,266,309,266,311,265,312,209,265,217,261,228,260,241,265,231,268,220,269,282,264,293,258,304,258,310,262,302,266,291,266,240,335,250,330,257,329,266,330,273,328,280,329,290,333,281,345,274,349,266,350,257,349,250,346,243,335,254,336,265,337,277,335,287,334,272,337,266,337,259,337,128.78,21.95,55.47,11.06,102.17,13.57,74.2,35.88
116,2026-02-11T16:59:49.098478,188,253,188,279,190,293,198,323,205,336,213,347,231,363,252,373,266,374,280,372,297,359,311,342,317,331,322,318,327,288,327,274,327,247,197,249,202,244,213,241,227,242,244,244,280,242,296,239,309,238,318,240,323,245,263,261,264,269,265,277,265,284,266,291,266,300,266,306,266,309,266,310,265,312,209,265,216,261,228,260,240,265,231,267,219,269,282,264,293,258,304,258,311,262,302,266,291,266,240,335,250,330,257,329,266,330,273,328,280,329,290,333,281,345,274,349,266,350,257,349,250,346,243,335,254,336,265,337,277,335,287,334,272,336,266,337,259,337,128.68,21.91,54.7,10.53,101.73,13.81,72.93,34.8
117,2026-02-11T16:59:49.124743,187,253,188,279,190,293,198,323,205,336,213,347,231,363,252,373,266,374,280,372,297,359,311,342,317,331,322,318,327,288,327,274,327,247,197,249,202,244,213,241,227,242,244,244,280,242,296,239,309,237,318,240,323,245,263,261,264,269,265,277,265,283,266,291,266,300,266,306,266,309,266,310,266,311,209,265,216,261,228,260,240,265,231,267,219,269,282,264,293,258,304,258,311,262,302,265,291,265,240,335,250,330,257,328,266,330,273,328,280,329,290,333,281,345,274,349,266,350,257,349,250,346,243,335,254,336,265,337,277,335,287,333,272,336,266,337,259,337,128.06,21.91,54.56,10.7,100.9,13.97,74.13,36.89
118,2026-02-11T16:59:49.153809,187,253,188,279,190,293,198,323,205,336,213,347,231,363,252,373,266,374,280,371,297,359,311,342,317,331,322,318,327,288,327,274,327,247,197,249,202,244,213,241,227,242,244,244,280,242,296,239,309,237,318,240,323,245,263,261,264,269,264,277,265,283,265,291,266,300,266,306,266,309,266,310,265,311,209,265,216,261,228,260,240,265,231,267,219,269,282,264,293,258,304,258,311,261,302,265,291,265,240,335,250,330,257,328,265,330,273,328,280,329,289,333,281,345,274,348,266,350,257,349,250,346,243,335,254,336,265,337,277,335,287,333,272,336,265,337,259,337,128.6,22.12,54.65,10.72,101.42,13.94,74.59,36.71
119,2026-02-11T16:59:49.183970,187,253,188,279,190,293,198,323,205,336,213,347,231,363,252,373,266,374,280,371,297,359,311,342,317,331,321,318,327,288,327,274,327,248,197,250,202,244,213,241,227,242,244,244,280,242,296,239,309,237,318,240,323,245,263,261,264,269,264,277,265,283,265,291,266,300,266,306,266,309,266,310,265,311,209,265,216,261,227,260,240,265,230,267,219,269,282,264,293,258,304,258,311,261,302,265,291,265,240,335,250,330,257,328,265,330,273,328,280,329,289,333,281,345,274,348,266,350,257,349,250,346,243,335,254,336,265,337,276,335,287,333,272,336,265,337,259,337,128.6,22.12,55.18,11.19,102.31,13.79,75.94,37.49
120,2026-02-11T16:59:49.224335,187,253,188,279,190,293,198,323,205,336,213,347,231,363,252,373,266,373,280,371,297,359,311,342,317,331,321,318,326,288,327,274,327,248,197,250,202,244,213,241,227,242,244,244,280,242,296,239,309,237,318,240,322,245,263,261,264,269,264,277,265,283,265,291,266,300,266,306,266,309,266,310,265,311,209,265,216,261,227,260,240,265,230,267,219,269,282,264,293,258,304,258,311,261,302,265,291,265,240,335,250,330,257,328,265,330,273,328,280,329,289,333,281,345,274,349,266,350,257,349,250,346,243,335,254,336,265,336,276,335,287,333,272,336,265,337,259,337,128.6,22.12,55.14,11.27,102.32,13.92,75.58,37.64
121,2026-02-11T16:59:49.249580,187,253,188,279,190,293,198,323,205,336,213,347,231,363,252,373,266,373,280,371,297,359,311,342,317,331,321,318,326,288,327,274,327,248,197,250,202,244,213,241,227,242,244,244,280,242,296,239,309,237,318,240,322,245,263,261,264,269,264,277,265,283,265,291,266,300,266,306,266,309,266,310,265,311,209,265,216,261,228,260,240,265,231,267,219,269,282,264,292,258,304,258,311,262,302,266,291,265,240,335,250,330,257,328,265,330,273,328,280,329,289,333,281,345,274,349,266,350,257,349,250,346,243,335,254,335,265,336,276,335,287,334,271,336,265,337,259,337,129.4,21.52,55.34,10.6,103.9,13.53,75.58,37.68
122,2026-02-11T16:59:49.277168,188,253,188,279,190,293,198,323,205,336,213,347,231,363,252,373,266,374,280,371,297,359,311,342,317,331,321,318,326,288,327,274,327,248,197,250,202,244,213,241,227,242,244,244,280,242,296,239,309,238,318,240,322,245,263,261,264,269,264,277,265,283,265,291,266,299,266,306,266,309,265,310,265,311,209,265,216,261,228,260,240,265,231,267,219,269,282,264,292,258,304,258,311,262,302,266,291,265,240,335,250,330,257,328,265,330,273,328,279,329,289,333,281,345,274,349,266,350,257,349,249,346,243,335,254,335,265,336,276,335,286,334,271,336,265,337,259,337,129.09,21.52,55.38,10.64,104.23,13.62,75.14,36.45
123,2026-02-11T16:59:49.307925,188,253,188,279,190,293,198,323,205,336,213,347,231,363,252,373,266,374,280,371,297,359,311,342,317,331,321,318,326,288,327,274,327,248,197,250,202,244,213,241,227,242,244,244,280,242,296,239,309,238,318,240,322,245,263,261,264,269,264,277,265,283,265,291,266,299,266,306,266,309,265,310,265,311,209,265,216,261,228,260,240,265,231,267,219,269,282,264,292,258,303,258,311,262,302,266,291,265,240,335,250,330,257,328,265,330,273,328,279,329,289,333,281,345,274,349,266,350,257,349,249,346,243,335,254,335,265,337,276,335,286,334,271,337,265,337,259,337,129.45,21.53,55.38,10.68,103.92,13.89,74.89,36.36
124,2026-02-11T16:59:49.352244,188,253,188,279,190,293,198,323,205,336,213,347,231,363,251,373,266,374,280,371,297,359,311,342,316,331,321,318,326,288,327,274,327,248,197,250,202,244,213,241,227,242,244,244,280,242,296,239,309,238,318,240,322,245,263,261,264,269,264,277,265,283,265,291,266,299,266,306,266,309,265,310,265,311,209,265,216,261,228,260,240,265,231,267,219,269,282,264,292,258,303,258,311,262,302,266,291,266,240,335,250,330,257,328,265,330,273,328,279,329,289,333,281,345,274,349,265,350,257,349,249,346,243,335,253,335,265,337,276,335,286,334,271,337,265,337,259,337,129.48,21.49,55.42,10.75,103.13,14.09,74.04,35.16
125,2026-02-11T16:59:49.382388,188,253,188,279,190,293,198,323,205,336,213,347,231,363,251,373,266,374,280,371,297,359,311,342,316,331,321,318,326,288,327,274,327,248,197,250,202,244,213,241,227,242,244,244,280,242,296,239,309,238,318,240,322,245,263,261,264,269,264,277,265,283,265,291,266,299,266,306,266,309,265,310,265,311,209,265,216,261,227,260,240,265,230,267,219,269,282,264,292,258,304,258,311,262,302,266,291,266,240,335,250,330,257,328,265,330,273,328,279,329,289,333,281,345,274,349,265,350,257,349,249,346,243,335,253,336,265,337,276,335,286,334,271,337,265,337,259,337,129.89,21.3,55.9,11.36,102.94,13.95,74.79,34.89
126,2026-02-11T16:59:49.416240,188,253,188,279,190,293,198,323,205,336,212,347,230,363,251,373,266,374,280,371,297,359,311,342,316,331,321,318,326,288,327,275,327,248,197,250,202,244,213,241,227,242,244,244,280,242,296,239,309,238,318,240,322,245,263,261,264,269,264,277,265,283,265,291,266,299,266,305,266,309,265,310,265,311,209,265,216,261,227,260,240,265,230,267,219,269,282,264,292,258,304,258,311,262,302,266,291,266,240,335,250,330,257,328,265,330,273,328,279,329,289,333,281,345,274,349,265,350,256,350,249,346,242,335,253,336,265,337,276,335,286,334,271,337,265,337,259,337,129.89,21.3,56.06,11.4,102.65,13.79,74.44,34.84
127,2026-02-11T16:59:49.447592,187,253,188,279,190,293,198,323,204,336,212,347,230,363,251,373,265,374,279,371,297,359,311,342,316,332,321,318,326,288,327,275,327,248,196,250,202,244,212,241,227,242,244,244,279,242,296,239,309,238,318,240,322,245,263,261,263,269,264,277,264,283,265,291,265,299,265,306,265,309,265,310,265,311,209,265,216,261,227,260,240,265,230,267,219,269,282,264,292,258,303,258,310,262,302,266,291,266,238,335,249,330,256,328,265,330,272,328,279,329,289,333,281,345,274,349,265,350,256,350,248,346,241,335,253,336,265,337,276,335,286,334,271,337,265,337,258,337,128.22,22.53,56.27,11.95,103.41,13.84,75.06,35.26
128,2026-02-11T16:59:49.479586,187,253,188,279,189,293,197,323,204,336,212,347,230,363,250,373,265,374,279,371,297,359,311,342,316,332,321,318,326,288,327,275,327,248,196,250,202,244,212,241,226,242,243,244,279,242,295,239,309,238,318,240,322,245,263,261,263,269,264,277,264,283,265,291,265,300,265,306,265,309,265,310,265,311,208,265,216,261,227,260,240,265,230,267,219,269,282,264,292,258,303,259,310,262,302,266,291,266,238,334,249,330,256,328,265,330,272,328,279,329,289,333,281,345,274,349,265,350,256,350,248,346,241,335,252,336,264,337,276,335,287,334,271,337,265,337,258,337,128.22,22.53,56.6,12.02,103.45,13.68,74.12,35.68
129,2026-02-11T16:59:49.515240,187,253,188,279,189,293,197,323,204,336,212,347,229,363,250,373,265,374,279,371,297,359,311,342,316,332,321,318,326,288,327,275,327,248,196,250,202,244,212,241,226,242,243,244,279,242,295,239,308,238,318,240,322,245,262,261,263,269,264,277,264,283,265,291,265,300,265,306,265,309,265,310,265,311,208,265,216,261,227,260,239,265,230,267,219,269,282,264,292,258,303,259,310,262,301,266,291,266,238,334,248,330,256,328,264,330,272,328,279,329,289,333,281,345,274,349,265,350,256,350,248,346,240,335,252,336,264,337,276,335,287,334,271,337,265,337,258,337,128.22,22.53,56.32,12.03,102.91,13.84,74.43,35.56
130,2026-02-11T16:59:49.546483,187,253,188,279,189,293,197,323,204,336,211,347,229,363,250,373,265,374,279,371,297,359,311,342,316,332,321,318,326,288,327,275,327,248,196,250,202,244,212,241,226,242,243,244,279,242,295,239,308,238,318,240,322,245,262,261,263,269,264,277,264,283,265,291,265,300,265,306,265,309,265,310,265,311,209,265,216,261,227,260,240,265,230,267,219,269,282,264,292,258,303,259,310,262,301,266,290,266,237,334,248,330,256,328,264,330,272,328,279,329,290,333,281,345,274,349,265,350,256,349,248,346,240,334,252,336,264,337,276,335,287,334,271,337,264,337,258,337,128.36,22.57,56.06,12.1,103.35,13.87,74.9,36.03
131,2026-02-11T16:59:49.580880,187,253,188,279,189,293,197,323,204,336,212,347,229,363,250,373,265,374,279,371,297,359,311,342,316,332,321,318,326,288,327,275,327,248,196,250,202,244,212,241,226,242,243,244,279,242,295,239,308,238,317,240,322,245,262,261,263,269,264,277,264,283,265,291,265,300,265,306,265,309,265,310,265,311,209,265,216,261,227,260,240,265,230,267,219,269,282,264,292,258,303,259,310,262,301,266,290,266,238,334,248,330,256,328,264,330,272,328,279,329,290,333,281,345,274,349,265,350,256,349,248,346,240,335,252,336,264,337,276,335,287,334,271,337,264,337,258,337,128.36,22.57,55.89,12.0,103.15,13.9,75.06,35.9
132,2026-02-11T16:59:49.637721,187,253,188,280,189,293,197,323,204,336,212,347,229,363,250,373,265,374,279,372,297,359,311,342,316,332,321,318,326,288,327,275,327,248,196,250,202,244,212,241,226,242,243,244,279,242,295,239,308,238,318,240,322,245,262,261,263,269,264,277,264,283,265,291,265,299,265,306,265,309,265,310,265,311,209,265,216,261,227,260,240,265,230,267,219,269,282,264,292,259,303,259,310,262,301,266,291,266,238,334,248,330,256,328,264,330,273,328,279,329,290,333,281,345,274,349,265,350,256,349,248,346,240,335,252,336,264,337,276,335,287,334,271,337,265,337,258,337,127.87,22.32,56.01,12.34,100.93,14.06,72.56,33.64
133,2026-02-11T16:59:49.682970,187,253,188,279,189,293,197,323,204,336,212,347,230,363,250,373,265,374,279,372,297,360,311,342,316,332,321,318,326,288,327,275,327,248,196,250,202,244,212,241,226,242,243,244,279,242,295,239,309,238,318,240,322,245,262,261,263,269,264,276,264,283,265,291,265,299,265,306,265,309,265,310,265,311,209,265,216,261,227,261,240,265,230,267,219,269,282,264,292,259,303,259,311,262,302,266,291,266,238,334,249,330,256,328,265,330,273,328,279,329,290,333,281,345,274,349,265,350,256,349,248,346,240,334,252,335,264,337,276,335,287,333,271,337,265,337,258,337,127.87,22.32,56.31,11.83,101.72,14.03,72.3,33.93
134,2026-02-11T16:59:49.731023,187,253,188,279,189,293,197,323,204,336,212,347,230,363,250,373,265,374,279,372,297,360,311,342,316,332,321,318,326,288,327,275,327,248,196,249,202,244,212,241,226,242,243,244,280,242,296,239,309,238,318,240,322,245,263,261,263,269,264,276,264,283,265,291,265,299,265,305,265,308,265,310,265,311,209,265,216,261,227,261,240,265,230,267,219,269,282,264,292,259,303,259,311,262,302,266,291,266,238,334,249,330,256,328,265,330,273,328,280,329,290,333,282,346,274,350,265,351,256,350,248,347,241,334,252,335,265,336,276,335,288,333,271,337,265,338,258,337,126.96,22.44,56.25,11.43,101.18,13.74,71.69,33.8
135,2026-02-11T16:59:49.777707,187,253,188,280,190,293,198,323,204,336,212,347,230,363,250,373,265,374,279,372,297,360,311,342,316,332,321,318,326,288,327,275,327,248,196,249,202,244,212,241,226,242,243,244,280,242,296,239,309,237,318,240,322,245,263,261,263,269,264,276,264,283,265,290,265,299,266,305,265,308,265,310,265,311,209,265,216,261,227,261,239,265,230,267,219,269,282,264,292,259,303,259,311,262,302,266,291,266,238,334,249,329,256,328,265,330,273,328,280,329,290,333,282,346,275,350,265,352,256,351,248,347,241,334,253,335,265,336,276,335,288,333,272,338,265,338,258,338,126.91,22.3,56.53,10.73,101.63,13.84,72.05,35.91
136,2026-02-11T16:59:49.823143,187,253,188,280,190,293,198,323,205,336,212,347,230,363,250,373,265,374,279,372,297,360,311,342,316,332,321,318,326,288,327,275,327,248,196,250,202,244,212,241,226,242,243,244,280,242,296,239,309,237,318,240,322,245,263,260,263,269,264,276,265,283,265,290,266,298,266,305,266,308,265,309,265,311,209,265,216,261,227,261,239,265,230,267,219,268,282,264,292,258,303,259,310,262,302,266,291,266,238,334,249,329,256,327,265,329,273,327,280,328,290,333,282,347,275,351,266,352,256,351,248,348,241,334,253,335,265,336,276,335,288,333,272,338,265,339,258,338,130.41,21.48,57.55,10.57,103.03,13.21,71.93,35.98
137,2026-02-11T16:59:49.884115,187,253,188,280,190,293,198,323,205,337,212,347,230,363,250,374,265,375,279,372,297,360,311,342,316,332,321,318,326,288,326,275,327,248,196,249,202,244,212,241,226,241,243,243,280,241,296,238,309,237,318,240,322,245,263,260,263,269,264,276,265,282,265,290,266,298,266,304,266,307,266,309,265,310,209,265,216,261,227,260,239,265,230,267,219,268,282,264,292,258,303,258,310,262,302,266,291,266,238,334,249,328,257,326,266,328,274,326,281,327,290,333,283,347,275,352,266,353,256,352,248,348,242,334,253,334,265,334,277,333,288,333,272,339,266,340,259,339,130.14,21.81,57.17,10.54,103.65,13.32,73.81,35.87
138,2026-02-11T16:59:49.910159,187,253,188,280,190,293,198,323,205,337,212,347,230,363,250,374,265,375,279,372,297,360,311,342,316,332,321,318,326,288,326,275,327,248,197,249,202,244,212,241,226,241,243,243,280,241,296,238,309,237,318,239,322,245,263,260,263,268,264,276,265,282,265,289,266,298,266,304,266,307,266,309,265,310,209,265,216,260,227,260,239,265,230,267,219,268,282,264,292,258,303,258,310,262,302,266,291,265,239,334,249,328,257,326,266,327,274,326,281,327,290,333,283,347,275,352,266,353,256,352,248,348,242,334,253,334,265,334,277,333,287,333,272,339,266,340,259,339,130.07,21.88,57.56,10.34,103.7,13.67,72.86,35.94
139,2026-02-11T16:59:49.935291,188,253,189,279,190,293,198,323,205,336,212,347,230,363,250,374,265,374,279,372,297,360,311,342,316,332,321,318,326,288,326,275,327,248,197,249,203,244,213,241,227,241,244,243,280,241,296,238,309,237,318,239,322,245,263,260,264,268,264,275,265,282,265,289,266,298,266,304,266,307,266,309,265,310,210,264,217,260,228,260,240,265,231,267,220,268,282,263,292,258,303,258,310,262,302,265,291,265,239,334,249,327,257,325,265,327,274,325,281,327,290,333,283,347,275,352,266,353,256,352,248,348,242,334,253,333,265,333,277,333,287,333,272,339,266,340,259,339,130.1,22.23,57.84,11.03,104.4,14.22,73.72,35.62
140,2026-02-11T16:59:49.965059,188,253,189,279,190,292,198,322,205,336,212,346,229,363,250,374,265,374,279,372,297,359,311,342,316,331,321,318,326,288,326,275,327,248,197,249,203,244,213,240,227,241,244,243,280,241,296,238,309,237,318,239,322,245,263,260,264,268,264,275,265,282,265,289,266,297,266,303,266,307,266,308,265,309,210,264,217,260,229,260,240,264,231,266,220,268,282,263,293,258,303,258,310,261,302,265,291,265,238,334,249,326,257,324,265,326,274,324,281,326,290,333,283,347,275,352,266,353,256,352,248,348,242,334,253,332,265,332,277,332,287,333,272,339,265,340,258,339,130.05,22.23,57.82,11.44,102.85,14.27,72.37,33.56
141,2026-02-11T16:59:49.995185,188,253,189,279,190,292,198,322,205,336,212,346,229,362,250,373,265,374,279,372,297,359,311,342,316,331,321,318,326,288,327,275,327,248,197,249,203,244,213,240,227,241,244,243,280,241,296,238,309,237,318,239,322,245,263,260,264,268,264,275,265,281,265,289,266,297,266,303,266,306,265,308,265,309,210,264,217,260,228,260,240,264,231,266,220,268,282,263,293,258,303,258,310,261,302,265,291,265,238,333,248,326,256,324,265,325,273,324,281,326,290,333,283,347,275,352,265,353,255,352,247,348,242,334,253,332,265,332,276,332,287,333,272,339,265,340,258,339,129.89,22.24,57.43,11.58,101.99,14.1,71.24,32.73
142,2026-02-11T16:59:50.039368,188,253,189,279,190,292,198,322,205,335,212,346,229,362,250,373,265,374,279,372,297,359,311,342,316,331,321,318,326,288,327,275,327,248,197,249,203,243,213,240,227,241,244,242,280,240,296,238,309,236,318,239,322,245,263,259,264,268,264,275,265,281,265,288,266,297,266,303,266,306,265,308,265,309,210,264,217,260,228,260,240,264,231,266,220,268,282,263,292,258,303,258,310,261,302,265,291,265,238,333,248,326,256,324,265,325,273,324,281,326,290,333,283,347,275,352,265,353,255,352,247,348,242,334,253,331,265,332,276,331,287,333,271,339,265,340,258,339,129.62,22.31,58.12,11.74,102.81,13.88,73.71,35.27
143,2026-02-11T16:59:50.065416,188,253,189,279,190,292,198,322,205,335,212,346,229,362,250,373,265,374,279,372,297,359,311,342,316,331,321,318,326,288,327,275,327,248,197,249,203,243,213,240,227,240,244,242,280,240,296,237,309,236,318,239,322,244,263,259,263,268,264,275,264,281,265,288,265,296,265,303,265,306,265,307,265,309,210,264,217,260,228,260,240,264,231,266,220,267,282,263,292,258,303,258,310,261,301,265,291,265,238,333,248,325,255,324,264,325,273,324,281,325,290,333,283,348,275,352,265,354,255,353,247,349,242,334,253,331,264,331,276,331,287,333,271,340,265,341,258,340,125.37,22.87,57.8,11.75,102.4,14.21,74.45,35.23
144,2026-02-11T16:59:50.089831,188,253,189,279,190,292,198,322,205,335,212,346,229,362,250,373,265,374,279,372,297,359,311,341,316,331,321,318,326,288,327,275,327,248,197,249,203,243,213,240,227,240,244,242,280,240,296,237,309,236,318,239,322,244,263,259,263,267,264,274,264,281,265,288,265,296,265,302,265,305,265,307,265,308,210,264,217,260,228,260,240,264,231,266,220,267,282,263,292,257,303,257,310,261,301,265,291,264,239,333,248,326,255,324,264,325,273,323,281,325,290,333,283,348,275,353,265,354,255,353,247,349,242,334,253,331,264,331,276,331,287,333,272,341,265,342,258,341,126.91,22.25,58.0,11.91,103.48,13.76,74.04,35.83
145,2026-02-11T16:59:50.120142,188,253,188,279,190,292,198,322,205,335,212,346,229,362,250,373,265,374,279,372,297,359,311,341,316,331,321,317,326,288,326,274,326,248,197,249,202,243,212,240,226,240,243,242,280,240,296,237,309,236,318,239,322,244,263,259,263,267,264,274,264,280,265,287,265,295,265,301,265,305,265,306,265,308,210,264,217,260,228,260,240,264,230,266,219,267,282,263,292,257,303,257,310,261,301,264,291,264,238,334,248,326,256,324,264,325,273,324,281,325,290,333,283,349,275,354,265,355,255,354,247,350,242,334,252,331,264,331,276,331,286,333,272,343,265,344,258,344,126.92,22.44,59.35,12.92,104.9,13.94,73.39,36.13
146,2026-02-11T16:59:50.163932,188,253,188,279,190,292,197,322,204,335,211,346,229,362,250,374,265,375,279,372,297,359,310,341,316,331,320,317,326,287,326,274,326,248,197,248,202,242,212,239,226,240,243,241,280,240,296,237,309,236,318,239,322,244,263,259,263,267,264,274,264,280,265,287,265,295,265,301,265,304,265,306,265,307,210,264,217,260,228,260,240,264,230,266,219,267,282,263,292,257,303,257,309,261,301,264,290,264,238,334,248,326,256,324,264,325,273,324,281,325,290,333,284,351,276,356,266,358,255,357,247,352,242,334,252,331,264,331,276,330,287,333,273,346,265,347,258,346,127.22,22.1,59.05,12.8,104.94,13.86,75.0,35.82
147,2026-02-11T16:59:50.190164,188,252,188,279,189,292,197,322,204,335,211,346,228,362,250,374,265,375,279,373,297,359,310,341,315,331,320,317,326,287,326,274,326,247,197,248,202,242,212,239,226,239,243,241,279,240,295,237,308,236,317,239,322,244,262,259,263,267,264,274,264,280,265,287,265,295,265,301,265,305,265,306,265,308,210,264,217,260,228,260,240,264,230,265,219,266,282,262,292,257,302,257,309,260,301,264,290,264,238,334,247,326,255,324,264,325,273,324,281,325,290,333,284,352,276,357,265,359,255,357,246,353,242,334,252,331,264,331,276,330,287,333,273,346,265,347,258,346,128.78,21.75,60.77,13.3,106.34,14.68,75.25,35.02
148,2026-02-11T16:59:50.215762,188,252,188,278,189,292,197,322,204,335,211,346,228,363,250,375,265,376,279,374,297,359,310,341,315,331,320,317,326,287,326,274,326,247,197,248,202,242,212,239,226,239,243,241,279,240,295,237,308,236,317,238,322,244,262,258,263,266,263,273,264,280,265,287,265,295,265,301,265,304,265,306,265,307,210,263,217,260,228,259,239,263,230,265,219,266,281,262,292,257,302,257,309,260,301,264,290,263,238,334,247,325,255,323,264,325,273,323,281,325,290,333,284,353,276,358,265,360,255,359,246,354,242,334,252,330,264,330,276,330,287,333,272,348,265,349,258,348,128.78,21.75,60.65,13.12,106.21,14.54,74.17,34.13
149,2026-02-11T16:59:50.246381,188,252,188,278,189,292,197,322,204,335,211,346,228,363,249,376,264,377,279,374,297,360,310,342,315,331,320,317,326,287,326,274,326,247,197,248,202,242,212,239,226,239,243,241,279,239,295,236,308,235,317,238,322,243,262,258,263,266,263,273,264,279,264,286,265,295,265,301,265,304,265,306,264,307,210,263,217,259,228,259,239,263,230,265,219,266,281,262,292,256,302,257,309,260,301,263,290,263,238,334,247,325,255,323,264,324,273,323,280,325,289,333,284,353,276,358,265,360,254,359,246,354,242,334,252,330,264,330,276,330,286,333,272,348,265,349,257,348,128.91,21.72,60.7,12.57,105.42,13.45,71.99,32.95
150,2026-02-11T16:59:50.277402,187,252,188,278,189,292,197,322,204,336,211,346,227,364,249,376,264,377,279,375,297,360,310,342,315,331,320,317,326,287,326,273,326,247,197,248,202,242,212,238,226,238,243,240,279,239,295,236,308,235,317,237,321,243,262,257,263,265,263,272,264,279,264,286,265,294,265,300,265,303,265,305,264,307,210,263,217,259,228,259,239,263,230,265,219,266,281,262,292,256,302,256,309,259,300,263,290,263,237,334,246,325,255,323,264,324,273,323,280,325,289,333,283,352,275,358,265,359,254,358,245,353,241,335,251,330,264,330,276,330,286,334,272,347,264,348,257,347,131.39,21.98,60.92,12.88,105.28,13.71,73.78,32.21
151,2026-02-11T16:59:50.321575,187,251,187,278,188,291,196,322,203,336,211,346,227,364,249,376,264,377,278,374,296,360,310,342,315,331,320,317,326,287,326,273,326,246,197,247,202,241,212,238,226,238,243,240,279,238,295,235,308,234,317,237,321,242,262,257,263,265,263,272,264,279,264,286,264,294,264,300,264,303,264,305,264,307,212,262,219,259,229,258,240,263,231,265,221,265,281,261,291,256,302,256,308,259,300,262,290,263,237,334,246,325,255,323,264,325,272,323,279,325,289,333,281,350,274,355,264,357,254,356,245,352,240,334,251,331,263,331,275,331,285,333,271,344,264,345,256,345,131.8,22.15,62.54,14.49,106.9,14.04,75.2,35.29
152,2026-02-11T16:59:50.347443,187,251,187,278,188,291,196,322,203,336,211,346,227,364,249,376,264,377,278,374,296,360,309,342,315,331,320,318,325,287,326,273,326,246,197,247,202,241,212,237,226,238,243,239,279,238,295,235,307,234,316,237,321,242,262,257,262,265,263,272,263,278,264,285,264,294,264,300,264,303,264,305,264,306,212,262,219,259,229,258,240,263,231,265,221,265,281,261,291,256,301,256,308,259,300,262,290,262,237,333,246,326,255,324,263,325,272,323,279,325,288,332,280,347,273,352,264,353,254,352,245,349,240,334,251,332,263,332,275,331,285,333,270,340,263,341,256,340,129.71,22.42,62.51,14.45,106.75,13.71,76.37,34.71
153,2026-02-11T16:59:50.372499,187,251,187,278,188,292,196,322,203,336,211,347,228,364,249,376,263,377,278,374,296,360,309,342,315,332,320,318,325,287,326,273,326,246,197,247,202,241,212,237,226,238,243,239,278,238,294,235,307,234,316,237,321,242,262,257,262,265,263,272,263,278,263,285,264,294,264,300,264,303,264,305,263,306,212,262,219,259,229,258,240,263,231,265,221,265,281,261,291,256,301,256,308,259,300,262,289,262,237,333,247,326,255,325,263,326,271,324,278,326,287,332,280,347,273,351,263,352,254,351,245,347,240,333,251,332,263,333,274,332,285,333,270,339,263,340,256,339,130.3,22.4,63.44,14.18,107.97,13.28,76.94,34.82
154,2026-02-11T16:59:50.403261,187,251,187,278,188,292,196,323,203,336,211,347,228,364,249,376,263,377,278,374,296,360,309,342,315,332,320,318,325,287,326,273,326,246,197,247,202,241,212,237,226,237,242,239,278,237,294,235,307,234,316,236,321,242,261,257,262,265,262,272,263,278,263,285,264,293,264,300,264,303,264,305,263,306,211,262,218,259,229,258,240,263,231,265,220,265,281,261,291,256,301,256,308,259,300,262,289,262,237,333,247,326,255,325,263,326,271,324,278,326,287,332,280,347,273,351,263,353,254,352,246,348,240,333,251,332,263,333,274,332,285,333,270,340,263,341,256,340,130.36,22.16,61.82,14.26,107.94,13.25,77.42,35.23
155,2026-02-11T16:59:50.445599,187,251,187,278,189,292,197,323,204,336,211,347,228,364,249,376,264,377,278,374,296,360,310,342,315,332,320,318,325,287,326,273,326,246,197,247,202,241,212,237,226,237,242,239,278,237,294,235,307,234,316,236,321,242,261,257,262,265,262,272,263,278,263,285,264,293,264,299,264,303,264,304,263,306,211,262,218,259,229,258,240,263,231,265,220,265,281,261,291,256,301,256,308,259,300,262,289,262,238,333,247,326,255,325,263,326,271,324,278,326,288,332,281,348,274,353,264,354,254,353,246,348,241,333,251,332,263,333,274,332,285,333,271,341,264,342,257,341,131.13,22.35,61.74,13.94,108.12,13.37,77.01,34.98
156,2026-02-11T16:59:50.472018,187,251,187,278,189,292,197,323,204,336,211,347,228,364,249,376,264,377,278,374,296,360,310,342,315,332,320,318,325,287,326,273,326,246,197,247,202,241,212,237,226,237,242,239,278,237,294,235,307,234,316,236,321,242,261,257,262,265,262,272,263,278,263,285,264,293,264,299,264,302,264,304,263,306,211,262,218,259,229,258,240,263,231,265,220,265,281,261,291,256,301,256,308,258,300,262,289,262,238,333,247,326,255,324,263,326,271,324,278,326,288,332,282,348,274,353,265,354,255,353,246,348,241,333,252,332,263,333,275,332,285,333,271,341,264,342,257,341,131.13,22.35,61.71,13.91,108.2,13.36,76.82,34.99
157,2026-02-11T16:59:50.498262,187,252,187,279,189,293,197,323,204,337,211,347,228,364,249,375,264,376,278,374,296,360,310,342,315,332,320,318,325,287,326,273,326,246,196,247,202,241,212,237,226,237,242,239,278,237,294,234,307,233,316,236,320,242,261,257,262,265,262,272,263,278,263,285,264,293,264,299,264,302,264,304,263,306,211,262,218,259,229,258,240,263,230,265,220,265,280,261,291,256,301,256,308,258,300,262,289,262,238,333,247,326,255,324,263,326,271,324,278,326,288,332,282,347,274,352,265,353,255,352,247,348,241,333,252,332,263,333,275,332,285,333,271,340,264,341,257,340,130.51,22.5,61.65,14.31,107.28,13.54,77.44,36.16
158,2026-02-11T16:59:50.526817,187,252,187,279,189,293,197,323,204,337,211,347,229,364,249,375,264,375,278,373,296,360,310,342,315,332,320,318,325,287,326,273,326,246,196,247,202,241,212,237,226,237,242,239,278,237,294,234,307,233,316,236,320,242,261,257,262,265,262,271,263,278,263,285,264,293,264,299,264,302,264,304,263,306,211,262,218,259,228,258,239,263,230,265,220,265,280,261,291,256,301,256,308,258,300,262,289,262,238,333,247,326,255,324,263,326,271,324,278,326,288,331,281,345,274,349,264,351,255,350,247,346,241,333,252,332,263,333,275,332,285,332,271,337,264,338,257,337,130.51,22.5,61.04,14.08,106.37,13.99,76.7,35.84
159,2026-02-11T16:59:50.557908,187,252,187,279,189,293,197,323,204,337,212,347,229,363,250,374,264,375,278,372,296,359,310,342,315,331,320,318,325,287,326,273,326,246,196,247,202,241,211,237,225,237,242,239,278,237,293,234,306,233,316,236,320,242,261,256,262,264,262,271,263,278,263,285,264,293,264,299,264,302,264,304,263,306,211,262,218,259,228,258,239,263,230,264,220,265,280,261,291,256,301,255,308,258,300,262,289,262,238,332,248,326,255,324,263,326,271,324,278,326,288,331,281,344,274,348,264,350,255,349,247,345,241,333,252,332,263,333,275,332,285,331,271,336,264,337,257,336,130.86,22.5,61.61,14.59,107.02,13.98,75.79,35.93
160,2026-02-11T16:59:50.601036,187,252,187,279,189,293,197,323,204,337,212,347,229,363,250,374,264,375,278,372,296,359,310,341,315,331,320,318,325,287,326,273,326,246,196,247,202,241,211,237,225,237,242,239,277,237,293,234,306,233,315,236,320,242,261,256,262,264,262,271,263,278,263,285,264,293,264,299,264,302,264,304,263,306,211,262,218,259,228,258,239,263,230,264,220,265,280,261,291,255,301,255,308,258,300,261,289,262,238,332,248,326,255,325,263,326,271,324,278,326,287,331,280,345,273,349,264,351,255,350,247,346,242,333,252,332,263,333,274,332,285,331,270,337,264,338,257,337,130.73,22.48,61.26,14.24,107.28,13.64,75.31,35.9
161,2026-02-11T16:59:50.627343,187,252,187,279,189,293,197,323,204,337,212,347,229,363,250,374,264,375,278,372,296,359,310,341,315,331,320,317,325,287,326,273,326,246,196,247,201,241,211,237,225,237,242,238,277,237,293,234,306,233,315,236,320,241,261,256,262,264,262,271,263,278,263,285,264,293,264,299,264,302,263,304,263,306,211,262,218,259,228,258,239,262,230,264,220,265,280,260,291,255,301,255,308,258,300,261,289,261,239,332,248,326,255,325,263,326,271,324,278,326,287,331,280,345,273,349,264,351,255,350,247,346,242,333,252,333,263,333,274,332,284,331,270,337,264,338,257,337,132.45,22.12,60.19,13.59,107.16,12.91,76.14,35.52
162,2026-02-11T16:59:50.652852,187,251,187,279,189,293,197,323,204,336,212,347,229,363,250,374,264,374,278,372,296,359,310,341,315,331,320,317,325,287,326,273,326,245,196,247,201,240,211,237,225,237,242,238,277,236,293,234,306,233,315,236,320,241,261,256,262,264,262,271,262,278,263,285,263,293,263,299,263,302,263,304,263,306,211,262,218,259,228,258,239,262,230,264,220,265,280,260,290,255,301,255,307,258,299,261,289,261,238,332,248,326,255,325,263,326,271,324,278,326,288,331,280,344,273,348,264,349,255,349,247,345,241,333,252,333,263,334,274,332,285,331,270,335,264,336,257,336,129.19,22.97,60.28,13.75,107.15,12.69,76.12,35.65
163,2026-02-11T16:59:50.684363,187,251,187,278,189,292,197,322,204,335,211,346,229,362,250,373,264,374,278,371,296,359,310,341,315,331,320,317,325,287,326,273,326,246,196,246,201,240,211,237,225,237,242,238,277,236,293,234,306,233,315,236,320,241,261,256,262,264,262,271,262,278,263,285,263,293,263,299,263,302,263,304,263,306,211,262,218,258,228,258,239,262,230,264,220,265,280,260,290,255,301,255,307,258,299,261,289,261,238,331,248,326,255,325,263,326,271,324,278,326,288,330,280,343,273,347,264,349,255,348,247,344,240,332,252,333,263,334,274,332,285,331,270,335,264,336,257,335,128.49,22.47,59.7,13.08,107.63,12.26,76.46,36.66
164,2026-02-11T16:59:50.715805,186,251,187,278,189,291,197,322,204,335,211,345,229,362,249,373,264,374,278,371,296,358,310,341,315,330,320,317,325,287,326,273,326,246,196,246,201,240,211,236,225,236,242,238,277,236,293,234,306,233,315,236,320,241,261,256,262,264,262,271,263,277,263,284,264,293,264,299,264,302,263,304,263,306,210,262,217,258,228,258,239,261,230,264,219,265,280,260,290,256,301,256,308,258,299,261,289,261,238,331,248,326,255,325,263,326,271,324,278,326,287,330,280,344,273,348,264,349,255,348,247,345,241,332,252,332,263,333,274,332,284,331,270,336,264,337,257,336,131.2,21.48,58.52,12.64,107.65,12.61,75.41,34.83
165,2026-02-11T16:59:50.755305,186,250,187,277,188,291,197,321,204,334,211,345,228,362,249,373,264,374,278,371,296,358,310,340,315,330,320,316,325,286,326,272,326,245,196,246,201,240,211,236,225,236,242,237,278,236,294,233,307,233,316,236,320,241,261,256,262,264,263,271,263,277,264,284,265,292,265,299,264,302,264,304,264,305,209,262,217,258,228,258,239,261,230,263,219,264,280,260,290,256,301,256,308,258,300,261,289,261,238,331,248,325,255,324,264,325,272,324,278,325,287,330,280,345,273,349,264,351,255,350,247,346,242,332,252,331,264,332,274,331,284,331,270,337,264,338,257,337,130.38,21.67,58.12,12.5,107.76,12.62,75.84,34.08
166,2026-02-11T16:59:50.781890,186,250,187,277,188,290,196,321,204,334,211,345,228,361,249,373,264,374,279,371,296,358,310,340,315,330,320,316,325,286,326,272,326,245,196,246,201,240,211,236,225,236,242,237,278,236,294,233,307,233,316,236,320,241,262,255,262,263,263,270,264,277,264,284,265,292,265,298,265,301,264,303,264,305,210,261,217,258,228,258,239,261,230,263,219,264,281,260,291,256,301,256,308,258,300,261,289,261,238,331,248,325,256,324,264,325,272,323,278,325,287,330,281,345,273,350,264,351,255,350,247,346,242,332,252,331,264,332,274,331,284,331,270,338,264,339,257,338,128.58,22.37,57.2,12.63,106.54,12.73,75.35,34.04
167,2026-02-11T16:59:50.812389,186,250,187,276,188,290,197,320,204,334,211,344,228,361,250,373,264,374,279,371,297,358,310,340,315,329,320,316,325,286,326,272,326,245,196,246,202,240,212,236,226,236,243,237,279,236,295,233,308,233,317,236,321,241,262,255,263,263,263,270,264,277,265,284,265,292,265,298,265,301,265,303,264,305,211,261,218,258,229,257,240,261,231,263,220,264,281,259,291,256,302,256,309,258,300,261,290,261,238,331,248,325,256,324,264,325,272,324,278,325,287,330,281,344,273,348,264,350,255,349,247,345,242,332,253,331,264,332,274,331,284,331,270,337,264,337,258,337,127.12,22.79,57.91,12.84,107.2,13.86,76.48,34.51
168,2026-02-11T16:59:50.841655,186,250,187,277,188,290,197,321,204,334,211,344,229,361,250,372,265,373,279,371,297,358,310,340,315,329,320,316,325,286,326,272,326,245,196,246,202,240,212,236,226,236,244,237,280,236,296,234,309,233,317,236,322,241,263,255,264,263,264,270,265,277,265,284,266,292,266,298,265,301,265,303,265,305,212,261,219,258,230,257,241,261,232,263,221,264,282,259,292,255,302,256,309,258,301,261,291,261,239,331,249,325,256,324,264,325,272,324,279,325,288,330,281,343,274,347,264,349,255,348,248,345,242,332,253,331,264,332,275,331,285,331,270,336,264,336,258,336,128.57,21.95,58.67,12.94,108.04,13.75,78.85,36.71
169,2026-02-11T16:59:50.869660,187,250,187,277,189,290,197,321,204,334,211,345,229,361,250,372,265,373,279,371,297,358,310,340,316,329,320,316,325,286,326,272,326,245,197,246,203,240,213,236,227,236,244,237,280,236,296,234,309,233,318,236,322,242,264,255,264,263,265,271,265,277,266,284,266,292,266,298,266,302,266,304,266,305,212,261,220,258,230,257,241,261,232,263,222,264,283,259,293,255,303,256,310,258,301,261,291,261,240,331,250,326,257,324,265,325,273,324,279,325,288,330,281,344,274,348,265,349,256,348,248,345,243,332,254,332,265,333,275,332,285,331,271,336,265,336,259,336,127.14,22.42,59.29,12.75,107.92,14.03,80.18,36.23
170,2026-02-11T16:59:50.910024,187,250,187,277,189,290,197,321,204,334,211,345,229,362,250,373,265,374,280,371,297,358,310,340,316,330,320,316,325,286,326,273,327,246,198,246,203,240,213,236,228,236,245,237,281,236,297,234,309,234,318,237,322,242,264,256,265,264,265,271,266,277,267,284,267,293,267,299,267,302,266,304,266,305,213,261,220,258,231,257,242,261,233,263,222,264,283,260,293,256,303,256,310,258,302,261,292,261,240,332,250,325,257,324,266,325,273,324,280,325,288,331,282,345,275,349,266,351,256,350,248,346,243,332,254,332,265,332,276,331,285,331,271,337,265,338,259,337,130.46,21.43,59.53,12.48,108.94,14.64,79.86,35.08
171,2026-02-11T16:59:50.972965,187,250,188,277,189,291,197,321,204,335,211,346,229,362,250,374,265,375,280,372,297,359,310,341,316,331,320,317,325,287,326,273,327,246,198,246,204,240,214,236,228,236,245,237,281,237,297,234,310,234,318,237,323,242,264,256,265,264,265,271,266,277,267,284,267,293,267,299,267,302,266,304,266,306,213,261,220,258,231,257,242,261,233,263,222,264,283,260,293,256,303,256,310,258,302,261,292,261,240,332,250,325,257,324,266,325,274,323,280,325,289,331,283,346,275,351,266,352,256,351,248,347,243,332,254,331,265,331,276,331,286,331,272,339,266,340,259,339,130.65,21.57,59.82,12.73,109.65,14.85,81.93,35.85
172,2026-02-11T16:59:50.998496,187,250,188,277,189,291,197,322,204,336,211,346,229,363,250,374,265,375,280,372,297,359,310,341,316,331,320,318,325,287,326,274,327,246,198,246,204,240,214,236,228,236,245,238,281,237,297,235,310,234,318,237,323,243,264,256,265,264,265,271,266,277,267,284,267,293,267,299,267,302,266,304,266,306,213,261,220,258,231,257,242,261,233,263,222,264,283,260,293,256,304,256,310,259,302,261,292,261,239,332,250,325,257,323,266,325,274,323,281,325,290,331,283,347,276,351,266,353,256,352,248,348,243,332,254,330,266,330,277,330,287,331,273,340,266,341,259,340,129.59,22.41,59.44,12.63,108.56,14.69,80.56,35.92
173,2026-02-11T16:59:51.029259,187,250,188,277,189,291,197,322,204,336,211,346,229,363,250,374,265,375,280,373,297,359,310,342,316,331,320,318,325,288,326,274,327,247,198,246,204,240,214,236,228,236,245,238,281,237,297,235,310,235,319,238,323,243,264,256,265,264,266,271,266,278,267,285,267,293,267,299,267,303,267,304,266,306,213,261,220,258,231,257,242,261,233,263,222,264,283,260,294,256,304,256,311,259,302,262,292,262,239,332,250,325,258,323,266,324,275,323,282,324,291,331,284,347,276,352,266,353,256,352,248,348,243,332,254,330,266,330,277,330,287,332,273,341,266,341,259,341,130.03,22.4,58.97,12.54,107.38,15.42,77.59,32.92
174,2026-02-11T16:59:51.058832,187,250,188,277,189,291,197,322,204,336,211,346,229,363,250,374,265,375,280,373,297,359,310,342,316,331,320,318,325,288,326,274,327,247,198,246,204,240,214,237,228,236,245,238,281,237,297,235,310,235,319,238,323,243,264,256,265,264,266,271,266,278,267,285,267,294,267,300,267,303,267,305,267,307,213,261,220,258,231,257,242,261,233,263,222,264,284,261,294,256,304,256,311,259,302,262,292,262,239,332,250,325,258,324,266,325,275,323,282,325,291,331,284,347,276,352,266,353,256,352,248,348,243,332,254,331,266,332,277,331,288,332,273,340,266,341,259,340,129.98,22.47,58.84,12.54,107.38,15.39,77.85,33.6
175,2026-02-11T16:59:51.097283,187,250,188,277,189,291,197,322,204,335,211,345,229,362,251,373,266,374,280,372,297,359,310,341,316,331,320,317,325,287,326,274,327,247,198,246,204,240,214,237,228,237,245,238,281,237,297,235,310,235,319,238,323,243,265,256,265,265,266,272,266,278,267,286,268,294,268,300,267,304,267,305,267,307,213,261,220,258,231,257,242,262,233,264,222,264,284,261,294,256,304,256,310,259,302,262,292,262,239,332,250,327,258,326,266,328,275,326,282,326,291,331,283,345,276,349,266,350,256,349,248,346,242,332,254,332,266,334,277,332,288,331,273,338,266,338,259,338,127.86,22.49,58.93,12.58,106.76,14.95,77.91,35.03
176,2026-02-11T16:59:51.160562,188,250,188,277,189,290,197,321,204,334,211,345,230,361,251,373,266,374,280,371,297,358,311,340,316,330,320,317,325,287,326,273,327,247,198,246,204,240,214,237,229,237,246,239,282,238,297,235,310,235,319,238,323,243,265,257,266,265,266,272,267,279,267,286,268,295,268,301,268,304,267,306,267,307,214,261,221,258,231,258,242,262,233,264,223,264,284,261,294,256,304,256,310,259,302,262,292,262,239,332,250,327,258,326,266,328,275,326,281,327,291,330,283,345,276,349,266,350,257,349,248,346,241,332,254,333,266,334,278,332,288,331,273,337,266,338,259,337,131.17,21.44,60.07,12.6,106.78,14.57,77.46,34.97
177,2026-02-11T16:59:51.223618,188,250,188,277,189,290,197,321,203,334,211,344,230,361,251,373,266,374,280,371,297,358,311,340,316,330,320,316,325,286,326,273,327,246,199,246,205,241,215,237,229,237,246,239,282,238,298,235,311,235,319,238,323,243,266,257,266,265,267,273,268,279,268,286,269,295,269,301,268,304,268,306,268,307,214,262,221,258,232,258,243,262,234,264,223,264,284,261,294,256,304,256,310,259,302,262,292,262,239,332,251,327,258,326,267,328,275,326,282,327,291,331,283,345,276,349,267,350,257,349,249,346,242,332,254,333,267,334,278,333,288,331,273,337,267,338,260,337,132.61,20.89,60.02,12.73,107.86,14.75,78.58,35.8
178,2026-02-11T16:59:51.249123,188,250,188,277,189,290,197,321,203,334,211,344,230,361,251,373,266,374,280,371,298,358,311,340,316,330,320,316,325,286,326,273,327,246,199,246,205,241,215,237,230,237,247,239,282,238,298,235,311,235,319,238,323,243,266,257,267,265,268,273,268,279,269,286,270,295,270,301,269,304,269,306,268,307,214,262,221,258,232,258,243,262,234,264,223,264,284,261,294,256,304,256,311,259,303,262,293,262,241,332,252,327,260,326,268,328,276,326,283,327,291,332,284,346,277,350,268,352,258,351,250,347,244,333,256,333,268,335,278,333,288,332,274,338,268,338,261,337,130.86,21.38,59.55,12.87,109.2,14.77,78.97,36.26
179,2026-02-11T16:59:51.276483,188,250,188,277,189,290,197,321,204,334,211,345,230,361,252,373,267,374,281,371,298,358,311,340,316,330,320,316,325,286,326,273,327,246,199,246,205,241,215,237,230,237,247,239,283,237,299,235,311,235,320,238,324,243,267,257,267,265,268,273,269,279,270,286,271,295,271,301,270,304,270,306,269,307,214,262,221,258,232,258,243,262,234,264,223,264,285,261,295,256,305,256,311,259,303,262,293,262,243,333,253,327,261,325,270,327,277,325,284,327,291,332,285,347,278,351,269,353,259,352,251,348,246,334,257,334,269,334,279,333,288,333,275,339,269,339,262,338,132.73,20.82,59.65,12.75,109.43,14.77,78.57,36.31
180,2026-02-11T16:59:51.317378,188,250,188,277,189,290,197,321,204,334,212,345,230,361,252,373,267,374,281,371,298,358,311,340,316,330,320,317,325,287,326,273,327,247,199,246,205,241,215,237,230,237,248,239,283,237,299,235,312,235,320,238,324,243,267,257,268,265,268,273,269,279,270,286,271,295,271,301,270,304,270,306,269,307,213,262,221,259,232,258,243,262,234,264,223,264,285,261,295,256,305,256,312,259,304,262,294,262,244,334,253,326,261,324,270,325,278,323,284,326,291,333,286,348,279,353,269,355,259,353,251,349,248,334,258,333,269,334,279,333,288,333,275,339,269,340,263,339,131.96,21.79,59.74,14.3,109.6,14.44,79.37,36.77
181,2026-02-11T16:59:51.343305,188,250,188,277,189,291,197,321,204,334,212,345,230,361,252,373,267,374,281,372,298,358,311,341,316,331,320,317,325,288,326,274,327,247,199,247,205,241,216,237,230,237,248,239,284,237,300,235,312,235,321,238,325,243,267,257,268,265,268,273,269,279,270,286,271,295,271,301,270,304,270,306,269,307,213,262,221,259,232,258,243,262,234,264,223,265,286,261,296,256,306,257,312,260,304,263,294,263,244,334,253,326,261,324,270,325,278,323,284,326,291,334,286,349,279,354,269,355,259,354,251,350,248,334,258,333,269,334,279,333,288,334,275,340,269,341,263,340,130.05,21.6,58.64,13.85,104.94,13.73,77.35,34.34
182,2026-02-11T16:59:51.372016,188,251,188,277,189,291,197,321,205,335,212,345,230,362,252,373,267,374,281,372,298,358,311,341,316,331,321,318,326,288,326,275,328,248,199,247,205,241,216,237,231,237,248,239,284,238,300,235,313,235,321,238,325,243,267,257,268,265,269,273,269,279,270,286,271,294,271,301,270,304,270,306,270,307,213,262,221,259,232,258,243,262,234,264,223,265,286,261,296,256,306,257,312,260,304,263,294,263,244,334,253,326,261,323,270,325,278,323,284,326,291,334,286,349,279,353,270,355,260,354,251,349,248,334,258,333,269,333,279,333,288,334,275,341,270,341,263,340,129.07,22.4,58.29,13.85,104.94,13.92,78.01,35.3
183,2026-02-11T16:59:51.411627,188,251,189,278,190,291,198,322,205,335,213,345,231,362,253,373,268,374,282,372,299,359,311,342,316,332,321,318,326,289,326,275,328,248,200,247,206,241,217,237,232,237,249,239,285,238,301,236,313,235,321,239,325,244,268,257,269,265,269,273,270,279,271,286,271,294,271,301,271,304,270,306,270,307,214,262,221,259,232,258,244,262,234,264,224,265,286,262,296,257,307,258,313,261,305,264,295,263,244,334,253,325,262,323,270,324,278,323,285,325,293,333,287,349,280,353,270,355,260,354,252,349,247,334,258,332,270,331,280,331,289,334,276,341,270,342,263,341,129.64,21.36,58.93,14.11,105.9,13.67,80.3,36.78
184,2026-02-11T16:59:51.436826,189,251,189,278,190,291,198,322,205,335,213,345,231,362,253,373,269,374,282,372,299,359,312,342,317,332,321,318,326,289,327,275,328,248,200,247,207,241,217,237,232,237,249,239,285,238,301,236,313,236,322,239,326,244,268,257,269,265,270,273,270,279,271,286,272,294,272,300,271,304,271,305,270,307,215,262,223,259,233,258,245,262,236,264,225,265,287,262,297,257,307,258,313,261,305,264,295,263,243,333,253,325,262,323,271,324,279,323,285,325,293,333,287,349,280,353,270,355,260,353,252,349,247,334,258,331,270,331,281,331,290,334,277,341,271,342,263,341,125.86,21.49,59.78,14.07,105.17,13.19,78.4,35.48
185,2026-02-11T16:59:51.464002,189,251,189,278,190,292,198,322,205,336,213,346,231,362,253,373,269,374,283,372,300,359,312,342,317,332,321,319,326,289,327,276,329,249,201,247,207,241,217,237,232,237,250,239,286,238,302,236,314,236,323,239,326,244,269,257,270,265,270,272,271,279,272,286,272,294,272,300,272,303,271,305,271,307,216,262,224,259,234,258,246,262,236,264,226,265,287,262,297,257,307,258,313,261,305,264,295,263,243,333,254,325,262,323,271,324,279,323,286,325,294,333,288,349,281,354,271,355,261,354,252,349,247,334,258,331,270,331,281,331,291,334,277,342,271,343,264,342,128.18,21.48,62.23,14.12,105.32,13.08,79.41,35.95
186,2026-02-11T16:59:51.505840,189,251,189,278,191,292,198,323,206,336,213,347,232,363,254,374,269,375,283,373,300,360,312,343,317,333,321,319,326,290,327,276,329,249,201,247,207,241,218,237,233,237,250,239,287,238,302,236,315,236,323,239,327,244,270,257,271,265,271,272,272,279,273,286,273,294,273,300,273,303,272,305,272,307,217,262,225,259,235,258,246,262,237,264,227,265,287,262,297,258,307,259,313,261,306,264,296,264,244,333,254,325,263,323,272,324,280,323,287,325,294,333,288,349,281,354,271,355,261,354,253,350,247,334,258,331,271,331,282,331,291,334,278,342,271,343,264,342,128.05,21.51,62.37,14.17,104.74,12.72,80.98,37.56
187,2026-02-11T16:59:51.570670,189,251,189,278,191,291,198,322,205,336,213,346,232,363,254,374,270,375,284,373,301,360,313,342,317,332,322,319,326,289,327,275,329,249,202,247,208,241,218,237,233,237,251,239,287,239,303,237,315,236,323,239,327,244,270,257,271,265,272,273,273,279,274,286,274,295,274,301,274,304,273,306,273,307,217,262,224,259,235,258,246,262,237,264,226,265,287,262,297,258,307,259,314,261,306,264,296,263,244,333,255,325,263,323,272,325,281,323,288,325,295,333,289,349,282,354,272,355,261,354,253,350,247,334,259,331,272,331,283,331,292,334,279,342,272,343,265,342,130.47,21.19,62.62,13.76,104.69,13.25,81.62,37.91
188,2026-02-11T16:59:51.598149,189,251,189,278,191,291,198,322,205,336,213,346,232,363,254,374,270,375,284,373,301,360,313,342,318,332,322,319,327,289,327,275,330,249,201,247,208,241,218,237,233,237,251,239,287,239,303,237,315,237,323,239,327,244,270,257,271,266,272,273,273,279,274,287,275,295,275,301,274,304,273,306,273,307,216,262,224,259,235,259,246,262,237,264,226,265,287,262,297,258,308,259,314,261,306,264,296,263,243,333,255,325,264,323,273,325,281,323,288,325,296,333,290,349,282,354,272,355,262,354,253,350,247,334,259,331,272,331,283,331,293,333,279,342,272,343,265,342,130.16,21.08,61.69,13.13,103.65,13.11,80.22,36.18
189,2026-02-11T16:59:51.625237,190,251,189,278,191,291,198,322,205,336,213,346,232,363,254,374,270,375,284,372,301,360,313,342,318,332,322,319,327,289,327,275,330,249,202,247,208,241,219,237,234,237,252,239,288,239,304,237,316,237,324,240,327,245,271,258,272,266,273,273,274,280,274,287,275,296,275,302,274,305,274,307,273,308,216,262,224,259,235,259,246,262,237,264,226,265,288,262,298,259,308,260,315,262,307,264,297,263,243,333,255,325,264,323,273,325,281,323,288,325,296,333,290,349,282,354,272,355,262,354,253,350,247,334,259,331,272,331,284,331,293,333,279,342,273,343,265,342,132.31,20.21,61.39,12.64,99.31,13.06,81.12,34.94
190,2026-02-11T16:59:51.653853,189,251,189,278,191,291,198,322,205,336,213,346,232,363,254,374,270,375,284,372,300,359,313,342,318,332,322,319,327,289,327,275,329,249,202,247,208,241,219,237,234,238,252,239,288,240,304,238,316,237,324,240,328,245,271,258,272,266,273,273,274,280,274,287,275,296,275,302,274,305,274,307,273,308,216,262,224,260,235,259,246,262,237,264,226,265,288,262,298,259,309,260,316,262,307,264,297,264,243,333,255,325,264,323,273,325,281,323,288,325,296,333,290,349,282,353,272,355,262,354,253,350,247,334,259,331,272,331,284,331,293,333,279,342,273,343,265,342,131.97,20.62,61.37,13.43,98.97,13.35,80.28,35.57
191,2026-02-11T16:59:51.687210,190,251,190,278,191,291,198,322,205,336,213,346,232,363,254,374,270,375,284,372,300,360,313,342,318,332,322,319,326,289,327,276,329,249,202,247,208,241,219,238,234,238,252,240,288,240,304,238,316,238,324,241,328,246,271,258,272,267,273,274,274,281,274,288,275,296,275,302,274,306,274,307,273,308,217,263,224,260,235,259,247,263,237,265,226,266,288,262,298,259,309,260,316,262,307,265,297,264,243,333,255,326,264,324,273,325,281,324,288,325,296,333,289,349,282,353,272,355,262,354,253,350,247,334,259,331,272,332,283,331,293,333,279,342,272,342,265,342,132.5,20.67,61.4,13.42,99.55,13.6,81.26,37.68
192,2026-02-11T16:59:51.715249,190,251,190,278,191,291,198,322,205,336,213,346,232,363,254,374,270,375,283,372,300,360,313,343,318,333,322,319,327,289,327,276,329,249,202,247,208,242,219,238,234,239,252,241,288,241,304,239,316,239,324,241,328,246,271,259,272,268,272,275,273,282,274,289,275,297,275,304,274,307,274,308,273,309,216,263,224,260,235,259,247,263,237,265,226,266,288,263,298,260,309,260,315,263,307,265,297,264,243,334,255,326,264,325,273,326,281,325,288,326,296,333,289,349,282,353,272,355,262,353,253,349,247,334,259,332,272,333,283,332,293,333,279,341,272,342,265,341,129.67,21.26,60.17,13.42,98.93,12.79,81.6,36.82
193,2026-02-11T16:59:51.752941,190,251,190,278,191,291,198,322,205,336,213,346,232,363,254,374,269,374,283,372,300,360,313,343,317,333,322,319,326,290,327,276,329,250,202,248,209,242,220,239,234,239,252,241,288,242,304,240,316,239,324,242,328,247,271,260,272,268,272,276,273,282,274,290,275,298,275,304,274,307,273,309,273,310,216,263,224,260,235,259,246,263,237,265,226,266,288,263,298,260,309,261,315,263,307,266,297,265,243,334,255,327,263,326,273,327,281,326,287,327,296,333,288,349,281,353,272,354,261,353,253,349,246,334,258,334,272,334,283,334,293,334,278,341,272,341,264,340,130.8,21.23,59.58,13.75,99.51,13.01,82.63,37.05
194,2026-02-11T16:59:51.781390,190,251,190,278,191,291,198,322,205,336,213,346,232,363,254,374,269,374,282,372,299,360,312,343,317,333,321,319,326,290,327,276,329,250,202,248,209,242,220,239,235,240,252,242,288,242,304,241,316,240,324,243,328,248,271,260,272,269,272,276,273,283,274,290,275,299,275,305,274,308,273,310,273,311,216,264,224,260,235,260,246,264,237,266,226,267,289,264,299,260,309,261,315,264,307,267,297,266,243,334,255,328,263,326,272,328,281,326,287,328,296,334,288,349,281,353,272,354,261,353,253,349,246,335,258,334,272,335,283,334,293,334,278,340,272,341,264,340,131.31,21.23,59.29,13.81,100.32,12.4,82.17,37.35
195,2026-02-11T16:59:51.808353,190,251,190,277,191,291,198,322,205,336,212,346,231,363,254,374,269,374,282,372,299,360,312,343,317,333,321,320,326,290,327,276,329,250,202,248,209,243,220,240,235,240,252,243,288,243,304,241,316,240,324,243,327,248,271,261,272,270,272,277,273,284,274,291,275,300,274,306,274,309,273,311,273,312,216,264,224,260,235,260,246,264,237,266,226,267,289,265,299,261,309,261,315,264,307,267,297,267,243,335,255,329,263,327,272,329,281,327,287,329,295,334,288,349,281,353,271,354,261,353,253,349,246,335,258,335,272,336,283,335,292,335,278,340,272,341,264,340,132.32,21.06,59.1,13.89,100.36,12.43,81.78,37.7
196,2026-02-11T16:59:51.845746,191,251,190,277,191,291,198,322,205,336,212,346,231,363,253,374,268,375,282,372,298,360,311,343,316,333,320,320,325,290,326,277,329,250,203,248,209,243,220,240,235,241,252,243,288,243,304,241,316,241,324,243,327,248,271,262,272,270,272,278,273,285,274,292,275,301,274,307,274,310,273,311,273,313,216,264,224,260,235,260,246,265,237,267,226,267,288,266,299,261,309,262,315,265,307,268,297,267,244,337,255,331,263,329,272,331,280,329,286,331,294,337,287,350,280,354,271,355,261,354,253,350,247,337,259,338,272,339,282,338,291,337,278,341,272,342,264,341,132.59,21.12,59.07,13.81,100.12,11.79,80.09,36.35
197,2026-02-11T16:59:51.871352,191,251,190,278,191,291,197,322,204,336,212,346,231,363,253,374,268,375,281,373,298,360,310,344,315,334,319,321,324,291,325,278,328,252,202,248,209,243,220,240,235,241,252,244,288,244,304,242,316,242,323,244,327,249,271,262,272,271,272,278,273,285,274,292,275,301,274,307,274,310,273,312,272,313,216,264,223,260,234,260,246,265,237,267,226,268,288,267,298,262,309,263,315,266,307,269,297,269,244,339,255,332,263,330,272,332,280,330,286,332,293,339,287,351,280,355,271,356,261,355,253,351,247,339,259,340,271,340,281,340,290,339,277,342,271,343,264,342,133.06,19.89,58.4,13.17,99.0,12.02,78.68,33.5
198,2026-02-11T16:59:51.908451,191,252,190,278,191,291,197,322,204,336,212,346,231,363,253,374,268,375,281,373,297,360,310,344,315,334,319,320,324,291,325,278,328,252,202,249,209,243,220,241,234,241,252,244,287,245,303,243,315,242,323,245,326,250,270,263,271,271,272,279,273,286,274,293,274,301,274,307,273,310,273,312,272,313,216,264,223,261,234,260,245,266,236,267,226,268,288,267,298,262,308,263,314,266,306,269,296,269,245,340,255,333,263,331,272,332,279,331,285,332,291,339,286,353,280,358,271,359,261,358,253,354,249,340,259,340,271,340,280,339,288,340,277,346,271,346,264,346,134.07,19.89,58.53,14.23,97.58,11.83,77.34,33.72
199,2026-02-11T16:59:51.933675,190,251,189,278,190,291,196,321,203,335,211,346,230,363,252,374,267,375,280,373,297,360,310,344,315,334,319,320,324,291,324,278,328,252,202,249,208,243,219,241,233,242,251,244,287,245,303,243,315,242,323,245,326,250,270,263,271,271,271,279,272,286,273,293,273,301,273,307,272,310,272,312,271,313,214,264,221,261,233,260,244,266,235,267,224,268,288,267,298,262,308,263,314,266,306,269,296,268,243,340,254,333,262,331,270,333,278,331,284,333,291,339,285,354,278,359,269,360,259,359,251,355,246,340,257,339,269,340,280,339,288,340,276,347,270,348,263,347,136.87,19.55,56.93,13.27,97.98,12.42,76.12,35.09
200,2026-02-11T16:59:51.964595,190,251,189,277,189,291,196,321,202,335,210,346,228,363,250,374,265,376,279,374,296,361,309,344,314,334,318,321,323,291,324,278,327,252,201,249,207,243,218,241,233,242,250,244,287,245,302,243,314,242,322,245,326,250,269,263,270,271,270,279,271,286,272,293,272,301,272,307,271,310,270,312,270,313,213,264,221,261,232,261,244,266,235,267,224,268,287,267,297,262,308,263,314,266,305,269,295,269,241,339,252,333,260,331,269,333,277,332,283,333,291,340,285,356,277,361,268,362,257,361,249,356,244,340,256,339,268,340,279,339,288,340,275,350,268,350,261,349,135.24,19.78,57.8,13.55,99.37,12.3,77.12,35.95
201,2026-02-11T16:59:52.003860,189,251,188,277,189,290,195,321,202,335,209,346,228,363,249,375,265,377,279,375,296,362,308,344,313,334,318,320,323,291,324,278,327,252,200,249,207,243,218,241,233,242,250,244,286,245,302,243,314,242,322,245,326,250,269,263,270,271,270,279,271,286,271,293,272,302,271,307,271,310,270,312,270,313,213,264,220,261,232,261,243,266,234,267,223,268,286,267,297,262,307,263,313,266,305,269,295,268,240,339,251,332,260,331,269,332,277,331,283,333,291,340,285,356,277,361,267,363,257,361,248,356,243,340,255,338,268,339,279,339,288,340,275,350,268,351,260,350,134.78,19.69,57.53,12.97,99.34,11.91,77.39,36.1
202,2026-02-11T16:59:52.028988,189,251,188,277,188,290,195,321,202,335,209,346,228,364,249,376,265,378,279,376,296,362,308,345,313,334,317,321,323,291,323,278,327,252,200,249,207,243,218,241,233,242,250,245,286,245,302,243,314,242,322,245,326,250,269,263,270,271,270,279,271,286,271,293,272,302,271,307,271,310,270,312,270,313,213,264,221,261,232,261,243,266,234,267,223,268,286,267,297,262,307,263,313,266,305,269,295,268,240,339,252,332,260,331,269,332,277,331,283,333,291,340,285,356,277,361,267,363,257,361,249,356,244,339,255,338,268,339,279,338,288,340,274,350,268,351,260,350,134.92,19.87,58.11,14.09,99.76,11.95,76.44,36.36
203,2026-02-11T16:59:52.065953,188,251,188,277,188,290,195,321,202,336,209,347,227,365,249,378,265,379,279,377,296,363,308,346,313,335,317,321,322,291,323,278,327,252,200,249,207,243,218,241,233,242,250,244,287,245,302,243,314,242,322,245,326,250,269,263,270,271,270,279,271,286,271,293,272,301,271,307,271,310,270,312,270,313,213,264,221,261,232,261,243,266,234,267,223,268,286,267,297,262,307,263,313,266,305,269,295,268,241,339,252,332,260,330,269,332,277,331,283,332,291,340,285,357,277,362,267,363,257,362,249,357,244,339,256,338,268,339,279,338,288,340,275,350,268,351,261,350,132.92,20.47,58.36,14.19,99.99,12.2,78.43,36.94
204,2026-02-11T16:59:52.091287,188,251,187,277,188,291,195,322,202,336,209,348,227,366,249,378,264,380,279,378,296,364,308,346,313,336,317,322,323,292,324,278,327,252,201,249,207,243,218,241,233,242,250,244,287,245,302,243,314,242,322,245,326,250,269,263,270,271,270,279,271,286,272,293,272,301,271,307,271,310,270,312,270,313,214,264,221,261,232,261,243,266,234,267,223,268,287,267,297,262,307,263,313,266,305,269,295,268,240,339,252,332,260,330,269,332,277,330,283,332,291,339,285,357,277,362,267,364,257,362,249,357,244,339,256,338,268,339,279,338,288,340,275,351,268,352,260,350,129.45,21.67,58.11,14.5,99.07,12.11,77.55,36.71
205,2026-02-11T16:59:52.120095,188,251,187,277,188,291,195,322,201,337,209,348,227,366,249,379,264,381,278,378,296,365,308,347,313,336,317,322,323,292,324,278,327,252,201,249,207,243,218,241,233,242,251,244,287,245,303,243,315,242,323,245,326,250,270,262,270,271,271,279,272,285,273,293,273,301,273,307,272,310,271,312,270,313,214,264,221,261,232,261,243,266,234,267,224,268,287,267,297,262,307,263,313,266,305,269,295,268,240,339,252,332,260,330,269,332,277,330,284,332,291,339,285,357,277,362,267,364,257,362,249,357,244,339,256,338,268,339,279,338,288,340,275,350,268,351,261,350,130.97,20.84,57.94,14.39,98.18,12.14,76.07,34.66
206,2026-02-11T16:59:52.160698,188,251,187,278,187,291,194,323,201,337,209,349,227,367,249,380,265,381,279,379,296,365,308,347,313,336,317,322,323,292,324,278,327,252,201,249,207,243,218,241,234,242,251,244,288,245,303,243,315,242,323,245,326,249,270,262,271,271,272,279,272,285,273,293,274,301,273,307,273,310,272,312,271,313,214,264,221,261,232,261,243,266,234,267,224,268,287,267,297,261,307,262,313,265,305,269,295,268,241,339,252,332,261,330,270,332,278,330,284,332,291,339,285,357,277,362,268,364,257,363,249,357,244,339,256,338,269,339,279,338,288,340,275,350,268,351,261,350,129.65,22.0,57.88,14.42,97.56,11.88,75.36,33.89
207,2026-02-11T16:59:52.186784,187,251,186,278,187,292,194,323,201,338,209,349,227,367,249,380,265,381,279,379,296,365,308,347,313,336,317,322,323,292,324,278,327,252,201,249,207,243,219,240,234,241,252,244,288,244,303,242,315,242,323,244,326,249,270,262,271,271,272,278,273,285,274,292,274,301,274,307,273,310,272,312,271,313,214,264,221,261,232,261,243,266,234,267,224,268,287,266,297,261,307,262,313,265,305,269,295,268,240,339,252,332,261,330,270,332,278,330,285,332,292,339,285,357,278,362,268,364,257,362,249,357,244,339,256,338,269,339,280,338,289,340,275,350,268,351,261,350,132.74,20.88,57.8,14.37,97.16,11.92,76.82,32.96
208,2026-02-11T16:59:52.215763,187,251,186,278,186,292,194,323,201,338,209,349,227,367,249,379,264,381,278,378,295,365,307,347,312,336,317,322,323,292,324,278,327,252,200,248,207,243,219,240,234,241,252,243,288,244,303,242,315,241,323,244,326,249,270,262,271,270,272,278,273,284,274,292,274,300,274,306,273,310,272,311,271,313,212,264,220,261,232,260,243,265,234,267,223,268,287,266,297,261,307,262,313,265,305,268,295,267,239,338,252,331,261,330,270,331,278,330,285,332,292,339,285,356,277,361,267,363,257,362,248,357,242,339,255,337,269,338,280,338,289,339,275,349,268,350,260,349,134.6,20.34,57.91,13.92,99.35,12.94,79.16,35.94
209,2026-02-11T16:59:52.252772,187,251,185,278,186,292,194,323,201,338,208,349,227,367,249,379,264,381,278,378,295,364,307,346,312,336,317,322,322,292,323,278,327,252,200,248,207,242,219,239,234,240,252,243,288,243,303,242,315,241,323,244,326,249,270,261,271,270,272,277,273,284,274,291,274,300,274,306,273,309,272,311,271,312,211,264,220,260,231,260,243,265,234,267,222,268,287,265,297,261,307,262,314,265,305,268,295,267,238,338,252,330,261,329,270,330,278,329,285,330,292,337,285,356,277,361,267,363,256,361,248,356,242,338,255,336,269,337,280,336,289,338,274,348,268,349,260,348,135.19,19.92,58.68,12.89,101.16,13.84,81.64,35.81
210,2026-02-11T16:59:52.278010,186,251,185,278,186,291,194,323,201,338,208,349,226,367,248,379,264,380,278,378,295,364,307,346,312,336,317,322,322,291,323,278,327,251,200,248,207,242,219,239,234,240,252,242,288,243,303,242,315,241,323,244,326,248,270,261,271,269,272,277,273,284,274,291,274,300,274,306,273,309,272,311,271,312,210,264,219,260,231,260,243,265,233,266,222,268,287,265,297,261,307,262,314,265,305,267,295,266,238,336,251,330,261,328,270,330,278,328,285,329,292,336,284,355,277,360,267,362,256,360,248,355,241,337,255,336,269,336,280,336,289,337,274,347,268,348,260,347,135.9,20.1,58.43,12.43,101.55,13.99,82.64,35.95
211,2026-02-11T16:59:52.314946,186,251,185,278,186,292,194,323,201,338,208,349,226,367,249,379,264,380,278,378,295,364,307,346,312,336,317,322,322,292,323,278,327,251,200,248,207,242,219,239,234,240,252,242,288,243,303,241,315,241,323,244,326,248,270,261,271,269,272,277,273,284,274,291,274,299,274,306,273,309,272,311,271,312,211,264,219,260,231,261,243,265,233,266,222,268,287,265,297,261,307,262,314,265,305,267,295,266,238,335,251,329,261,328,270,329,278,328,285,329,292,335,285,354,277,358,267,360,256,359,248,354,241,336,255,335,269,335,280,335,289,336,274,346,268,347,260,346,136.21,20.03,59.05,12.56,103.8,14.07,83.54,37.64
212,2026-02-11T16:59:52.342148,187,251,185,278,186,292,194,323,201,338,208,349,227,367,249,378,264,379,278,377,295,364,307,346,312,336,316,322,322,292,323,278,327,251,200,248,207,242,219,239,234,240,252,242,288,243,303,241,315,241,322,244,326,248,270,261,271,269,272,277,273,284,274,291,274,300,274,306,273,309,272,311,271,312,211,264,220,261,231,261,243,265,234,266,222,268,287,265,297,261,307,262,314,265,305,267,295,266,238,335,251,329,261,327,270,329,279,327,285,329,292,335,285,353,277,358,267,359,257,358,248,354,241,336,255,334,269,335,280,334,290,336,275,346,268,347,260,346,134.63,20.24,59.62,13.36,102.96,13.53,85.89,38.65
213,2026-02-11T16:59:52.371980,187,251,185,278,186,292,194,324,201,338,208,349,227,367,249,378,264,379,278,377,295,364,307,347,312,336,316,323,321,292,323,279,326,252,200,248,207,242,219,239,234,240,252,243,287,244,302,242,314,241,322,244,325,249,270,261,271,270,272,277,273,284,274,291,274,300,274,306,273,309,272,311,271,312,211,264,220,261,231,261,243,265,234,267,222,268,287,266,296,262,306,262,313,265,305,268,295,268,238,335,251,329,261,328,270,329,279,328,285,329,292,335,285,353,277,358,267,359,257,358,248,354,241,336,255,334,269,335,280,334,289,336,275,346,268,347,260,346,133.94,20.36,58.56,12.72,99.13,12.81,85.62,37.7
214,2026-02-11T16:59:52.408073,187,252,186,279,186,293,194,324,200,338,208,349,226,367,248,378,263,379,277,377,293,364,306,347,311,337,315,323,320,293,321,280,325,253,200,249,207,244,219,241,234,242,251,245,286,246,301,244,312,243,320,246,323,251,269,263,270,271,271,279,271,285,272,293,273,301,272,307,271,310,271,312,270,313,212,265,220,261,231,261,243,266,234,268,222,269,285,267,295,263,305,263,311,267,303,270,293,269,237,337,250,329,260,328,269,329,277,328,283,329,291,337,284,354,276,358,266,360,256,358,247,354,240,337,254,334,268,335,279,334,288,338,274,347,267,348,259,347,135.38,19.13,58.04,12.68,97.82,11.64,83.27,35.85
215,2026-02-11T16:59:52.432959,187,252,186,279,186,292,193,323,200,338,208,348,226,366,247,377,262,379,275,377,292,364,305,347,310,337,315,323,320,294,321,280,325,254,200,250,207,244,219,242,234,243,250,246,284,248,299,246,311,245,319,248,322,253,268,264,268,273,269,280,269,287,270,294,270,302,270,308,269,311,268,313,268,314,212,265,220,261,231,261,243,267,234,268,222,269,284,269,294,264,304,264,310,268,302,271,292,271,237,338,249,330,258,328,267,329,275,328,282,330,289,338,282,355,275,359,265,360,255,359,246,355,240,338,253,335,266,335,277,335,286,338,272,348,266,348,258,347,131.64,20.36,57.56,12.87,97.33,11.15,84.07,36.55
216,2026-02-11T16:59:52.469426,187,252,186,278,187,292,193,322,199,337,207,348,225,365,246,377,260,378,273,377,290,364,304,348,309,337,314,324,319,294,320,281,324,255,200,250,207,245,219,243,233,244,250,247,284,249,299,247,311,247,318,249,322,254,267,266,268,274,268,282,269,289,269,296,269,305,269,310,268,313,267,314,266,315,212,265,220,262,231,262,242,267,234,269,222,270,283,270,293,266,303,266,309,270,301,273,291,272,236,338,248,330,257,329,266,330,274,329,280,331,287,340,280,356,273,360,263,361,253,359,245,355,240,339,252,337,265,337,275,337,284,340,270,348,264,348,257,347,133.74,19.92,57.67,13.2,96.47,10.76,80.35,34.99
217,2026-02-11T16:59:52.495518,188,252,186,278,187,291,193,322,199,336,207,347,225,365,246,376,261,378,274,376,291,364,303,348,309,337,313,324,319,294,320,281,324,255,200,250,207,246,219,243,233,245,250,249,284,251,299,249,311,248,318,250,322,255,267,267,268,275,268,283,269,290,269,297,270,306,269,312,269,314,268,316,267,317,213,266,221,263,231,263,242,268,234,270,223,270,283,270,293,266,303,267,309,270,301,273,291,272,237,340,248,332,257,330,266,332,274,330,281,333,288,342,281,356,274,360,264,361,254,359,246,355,241,340,252,338,265,339,276,339,284,342,271,347,265,348,258,347,130.46,21.81,58.78,13.79,96.52,11.11,79.24,35.4
218,2026-02-11T16:59:52.533525,188,252,187,277,188,290,194,321,200,335,207,347,226,364,249,376,264,377,277,375,293,363,304,346,309,335,313,322,319,293,320,280,324,255,201,251,208,246,219,244,234,246,252,250,287,252,302,250,314,248,321,250,324,255,270,268,271,277,272,284,273,291,274,299,274,307,274,313,273,315,272,317,271,318,214,267,222,264,233,264,244,269,236,270,224,271,286,271,296,267,306,268,312,271,304,274,294,273,241,341,253,334,262,332,271,333,278,332,284,334,289,342,283,356,277,359,268,360,259,359,251,355,245,342,257,341,269,341,278,341,286,342,274,347,269,347,262,346,123.79,22.46,58.56,12.52,98.09,12.05,79.55,37.85
219,2026-02-11T16:59:52.559293,187,252,186,277,187,290,193,320,200,335,207,346,227,364,251,375,267,377,280,374,295,362,306,345,309,334,314,321,319,292,320,280,325,255,201,251,209,246,221,244,237,246,255,250,290,252,305,250,316,249,323,251,326,255,274,268,275,276,276,284,278,291,279,299,280,307,280,312,278,315,277,316,276,317,215,267,223,265,234,265,246,269,237,270,226,271,288,271,298,268,308,269,313,271,306,274,296,273,245,342,258,334,267,332,276,334,283,332,288,334,292,342,287,356,281,359,272,360,263,359,255,355,249,342,261,342,274,342,282,342,289,342,279,346,273,347,267,346,130.36,19.92,60.68,12.96,99.75,12.38,78.75,36.21
220,2026-02-11T16:59:52.591554,191,252,189,277,189,290,195,320,201,335,209,346,229,364,252,375,268,376,281,374,296,361,306,345,309,334,314,320,319,292,320,280,326,255,206,251,214,246,226,244,241,246,259,250,293,252,308,250,318,249,325,251,328,255,277,268,278,276,279,284,280,291,281,298,282,307,281,312,280,315,279,316,277,317,218,267,227,265,238,265,249,269,240,270,229,271,290,271,300,269,310,270,316,272,308,274,298,273,246,341,259,334,268,332,277,333,284,332,289,334,294,342,288,355,282,359,273,360,264,359,256,355,250,341,263,341,275,341,284,341,291,342,280,346,274,347,268,346,131.6,19.2,63.02,13.55,100.56,13.47,81.58,35.25
221,2026-02-11T16:59:52.624896,193,252,190,277,190,290,196,320,202,335,210,346,229,363,252,374,267,375,280,373,295,362,306,346,309,336,314,323,319,296,321,283,327,258,209,250,217,245,228,243,244,246,261,249,296,251,310,250,321,249,327,251,329,256,278,267,279,276,280,284,281,291,282,298,282,306,281,311,280,314,279,316,278,317,219,267,229,265,240,265,250,269,241,270,230,271,293,271,303,269,312,270,318,272,311,275,301,274,246,341,259,334,268,331,276,333,284,332,289,334,294,341,288,355,281,358,272,359,263,358,255,354,249,341,262,340,275,341,284,340,291,342,279,346,274,346,267,346,132.85,18.66,62.02,12.88,94.4,13.07,73.34,32.57
222,2026-02-11T16:59:52.653429,195,251,192,276,192,289,197,320,203,334,210,345,229,362,252,373,267,375,280,373,295,362,306,347,309,337,314,325,320,297,322,284,328,259,211,249,218,244,230,242,245,244,262,247,296,251,311,249,321,249,328,251,330,256,279,267,280,275,280,283,281,289,282,296,282,304,281,310,280,313,279,315,277,316,222,266,231,265,241,265,252,268,243,269,232,270,294,271,303,269,313,270,319,272,311,275,301,273,246,339,259,333,268,331,276,333,283,332,288,334,294,341,287,353,281,357,272,358,262,356,254,352,249,339,262,340,274,341,283,340,291,341,279,344,273,345,267,343,133.03,17.66,62.01,13.07,94.09,13.39,72.9,32.05
223,2026-02-11T16:59:52.687625,196,250,192,276,192,289,197,319,203,333,211,344,229,361,252,373,266,374,280,373,295,362,306,347,310,338,314,325,321,297,323,284,330,259,211,248,219,242,230,240,245,242,263,246,298,250,312,249,323,248,329,251,331,256,280,266,280,274,281,281,281,287,282,294,282,302,281,308,280,311,279,313,277,314,223,265,232,265,243,265,253,267,244,268,233,268,295,271,304,269,313,270,319,272,312,274,302,273,246,336,259,332,267,331,275,333,282,331,288,333,293,340,287,352,280,356,271,357,262,355,254,351,249,337,261,338,273,340,283,339,291,340,278,344,273,345,266,343,132.57,18.72,63.04,12.8,95.55,13.02,78.63,34.91
224,2026-02-11T16:59:52.715644,197,249,193,275,193,288,197,319,203,333,211,344,229,361,251,373,266,375,279,373,295,362,306,348,310,339,315,326,322,299,324,286,331,260,212,247,220,242,232,239,247,241,264,245,299,249,314,249,325,248,331,251,333,257,281,265,281,273,282,280,282,286,283,293,283,301,282,307,281,310,279,312,278,313,224,264,233,264,244,265,254,266,245,267,234,267,296,271,305,269,315,271,321,272,313,274,303,273,246,335,259,331,268,330,276,332,283,331,288,333,294,339,287,353,280,356,271,357,262,355,254,351,249,336,262,337,274,339,283,339,291,339,278,344,273,345,266,344,126.68,20.32,62.21,12.41,96.22,13.64,82.45,35.22
225,2026-02-11T16:59:52.748058,196,246,192,272,192,285,197,317,203,331,211,343,229,361,252,373,268,375,281,374,296,363,307,348,311,338,315,326,322,298,324,285,332,260,213,245,221,241,233,239,249,241,267,245,302,249,317,249,328,249,334,252,335,257,284,265,285,273,285,280,286,286,287,293,288,301,286,307,285,310,283,312,282,313,224,263,234,264,245,265,256,265,247,266,235,266,298,271,307,270,317,272,323,273,316,275,305,273,246,335,262,331,271,330,280,332,287,331,292,333,297,339,290,353,283,357,274,357,264,356,255,351,249,336,264,336,278,338,287,338,294,339,282,346,276,346,268,345,127.75,19.57,64.89,11.19,99.56,13.84,85.34,35.27
226,2026-02-11T16:59:52.780169,199,246,195,271,195,285,200,316,206,331,213,343,233,361,258,373,274,375,287,374,301,362,311,346,314,336,318,323,324,295,326,282,335,258,216,246,224,241,236,239,253,241,271,245,307,250,321,249,332,250,337,252,339,257,289,265,290,273,292,280,293,287,294,294,295,302,294,307,292,310,290,311,288,313,227,263,238,264,250,265,261,265,252,266,240,267,301,270,310,270,320,271,326,273,319,274,309,273,250,335,267,330,278,329,287,331,294,331,299,332,303,339,297,355,290,359,280,360,269,358,260,353,253,336,270,335,284,337,294,337,300,339,288,348,282,349,274,348,129.37,16.83,66.72,11.05,104.09,15.04,89.92,36.53
227,2026-02-11T16:59:52.810450,201,244,196,269,195,283,200,314,206,330,214,342,236,361,262,374,279,375,292,374,306,362,314,344,317,333,320,320,325,292,327,280,337,256,222,245,231,241,244,239,261,241,280,245,315,250,328,249,337,250,342,252,342,257,297,265,299,273,300,280,302,287,304,294,305,302,303,308,301,310,299,311,296,313,234,262,244,263,257,264,268,265,258,266,246,266,307,270,316,270,325,271,331,272,324,274,314,273,254,335,273,330,285,329,294,331,302,330,306,332,309,339,303,355,296,359,287,360,275,358,266,353,257,336,275,335,291,336,301,337,306,339,295,349,289,350,280,349,133.24,13.43,63.86,12.04,103.72,21.75,96.88,40.79
228,2026-02-11T16:59:52.840347,207,243,201,268,201,281,205,312,212,327,221,340,243,360,268,373,284,374,296,372,309,359,316,341,318,330,321,317,327,289,329,277,339,254,229,245,239,241,252,239,269,241,288,245,321,250,334,249,342,249,346,252,346,256,304,266,306,274,308,281,310,288,311,296,312,304,311,310,308,312,306,313,303,314,241,262,252,263,264,264,276,265,267,266,254,266,312,269,320,269,330,270,335,271,328,274,319,272,263,335,281,330,291,330,300,331,307,331,311,332,312,338,307,352,301,356,293,357,283,356,274,351,266,336,282,336,297,337,305,337,310,339,301,346,295,346,288,345,139.9,13.17,64.7,12.1,106.64,25.19,103.82,44.74
229,2026-02-11T16:59:52.872397,211,241,204,267,203,280,206,312,214,327,224,339,247,359,274,372,290,373,302,370,313,357,319,340,320,329,322,315,327,287,330,275,340,252,237,245,247,241,261,239,278,242,296,245,327,250,339,249,346,249,350,251,349,255,311,265,313,273,315,281,317,288,319,296,320,304,318,310,316,312,313,313,309,313,248,261,259,262,271,263,282,264,273,265,261,265,316,267,324,266,333,267,337,268,331,271,322,270,269,335,287,330,297,330,306,331,312,330,316,331,317,337,313,350,307,355,299,356,289,355,280,350,273,336,288,335,303,337,310,337,314,338,306,345,301,346,293,345,142.22,12.49,66.47,13.09,104.11,18.7,113.54,45.39
230,2026-02-11T16:59:52.903599,214,242,207,267,206,281,209,312,217,327,227,340,251,359,278,371,294,372,306,370,316,356,321,339,322,328,324,315,329,287,331,275,342,251,241,245,251,241,265,239,282,242,300,245,331,250,342,249,349,249,352,251,351,254,315,265,317,273,319,280,321,288,323,295,325,304,323,309,321,312,317,312,314,313,252,261,262,261,274,262,285,263,277,264,265,265,319,266,327,264,336,265,339,267,333,270,325,269,273,335,291,329,302,329,310,330,317,329,320,330,320,336,316,350,311,354,304,355,294,354,285,350,276,335,293,334,307,335,314,335,317,337,310,345,306,346,298,345,144.4,12.31,65.28,13.43,103.08,18.4,116.83,47.35
231,2026-02-11T16:59:52.933806,217,242,209,268,207,282,211,313,219,328,229,340,254,359,281,371,296,372,307,370,317,357,321,340,322,329,324,316,330,288,332,275,343,252,245,245,255,241,269,240,286,242,303,246,334,249,344,249,351,249,354,251,353,254,318,265,320,273,322,280,324,288,326,295,327,304,326,309,323,312,320,312,316,313,256,261,266,261,278,261,288,263,280,265,268,265,321,266,329,264,338,265,341,267,336,270,327,269,277,335,295,329,305,329,313,330,319,329,322,330,322,336,319,348,314,351,308,353,298,352,289,348,280,335,296,334,310,335,317,335,320,336,313,341,309,342,302,341,149.14,11.81,67.52,13.04,107.25,21.03,118.37,49.1
232,2026-02-11T16:59:52.965443,218,243,209,268,208,282,212,313,220,328,230,340,254,359,281,371,296,372,307,370,317,357,321,340,322,330,324,317,329,288,331,276,342,253,245,245,256,241,270,240,286,242,304,246,334,250,344,250,351,250,354,252,352,255,318,265,320,273,322,280,324,287,327,295,328,303,327,309,324,311,321,312,317,312,256,261,267,261,279,261,289,263,280,265,269,265,322,266,329,264,338,266,341,267,336,270,327,269,278,335,297,329,307,328,315,329,321,328,324,330,322,336,320,348,315,352,308,353,298,352,290,348,282,335,298,334,312,334,318,334,320,336,314,342,310,343,302,342,147.02,12.05,68.56,13.48,103.82,17.44,117.46,48.34
233,2026-02-11T16:59:52.996303,218,243,211,269,210,282,213,314,222,329,232,341,256,359,282,371,297,372,308,370,317,357,321,341,322,330,323,317,328,289,331,277,342,254,246,245,257,241,270,240,287,242,304,246,334,250,344,250,351,250,354,252,352,256,318,264,320,272,322,280,325,287,327,294,329,303,327,308,324,311,321,311,317,312,257,260,267,260,279,261,290,263,281,265,269,265,322,266,330,264,338,266,341,268,336,271,327,269,280,334,297,328,307,327,315,328,321,327,324,329,322,336,320,349,315,352,308,354,299,352,290,348,284,335,298,333,312,334,318,334,320,336,314,342,310,343,303,342,146.79,12.9,67.74,13.91,102.13,16.93,114.28,48.74
234,2026-02-11T16:59:53.027100,219,243,212,269,211,283,215,314,223,329,234,341,258,359,284,371,299,371,309,369,318,357,321,341,322,330,323,317,328,290,330,277,341,254,248,245,259,241,272,240,288,242,305,246,334,250,344,250,350,250,353,252,351,256,319,264,321,272,323,280,325,287,328,294,329,302,328,308,325,310,322,311,318,311,258,260,268,260,280,260,290,263,281,265,270,265,322,266,329,265,337,266,340,268,335,271,327,269,281,334,299,327,309,326,317,327,322,327,325,328,323,336,322,348,317,352,311,353,301,352,293,348,284,335,300,333,313,333,319,334,321,336,316,341,312,342,305,341,146.68,13.14,68.2,14.38,101.93,15.87,112.97,46.15
235,2026-02-11T16:59:53.058781,219,243,211,269,210,283,214,315,223,329,234,341,259,359,285,370,299,371,309,368,317,356,321,341,321,330,323,317,328,290,330,277,341,254,249,245,260,241,274,240,290,242,307,246,335,250,344,250,351,250,353,252,351,256,320,264,322,272,324,280,327,287,329,294,331,302,329,308,327,310,323,311,319,312,262,260,271,259,283,260,293,264,284,265,273,265,322,267,330,265,338,266,340,268,335,271,327,270,282,334,300,327,310,326,318,327,323,326,326,328,324,336,322,347,318,351,311,352,302,351,294,347,285,334,301,333,314,333,320,334,321,336,316,340,313,340,306,339,149.14,15.4,70.47,14.84,102.53,16.36,116.67,47.16
236,2026-02-11T16:59:53.089565,219,243,211,269,210,283,215,315,224,329,235,341,260,359,286,369,300,370,310,368,317,356,321,340,321,330,323,317,328,290,330,277,341,254,250,245,261,241,274,240,290,242,307,246,334,250,344,250,350,250,352,252,351,256,320,264,322,272,324,280,327,286,329,294,331,302,329,307,327,310,323,311,320,311,263,260,272,259,284,260,294,264,285,265,274,265,322,267,330,264,338,265,340,268,335,271,328,270,285,334,303,327,312,326,319,327,324,326,326,328,324,335,323,346,319,349,313,351,305,350,297,346,288,334,303,333,316,334,321,334,323,335,318,338,315,339,309,338,147.31,16.8,70.12,14.92,100.77,16.04,114.15,45.03
237,2026-02-11T16:59:53.131277,220,243,212,269,212,283,216,315,226,329,237,341,262,358,287,369,301,369,310,367,318,355,322,339,322,329,324,316,329,288,331,276,342,252,250,245,261,241,275,240,291,242,307,246,334,250,344,249,350,249,352,251,351,254,320,264,322,272,324,280,327,286,329,294,331,302,330,307,327,310,324,311,320,311,262,260,272,259,284,259,294,264,285,265,274,265,322,267,330,264,337,265,340,267,335,271,327,270,286,335,303,327,313,326,321,328,325,327,327,328,326,335,324,346,320,349,314,351,306,350,298,347,288,335,304,334,317,335,322,334,324,335,319,337,316,338,310,338,148.62,16.65,69.72,15.35,101.0,16.49,115.14,44.9
238,2026-02-11T16:59:53.184113,221,242,213,269,212,283,216,315,225,329,237,341,261,358,286,368,300,369,309,366,317,355,321,339,322,329,324,316,330,288,332,275,343,252,251,245,262,241,275,240,291,242,308,246,334,250,344,249,350,248,353,250,351,254,320,264,323,272,325,280,327,286,329,294,331,302,330,307,327,310,323,311,320,311,263,260,272,259,284,260,294,264,286,265,274,265,323,266,330,263,338,264,340,267,335,270,328,269,286,335,304,328,314,326,321,328,325,327,328,328,326,335,324,346,320,349,315,350,306,350,298,347,289,335,304,335,317,336,322,335,324,335,319,337,316,338,310,337,148.57,16.62,69.79,15.14,100.04,16.94,117.45,45.88
239,2026-02-11T16:59:53.214113,221,242,213,269,212,283,217,315,226,329,237,341,261,358,286,368,300,369,309,366,317,355,321,339,323,329,325,316,331,288,333,275,343,251,251,245,261,241,275,240,291,242,307,246,334,249,344,248,350,248,352,249,351,253,320,264,322,272,325,279,327,286,329,293,331,302,329,307,327,310,323,311,320,311,262,260,272,259,284,259,294,264,285,265,274,265,323,266,330,262,338,263,340,266,336,270,328,269,286,335,303,328,313,326,321,328,325,326,328,328,326,335,324,346,320,349,314,350,306,350,298,347,289,335,304,335,317,336,322,335,324,335,319,337,316,338,310,337,148.71,17.11,70.28,15.97,99.9,16.73,116.51,46.18
240,2026-02-11T16:59:53.246124,222,242,213,269,212,283,216,315,226,329,237,341,261,358,286,368,300,369,309,367,317,355,322,339,323,329,325,316,331,288,333,275,343,251,251,245,262,241,276,240,292,242,308,246,335,249,344,248,350,248,353,249,351,253,321,264,323,272,325,279,327,286,330,293,331,301,330,307,327,309,324,311,320,311,264,260,273,258,285,258,295,264,286,265,275,265,324,266,331,262,339,263,341,266,336,269,329,269,287,335,304,328,313,326,320,328,325,326,328,328,326,335,324,346,320,349,314,351,306,350,298,347,290,335,304,335,317,336,322,335,324,335,319,337,316,338,310,337,149.77,14.55,72.29,16.87,99.89,16.59,116.34,45.75
241,2026-02-11T16:59:53.278204,221,242,213,268,212,282,216,314,225,329,237,340,261,358,287,368,301,369,310,366,318,355,322,338,323,328,325,315,330,288,333,275,343,252,252,245,263,241,276,239,293,242,310,246,337,249,347,248,353,248,355,249,354,253,323,264,325,272,328,279,330,286,333,293,335,301,333,307,330,309,326,311,323,311,263,260,273,257,285,258,295,263,286,265,275,265,325,265,333,262,341,263,343,266,338,269,331,268,288,335,306,328,316,326,323,328,328,326,330,328,327,335,325,346,322,349,316,350,308,350,299,347,290,335,306,335,319,336,324,335,326,335,321,337,318,337,312,337,149.33,16.09,71.15,17.18,101.99,17.47,120.57,47.92
242,2026-02-11T16:59:53.308810,223,242,214,268,212,282,217,314,226,328,237,340,262,358,287,368,301,369,310,366,318,355,322,338,323,328,325,315,331,288,334,275,344,252,253,245,264,241,277,239,294,242,310,246,338,249,347,248,353,248,356,250,354,253,323,264,326,272,328,279,330,286,333,293,335,301,333,307,330,309,327,311,323,311,264,259,274,257,286,258,296,263,287,265,276,265,326,265,334,262,342,263,344,266,339,269,331,268,289,335,307,328,317,326,324,328,329,326,331,328,328,335,326,346,323,349,317,350,309,349,301,346,292,336,308,335,320,336,325,336,327,335,322,337,319,337,313,337,148.95,15.71,69.96,16.01,102.62,19.67,119.42,47.2
243,2026-02-11T16:59:53.345659,224,242,215,268,213,282,217,314,227,329,238,341,263,358,288,368,302,369,312,366,319,355,323,339,324,329,326,316,332,288,334,275,344,252,254,245,266,241,279,239,295,242,311,246,337,249,347,248,353,248,355,250,354,253,323,263,326,271,328,279,330,286,333,293,335,301,333,307,331,309,327,311,324,311,265,259,275,257,286,258,296,263,288,265,277,265,326,265,333,262,341,263,343,266,338,269,331,268,289,335,308,328,318,326,325,328,329,326,332,328,329,335,328,346,324,349,319,350,311,349,302,346,292,336,308,335,321,336,326,336,328,335,323,337,321,337,314,337,150.11,15.96,70.85,15.45,100.69,16.18,121.2,46.15
244,2026-02-11T16:59:53.378000,224,242,215,268,213,282,218,315,227,330,239,341,264,358,289,368,303,369,312,366,320,355,323,339,324,329,326,316,331,288,334,275,344,252,254,245,266,241,279,239,295,242,311,246,337,249,347,248,353,248,355,250,354,253,323,263,325,271,328,279,330,286,333,293,335,301,333,307,330,309,327,311,323,311,265,259,275,257,286,258,296,263,288,265,277,265,325,265,333,262,341,263,343,266,338,269,330,268,291,335,308,328,318,326,325,328,329,326,331,328,329,336,328,346,324,349,319,350,311,349,303,346,294,336,309,336,321,336,326,336,328,335,323,337,321,337,315,337,149.31,16.66,71.01,15.57,99.43,15.27,121.36,45.87
245,2026-02-11T16:59:53.433990,224,242,215,268,213,282,218,315,227,330,239,341,263,358,288,368,302,369,311,367,319,355,323,339,324,329,327,317,333,288,335,275,345,252,254,245,265,241,278,239,294,242,311,246,337,249,347,248,353,248,355,250,354,254,323,263,326,271,328,279,330,286,333,293,334,301,333,307,330,309,327,311,323,311,265,259,274,257,286,258,296,263,288,265,276,265,326,265,333,262,341,263,344,266,339,269,331,268,290,335,307,328,316,326,323,328,328,327,330,328,328,336,326,346,323,349,317,350,309,349,301,346,293,336,307,336,320,336,324,336,327,335,322,337,319,337,313,337,148.3,16.52,71.11,16.99,99.74,16.45,119.96,46.55
246,2026-02-11T16:59:53.464699,224,241,215,268,214,282,218,314,227,329,238,341,263,358,288,368,302,369,311,366,319,355,323,339,324,329,326,317,332,288,335,276,345,252,254,244,265,240,278,239,294,242,311,246,337,249,347,248,353,248,356,250,355,254,323,263,325,271,327,279,330,286,332,293,334,301,333,307,330,309,326,310,323,311,264,259,274,257,286,258,296,263,287,264,276,264,326,265,333,262,341,263,344,266,339,269,331,268,289,335,307,328,316,326,323,328,327,327,330,328,328,335,326,345,322,348,317,349,309,349,301,345,292,335,307,335,319,336,324,336,326,335,322,337,318,337,312,337,148.6,16.45,73.36,17.31,100.3,16.52,118.76,47.04
247,2026-02-11T16:59:53.496865,225,241,216,267,214,281,218,313,227,328,238,340,262,358,288,368,301,369,311,367,319,355,323,339,324,329,326,317,332,288,335,276,345,252,255,244,266,239,279,238,295,241,311,245,338,249,347,248,354,248,356,250,355,254,323,263,325,271,327,279,330,285,332,293,334,301,332,307,330,309,326,310,323,311,266,258,275,256,287,256,297,263,288,264,277,264,326,265,333,262,342,263,344,266,339,269,331,268,289,335,305,328,314,326,322,328,326,327,329,329,328,335,326,346,322,349,317,350,308,349,300,346,292,335,306,335,318,336,324,336,326,335,321,337,318,337,312,337,147.8,17.05,74.81,16.81,100.05,17.28,117.88,48.49
248,2026-02-11T16:59:53.527415,225,240,215,267,214,281,218,313,227,328,239,339,263,357,288,368,302,368,312,366,319,355,323,339,324,329,326,317,332,289,334,276,344,252,256,242,267,238,281,237,296,240,312,244,338,248,348,248,354,248,356,250,355,254,324,262,326,270,328,277,331,284,333,291,335,300,333,305,331,308,327,309,323,310,267,257,277,255,288,255,297,261,289,263,278,262,326,265,334,261,342,263,344,266,339,269,331,268,289,334,306,327,316,325,323,327,327,326,330,328,328,335,326,344,323,347,318,348,310,347,301,344,292,334,307,334,319,335,324,335,327,335,322,335,319,335,313,335,151.16,14.88,74.61,16.59,100.34,16.64,116.92,46.74
249,2026-02-11T16:59:53.559107,225,240,215,267,214,281,218,313,228,328,239,339,264,357,289,368,302,368,312,366,320,355,323,339,324,329,326,316,331,288,333,276,344,252,256,242,267,238,280,236,296,239,312,243,339,248,348,248,355,248,357,250,355,254,325,262,327,269,329,276,332,283,334,290,336,298,334,304,332,307,328,308,324,309,267,256,276,254,288,255,298,260,289,262,278,262,327,264,334,261,342,262,344,266,340,269,332,267,292,333,308,326,317,325,324,327,328,326,330,328,328,335,327,344,323,346,318,347,311,346,304,343,295,333,309,333,320,335,325,335,327,335,323,335,320,335,314,335,150.56,15.65,74.45,16.85,102.22,14.99,119.98,46.2
250,2026-02-11T16:59:53.589816,225,240,216,267,215,281,219,313,228,328,240,340,264,357,289,368,303,369,313,366,321,355,324,339,325,329,326,316,332,288,335,276,345,252,255,242,267,237,280,236,296,239,312,243,340,248,350,247,356,247,358,249,357,253,325,261,328,269,330,276,332,283,335,290,337,298,335,303,332,306,328,308,325,309,267,256,276,254,288,254,298,260,289,261,278,261,328,263,336,260,344,262,346,265,341,268,333,267,292,333,308,326,317,325,324,326,328,326,330,328,329,335,327,344,323,346,318,347,311,346,303,343,294,333,309,333,320,335,325,335,327,334,323,335,320,335,314,335,149.87,15.03,74.25,16.98,106.95,26.21,119.73,48.01
251,2026-02-11T16:59:53.620714,224,240,215,267,214,281,218,313,228,328,239,340,264,358,289,368,303,369,313,366,320,355,324,339,325,329,326,316,332,288,335,276,345,252,255,242,266,238,280,236,296,239,312,243,339,247,349,247,355,246,358,249,357,253,325,261,327,269,329,276,332,283,334,290,336,298,335,303,332,306,328,308,325,309,267,257,277,256,289,256,298,260,289,262,279,262,328,264,335,260,343,262,346,265,341,268,333,267,291,333,308,326,317,325,324,326,329,325,331,327,329,335,327,344,323,346,318,348,310,346,302,343,294,333,308,334,320,335,325,335,327,334,323,335,320,335,314,335,149.15,14.57,76.38,15.04,114.31,34.79,120.37,48.38
252,2026-02-11T16:59:53.658686,220,242,214,268,214,282,219,313,228,328,239,340,263,358,287,368,302,368,311,366,320,352,324,335,325,325,327,311,332,283,335,271,345,247,247,244,257,239,270,237,287,239,304,243,334,246,345,245,352,244,356,246,355,249,319,261,322,269,324,276,326,283,329,290,330,298,329,304,327,307,324,308,321,309,259,259,269,258,282,258,292,260,283,262,272,262,325,263,333,260,341,261,345,264,339,267,331,266,289,335,306,327,315,325,322,326,327,325,329,327,327,334,325,344,321,348,315,349,306,349,299,346,292,335,307,334,319,334,324,334,325,334,320,336,316,337,311,337,143.24,16.37,76.39,12.54,120.02,37.76,121.6,52.09
253,2026-02-11T16:59:53.685061,213,247,210,270,210,283,216,313,224,328,233,340,255,358,280,368,295,369,306,366,317,353,322,335,324,324,326,311,331,283,333,271,343,248,235,248,244,243,257,240,274,242,293,245,326,246,339,245,347,245,351,246,351,250,310,264,312,273,314,280,316,287,318,295,320,303,319,308,317,310,314,311,311,312,248,265,258,266,270,266,282,266,272,267,260,268,318,267,326,264,336,264,340,266,334,270,325,269,274,337,291,329,302,327,310,328,317,326,320,327,320,335,316,348,311,353,303,356,293,355,284,351,277,337,293,334,308,334,315,334,318,335,310,345,305,346,297,346,134.73,14.39,68.02,11.77,116.41,36.1,112.29,51.19
254,2026-02-11T16:59:53.714420,205,249,202,273,203,285,210,314,217,329,226,341,247,360,272,371,288,371,300,368,313,355,320,336,322,325,324,312,329,284,331,272,340,249,226,252,235,247,248,245,264,246,282,248,315,250,329,248,338,247,343,248,344,251,299,267,301,276,302,283,304,291,305,298,306,306,305,311,304,313,302,314,299,315,240,268,249,268,260,268,271,268,262,270,251,272,309,269,318,266,327,266,332,267,325,271,315,271,262,340,278,332,289,330,298,331,305,329,310,330,314,337,308,351,302,356,293,358,282,358,273,354,265,340,281,337,296,336,305,335,311,338,300,348,294,349,286,349,133.33,14.27,67.0,13.28,106.86,22.71,95.51,44.82
255,2026-02-11T16:59:53.760066,197,253,196,277,196,290,203,320,210,334,218,345,239,363,264,374,280,375,293,372,307,360,316,343,319,332,322,319,327,291,329,279,336,255,216,253,224,248,236,245,253,246,271,249,305,252,319,249,330,248,335,250,337,254,288,268,289,276,290,284,292,290,293,298,294,306,293,311,292,313,290,314,288,315,229,269,239,269,250,269,261,269,252,271,241,272,301,271,310,270,320,271,326,271,318,274,309,273,252,340,268,332,279,330,288,331,296,329,302,330,308,338,302,354,295,359,285,361,274,360,264,356,255,341,271,337,287,336,297,336,305,339,293,349,286,351,277,350,133.56,14.58,66.44,14.16,102.4,20.28,88.3,36.72
256,2026-02-11T16:59:53.788867,193,252,192,277,193,290,200,321,207,335,216,346,236,364,259,376,274,377,288,375,303,362,315,345,319,335,322,321,326,292,327,279,333,254,211,251,219,246,230,244,246,246,264,249,299,251,313,249,324,248,330,250,333,254,282,268,282,277,283,284,284,291,285,298,286,306,285,312,284,314,283,315,282,316,223,269,233,269,244,270,254,270,246,271,234,272,296,272,305,271,315,272,322,272,314,275,304,274,248,339,263,331,273,329,282,330,290,329,297,330,303,338,297,355,289,360,280,361,269,360,259,356,251,340,266,337,281,336,292,336,300,339,287,349,280,350,272,349,134.34,14.96,64.07,14.93,97.69,18.13,78.89,32.54
257,2026-02-11T16:59:53.815335,192,251,191,277,191,290,198,321,205,336,213,347,233,364,256,376,271,377,285,375,301,362,314,346,318,335,321,322,325,292,326,279,332,254,209,250,217,246,228,243,244,245,261,249,296,251,310,249,321,247,328,249,331,254,279,268,280,276,281,284,281,291,282,298,283,306,282,312,281,314,280,315,279,316,221,268,230,268,241,268,252,269,244,271,232,272,293,271,303,270,313,271,319,271,311,274,301,273,245,339,259,331,269,329,278,330,287,329,293,330,300,338,293,354,285,358,276,360,265,359,256,354,249,339,263,337,277,336,288,336,297,339,283,347,277,348,269,347,136.65,15.61,63.15,15.14,96.84,16.1,77.85,32.14
258,2026-02-11T16:59:53.843126,191,251,190,277,190,291,197,322,204,336,212,348,232,365,255,377,270,379,284,377,300,364,312,348,317,338,320,324,324,294,325,281,331,255,208,250,215,245,227,243,242,245,260,248,295,251,310,249,321,247,328,249,331,254,278,267,279,276,279,283,280,290,281,297,282,306,281,311,280,314,279,315,278,315,220,267,230,267,241,267,251,269,242,270,231,271,292,271,302,270,312,271,319,272,310,274,300,273,244,339,258,331,268,329,277,330,285,329,292,330,299,339,292,356,284,360,275,361,264,360,255,355,248,339,262,337,276,336,287,336,295,339,282,348,276,348,268,347,135.64,16.34,61.77,15.37,96.37,15.82,77.8,33.82
259,2026-02-11T16:59:53.872278,192,252,190,278,190,292,196,323,203,337,211,348,231,366,254,377,269,379,282,377,298,365,310,349,315,339,319,326,324,296,325,283,330,257,207,250,214,245,226,243,241,245,259,248,295,251,310,248,322,247,329,249,331,254,277,267,278,275,278,283,279,290,280,297,280,305,280,311,279,313,278,314,277,315,220,267,228,266,239,266,250,268,241,270,230,270,293,271,302,270,312,271,319,272,311,274,301,273,245,339,258,331,267,329,276,331,284,329,290,331,296,339,290,356,283,361,273,362,263,360,255,355,249,339,261,337,275,337,285,337,293,340,280,349,274,349,267,348,134.32,18.42,61.34,16.58,95.05,14.8,77.04,35.46
260,2026-02-11T16:59:53.906901,192,251,190,278,191,291,197,323,203,338,212,349,231,366,254,378,269,380,282,378,299,366,311,350,315,340,319,326,324,296,325,283,331,257,207,249,214,245,226,243,241,245,259,248,295,251,310,248,322,247,329,249,331,254,277,267,278,276,278,283,279,290,280,298,280,306,280,311,279,314,277,316,277,317,220,267,228,266,239,266,250,268,241,270,230,271,293,271,303,270,313,271,320,272,311,275,301,273,244,339,258,332,267,331,276,333,284,332,290,333,297,340,290,358,283,363,273,364,263,362,254,357,248,339,261,338,275,339,285,339,294,341,281,351,274,351,267,350,134.32,17.99,61.48,16.14,95.27,15.17,77.56,35.67
261,2026-02-11T16:59:53.934909,192,252,190,279,191,293,197,325,204,340,213,351,233,369,256,380,271,381,284,379,300,366,312,350,316,339,319,325,324,295,325,282,331,256,206,251,214,245,225,243,240,245,258,249,295,251,310,248,322,247,329,249,331,254,277,268,278,276,279,284,280,291,281,299,281,308,281,314,280,317,279,318,278,319,220,268,228,267,239,267,250,269,241,271,230,272,293,271,303,270,313,271,320,272,311,275,301,273,246,342,259,335,268,334,278,335,286,334,292,335,298,341,291,359,284,364,275,365,265,364,256,359,249,343,262,341,276,341,287,340,295,342,282,352,276,353,268,352,136.11,17.43,62.98,17.08,93.62,14.95,81.07,34.02
262,2026-02-11T16:59:53.966941,191,254,189,281,190,295,198,327,205,342,214,354,234,371,257,382,272,383,286,380,301,367,312,350,316,339,320,325,324,295,325,281,330,256,205,253,212,248,224,246,240,248,258,251,294,252,309,249,321,248,328,250,331,254,277,269,278,278,279,286,280,294,281,301,282,310,282,316,281,319,280,320,278,321,220,270,228,268,239,267,250,271,241,273,230,274,293,272,303,270,313,271,319,273,311,275,301,274,247,345,260,338,269,336,278,337,286,335,292,336,299,343,292,360,285,365,276,367,266,366,257,361,250,345,263,343,277,343,288,342,296,344,283,354,277,355,269,354,136.85,17.96,62.52,17.18,90.62,14.72,75.78,32.83
263,2026-02-11T16:59:53.999556,190,256,188,282,189,296,197,328,205,343,214,355,234,372,257,384,273,384,286,382,302,368,313,350,316,339,320,324,324,294,326,281,330,255,204,256,211,250,222,248,237,250,255,253,292,254,307,251,319,249,326,250,329,254,275,271,276,280,277,289,278,296,279,304,279,313,279,319,278,322,277,323,277,324,218,272,226,269,237,269,248,272,240,275,229,276,292,273,302,270,312,271,319,273,310,276,299,275,246,347,258,340,267,338,276,339,285,337,291,338,298,344,292,362,285,367,275,368,265,367,257,363,249,347,262,345,276,345,287,344,295,345,282,356,275,357,268,356,135.79,18.64,62.56,18.03,91.86,15.19,77.08,32.85
264,2026-02-11T16:59:54.027184,189,257,188,283,189,297,197,329,204,344,213,356,233,373,257,385,272,385,286,383,302,369,313,351,317,339,320,325,324,294,325,281,329,255,202,257,209,252,220,250,235,252,253,255,290,256,305,253,317,250,325,252,328,256,272,273,273,282,274,291,275,299,276,307,277,316,277,322,276,324,275,325,275,326,216,273,224,270,235,270,245,274,238,275,227,277,290,275,300,271,310,272,317,274,308,277,297,276,245,350,257,343,266,341,275,342,283,340,289,341,297,346,290,363,283,368,274,370,264,369,256,365,249,350,261,348,274,348,285,347,294,347,281,357,274,358,267,358,130.07,20.78,60.27,17.74,90.71,14.21,77.28,35.67
265,2026-02-11T16:59:54.062821,189,258,188,284,189,298,196,330,204,345,212,357,232,375,255,386,271,387,284,384,300,370,312,352,316,340,319,325,323,295,324,281,328,255,202,258,208,253,219,251,234,253,252,256,288,257,304,253,316,251,324,253,327,257,271,274,272,284,273,293,274,300,275,309,276,318,276,324,275,326,274,327,273,328,216,274,223,271,234,271,244,275,237,276,226,278,289,276,299,272,309,272,315,274,306,278,296,277,245,352,256,345,264,343,274,344,282,342,288,343,295,348,289,365,282,370,273,372,263,371,255,367,248,353,260,351,273,350,283,349,292,349,279,359,273,360,266,360,134.53,19.46,60.03,18.24,89.23,13.18,74.86,34.63
266,2026-02-11T16:59:54.091418,188,259,187,285,188,299,195,330,202,345,211,357,231,375,254,387,269,388,283,385,299,371,311,352,315,341,319,326,323,295,324,282,328,256,200,259,207,254,218,252,233,254,251,257,288,258,304,255,316,253,324,254,328,258,270,275,271,285,272,293,273,301,274,310,275,319,275,325,274,327,273,328,272,329,215,275,222,272,233,272,244,276,236,277,225,278,289,276,299,273,309,273,315,275,306,278,296,278,243,353,255,346,263,344,273,346,281,343,287,344,295,349,288,365,281,370,272,372,262,371,253,367,246,353,258,352,272,352,283,351,292,350,278,359,272,360,264,360,133.7,19.49,58.81,18.17,90.8,14.16,73.87,34.04
267,2026-02-11T16:59:54.120947,187,260,186,286,187,300,195,332,202,347,210,358,230,376,253,388,268,389,282,386,298,372,310,354,315,342,319,327,323,297,324,283,328,257,199,259,206,254,217,252,232,254,250,257,287,258,303,255,316,253,324,255,327,259,269,276,270,286,271,294,272,302,273,311,274,320,273,325,273,328,272,329,271,330,214,276,221,273,232,273,243,277,235,278,224,279,288,278,298,274,308,274,315,277,306,280,295,279,242,354,254,347,262,345,272,346,280,344,286,345,294,350,287,367,280,372,271,373,260,373,252,369,245,355,257,353,271,352,282,351,291,351,277,361,271,362,263,362,132.4,20.26,57.47,18.33,89.95,13.25,75.73,34.35
268,2026-02-11T16:59:54.152865,186,260,186,286,187,300,194,332,201,347,210,359,229,377,252,389,267,389,280,387,297,373,310,354,315,343,319,328,323,297,324,283,328,257,199,260,205,255,216,253,231,254,249,258,287,259,303,255,315,253,323,255,327,259,269,277,270,286,271,295,272,303,272,311,273,321,273,326,272,329,272,330,271,330,213,277,221,274,232,273,242,277,235,279,224,280,287,278,298,275,308,275,314,277,305,280,295,280,241,355,253,348,262,346,271,347,279,345,285,346,293,351,286,368,279,372,270,374,260,373,251,370,245,355,257,353,270,353,281,352,290,352,276,362,270,363,262,362,134.64,19.49,55.96,17.8,89.19,13.35,73.75,34.71
269,2026-02-11T16:59:54.190683,186,260,186,287,187,301,194,333,201,348,209,360,228,377,251,389,266,390,279,387,296,374,309,356,314,345,318,330,323,299,324,285,328,259,199,260,205,255,216,253,231,255,249,258,287,259,303,256,315,254,323,256,327,260,269,277,270,287,270,296,271,304,272,312,272,321,272,327,272,329,271,330,270,331,212,277,220,274,231,274,242,278,234,280,223,281,287,280,298,276,308,277,314,279,305,282,295,282,240,355,252,348,261,346,270,347,278,345,285,346,292,351,285,368,278,372,269,374,259,373,250,370,244,355,256,354,269,354,280,352,289,352,275,361,269,363,261,362,133.49,20.21,55.48,17.65,92.26,13.7,72.52,32.78
270,2026-02-11T16:59:54.253116,186,260,185,287,186,301,193,333,201,348,209,360,229,378,251,389,265,390,279,388,295,375,308,357,313,346,318,331,322,300,323,286,327,260,199,260,206,255,217,254,231,256,249,259,286,260,302,257,314,255,322,256,325,261,268,278,269,288,269,296,270,304,271,312,272,321,271,327,271,329,270,331,269,331,213,277,221,274,231,273,242,279,234,280,224,281,286,281,296,276,306,277,312,280,304,284,293,283,241,356,252,348,261,346,270,347,278,345,284,346,291,352,284,367,277,372,268,374,259,373,251,369,244,356,256,355,269,355,280,353,288,352,275,361,268,362,261,361,130.82,20.17,56.1,18.27,88.29,13.35,69.74,31.25
271,2026-02-11T16:59:54.316661,185,261,185,287,186,301,193,333,201,348,209,360,229,378,251,390,266,391,279,388,295,375,308,356,314,345,318,330,323,299,324,285,328,259,198,261,205,256,215,254,230,256,248,260,285,260,301,257,313,255,321,256,325,261,267,279,268,289,268,298,269,305,270,313,271,323,270,328,270,331,269,332,269,332,213,279,220,277,231,276,242,281,234,283,223,284,285,282,295,278,305,278,312,280,303,284,292,283,241,356,252,349,260,347,269,348,277,346,283,347,291,352,284,369,277,373,268,375,258,374,250,371,244,356,256,354,269,354,279,352,288,353,275,363,268,364,261,363,129.65,20.22,52.15,15.39,87.92,13.63,67.82,31.61
272,2026-02-11T16:59:54.376421,185,261,184,287,185,301,192,333,200,348,208,359,228,377,250,389,265,391,278,388,295,375,308,356,314,345,318,330,323,299,324,285,328,259,197,261,204,256,214,254,229,257,247,260,285,261,301,257,313,255,321,257,325,261,267,279,267,289,268,298,269,306,269,314,270,323,270,329,269,331,268,332,268,333,211,278,219,275,230,275,241,281,233,282,222,283,284,281,295,277,305,278,312,280,303,284,292,283,240,356,251,349,259,347,268,349,276,347,282,347,290,352,283,368,276,373,267,375,257,374,249,370,243,356,255,355,267,355,278,354,287,353,273,362,267,363,260,362,130.18,19.93,52.82,17.09,87.84,13.89,68.47,33.4
273,2026-02-11T16:59:54.403899,185,261,184,287,185,301,192,333,200,348,208,360,228,378,250,390,265,391,278,388,295,375,308,356,314,345,318,330,324,299,324,285,328,259,197,261,203,256,214,255,229,257,247,261,285,261,301,257,313,255,322,257,325,261,267,279,267,289,268,298,269,306,269,314,270,323,270,329,269,331,269,332,268,333,211,278,219,276,230,276,241,281,233,282,222,283,285,281,295,277,305,278,312,279,303,283,292,283,240,356,251,350,259,348,268,349,276,347,282,348,290,352,283,368,276,373,267,375,257,374,250,370,243,356,255,355,267,356,278,354,287,353,273,361,267,362,260,362,130.17,20.23,51.79,16.59,87.24,13.65,67.97,33.98
274,2026-02-11T16:59:54.435468,185,261,184,287,185,301,192,333,199,348,208,359,227,378,250,390,265,391,278,388,295,375,308,356,314,344,318,330,324,299,324,285,328,259,197,261,203,256,214,254,229,257,247,261,285,261,301,257,314,255,322,257,325,261,267,279,267,289,268,298,269,305,269,314,270,323,270,329,269,331,268,332,268,333,212,278,219,276,230,276,241,280,233,282,222,283,284,281,295,277,305,277,312,279,303,283,292,283,240,355,251,350,259,348,268,350,276,348,282,348,289,353,283,368,276,372,267,373,258,372,250,369,243,356,255,356,267,357,278,355,287,353,273,359,267,360,260,359,130.16,20.44,52.04,16.78,86.75,13.16,68.45,33.88
275,2026-02-11T16:59:54.466730,185,261,184,287,185,301,192,333,200,347,208,359,228,378,250,389,264,390,278,388,295,374,308,356,313,344,318,330,324,299,325,285,328,259,197,261,203,256,214,255,229,257,247,261,285,261,301,258,314,255,322,257,325,261,267,279,267,289,268,298,269,305,269,314,270,323,270,329,269,331,268,332,268,333,211,278,219,275,230,275,241,280,233,282,222,283,285,281,295,277,306,277,312,279,303,283,293,282,241,355,252,350,259,349,268,350,275,348,281,349,289,352,282,367,275,370,267,372,258,371,250,368,244,356,255,356,267,357,277,355,287,353,273,358,267,358,260,358,130.13,20.26,52.72,16.95,86.63,13.04,68.34,34.38
276,2026-02-11T16:59:54.496172,185,261,184,287,185,301,192,333,200,347,208,359,228,378,250,389,265,390,278,388,295,374,308,356,313,344,318,330,324,299,325,285,328,259,197,261,203,256,213,255,229,257,247,261,285,261,301,258,314,255,322,257,325,261,267,279,267,289,268,297,269,305,269,314,270,323,269,329,269,331,268,332,268,333,211,278,218,275,230,275,241,280,233,282,222,283,285,281,295,277,306,277,312,279,304,283,293,282,241,355,251,350,259,349,268,350,275,348,281,349,289,352,282,366,275,370,267,371,258,370,250,367,244,356,255,356,267,357,277,355,287,353,273,357,267,358,260,357,130.6,20.09,51.66,16.16,86.52,13.15,68.22,34.41
277,2026-02-11T16:59:54.530204,185,261,184,287,185,301,192,333,200,347,208,359,227,377,249,389,264,390,278,388,295,374,308,356,314,344,318,330,324,299,325,285,328,259,197,261,203,256,213,255,228,257,246,261,285,261,301,258,314,255,322,257,325,261,266,279,267,289,268,297,268,305,269,313,269,323,269,328,269,331,268,332,267,333,211,278,219,275,229,275,241,280,233,282,222,283,285,281,295,277,306,277,312,279,304,283,293,282,240,355,251,350,259,349,267,350,275,348,281,349,289,352,282,365,275,369,266,370,257,370,250,366,243,355,254,356,267,357,277,355,287,353,273,357,267,357,260,357,129.58,20.72,52.0,16.93,86.34,12.91,66.6,34.3
278,2026-02-11T16:59:54.560928,185,261,184,287,185,301,192,333,200,347,208,359,227,377,249,389,264,390,278,388,295,374,308,356,313,344,318,330,324,299,325,285,328,259,197,261,203,256,213,255,228,257,246,261,285,261,301,257,314,255,322,257,325,261,266,279,267,289,268,297,268,305,269,313,269,323,269,328,269,331,268,332,267,333,211,278,219,275,230,275,241,280,233,282,222,283,285,281,295,276,306,276,312,279,304,283,293,282,240,355,251,350,258,348,267,350,275,348,281,349,289,352,282,365,275,368,266,370,257,369,250,366,243,355,254,356,266,357,277,355,287,353,272,356,267,357,260,357,129.56,20.71,52.0,17.37,86.18,12.85,66.11,33.62
279,2026-02-11T16:59:54.589890,185,261,184,287,185,301,192,333,200,347,208,359,227,377,249,389,264,390,278,388,294,374,308,356,313,344,318,330,324,299,325,285,328,259,197,261,203,256,213,254,228,257,246,261,285,261,301,257,314,255,322,257,326,261,266,279,267,289,267,297,268,305,269,313,269,323,269,328,268,331,268,332,267,332,211,278,218,275,229,275,241,280,233,282,222,283,285,280,295,276,306,276,313,278,304,282,293,282,240,355,251,350,258,348,267,350,275,348,281,348,289,352,281,365,275,368,266,370,257,369,250,366,243,355,254,356,266,357,277,355,287,353,272,356,266,357,260,356,129.61,20.71,50.63,16.31,85.39,13.77,65.96,32.21
280,2026-02-11T16:59:54.627222,185,261,184,287,185,301,193,332,200,347,208,358,227,376,249,388,264,389,277,387,294,374,308,355,313,344,318,329,324,299,325,285,328,259,197,261,203,256,213,254,228,257,246,261,284,261,301,257,314,255,322,257,326,261,266,279,267,289,267,297,268,305,268,313,269,322,268,328,268,331,267,332,267,332,211,278,218,275,229,274,241,280,233,281,222,282,285,280,295,275,306,276,313,278,304,282,293,282,240,354,251,350,258,348,267,350,274,348,280,348,288,352,281,364,274,368,266,369,257,369,249,365,243,354,254,356,266,357,277,355,286,353,272,356,266,357,260,356,130.16,20.55,50.17,16.81,85.34,13.6,64.76,32.38
281,2026-02-11T16:59:54.653286,185,261,184,287,185,300,193,332,200,346,208,358,227,376,249,388,264,389,277,387,294,374,308,355,313,344,318,329,324,299,325,285,328,259,197,261,203,256,213,254,228,257,246,260,284,261,301,257,313,255,322,256,325,260,266,279,266,288,267,297,268,304,268,313,268,322,268,328,268,330,267,331,267,332,211,278,218,274,229,274,241,280,233,281,222,282,285,280,295,275,306,275,312,277,303,282,292,281,240,353,251,349,258,348,266,350,274,348,280,348,288,352,281,364,274,368,266,369,257,368,249,365,243,354,254,355,266,357,276,355,285,353,272,356,266,356,259,356,130.33,20.81,51.0,16.87,86.03,12.66,65.42,32.65
282,2026-02-11T16:59:54.683869,185,260,185,286,185,300,193,332,200,346,208,358,227,376,248,387,263,389,276,386,293,374,308,355,313,344,318,329,324,299,325,285,328,259,197,260,203,255,213,254,228,256,246,260,284,260,300,257,313,255,322,256,325,260,266,278,266,288,267,296,267,304,268,312,268,321,268,327,267,330,267,331,266,331,211,277,218,273,229,273,241,279,233,281,222,282,285,280,295,274,306,275,312,277,303,282,292,281,240,352,250,349,258,347,266,349,274,347,280,348,287,351,280,364,274,367,265,369,256,368,249,364,243,353,254,355,266,356,276,354,285,352,271,355,266,356,259,355,127.52,21.93,51.75,16.93,86.11,12.54,64.94,32.09
283,2026-02-11T16:59:54.729563,185,260,185,286,186,300,193,331,200,345,208,357,227,375,248,387,263,388,276,385,294,372,308,354,313,343,318,328,324,298,325,284,328,258,196,260,202,255,213,253,228,256,245,260,284,260,300,257,313,254,321,256,325,260,265,278,266,288,266,296,267,304,267,312,268,321,267,327,267,330,267,331,266,331,211,277,218,273,229,273,241,279,233,281,221,282,284,280,295,274,306,274,312,277,303,281,292,281,240,353,250,349,258,347,266,349,274,347,279,348,287,351,280,363,274,367,265,368,257,367,249,364,243,353,254,355,265,356,276,354,285,352,271,355,266,355,259,355,131.43,21.25,52.04,17.01,86.87,12.48,66.08,33.81
284,2026-02-11T16:59:54.755256,185,260,185,286,186,300,193,331,200,345,208,357,227,375,248,386,263,387,276,385,294,372,308,354,313,342,318,328,324,298,325,284,328,258,196,260,202,255,213,253,227,256,245,260,283,260,300,256,313,254,321,255,325,259,265,278,266,287,266,296,267,303,267,312,267,321,267,327,267,329,267,330,266,331,211,277,218,273,229,273,241,279,233,281,221,282,284,279,295,273,306,274,312,276,303,281,292,281,240,353,250,348,258,347,266,349,273,346,279,347,287,351,280,362,273,366,265,367,257,367,249,364,243,353,254,354,265,356,276,354,285,351,271,354,265,355,259,355,131.07,21.07,52.22,17.01,86.95,12.94,65.68,33.96
285,2026-02-11T16:59:54.782694,185,260,185,286,186,300,193,331,200,345,208,357,227,374,248,386,263,387,277,385,294,372,308,354,313,342,318,328,324,298,325,284,328,258,196,260,202,255,212,253,227,256,245,260,283,260,300,256,313,253,321,255,325,259,265,278,265,287,266,296,266,303,267,311,267,321,267,326,267,329,266,330,266,331,211,277,218,273,229,273,241,279,232,281,221,282,284,279,295,274,306,274,312,277,303,281,292,281,240,352,250,348,257,347,265,348,273,346,279,347,287,350,279,362,273,365,265,367,256,366,249,363,242,353,253,354,265,355,275,353,285,351,271,354,265,355,259,354,129.43,21.33,51.85,17.38,86.42,12.86,66.66,36.01
286,2026-02-11T16:59:54.811859,185,260,185,286,186,300,193,330,200,345,208,356,227,374,248,385,263,386,277,384,294,371,308,353,313,342,318,328,324,297,325,284,328,258,196,260,201,255,212,253,226,256,244,260,283,260,299,256,312,253,321,255,325,259,264,277,265,287,265,295,266,303,266,311,266,320,266,326,266,329,266,330,265,331,210,277,217,273,228,273,240,279,232,281,220,282,284,279,294,274,305,274,312,277,303,281,292,281,239,352,249,348,256,347,265,349,272,346,278,347,287,350,279,362,273,365,264,367,256,366,248,363,242,353,253,354,264,355,275,353,284,351,270,354,264,355,258,354,130.42,20.56,50.69,16.43,85.93,13.0,64.15,34.52
287,2026-02-11T16:59:54.841587,185,260,185,285,186,299,193,330,200,344,208,356,227,374,248,385,263,386,276,384,294,371,308,353,313,342,318,327,324,297,325,284,328,258,195,259,201,254,211,253,226,255,244,259,282,259,299,256,312,253,321,254,325,259,264,277,264,287,265,295,265,303,266,311,266,320,266,326,265,329,265,330,265,331,209,276,216,273,228,273,240,279,231,281,220,282,284,279,294,273,305,273,312,276,303,281,292,281,238,352,248,348,256,347,264,349,272,346,278,347,287,350,279,362,272,365,264,367,255,366,248,363,241,353,252,354,264,355,275,353,284,351,270,354,264,355,257,355,128.82,21.39,50.04,15.4,86.46,13.32,66.01,33.83
288,2026-02-11T16:59:54.869935,185,260,185,285,186,299,193,330,200,344,208,356,226,374,248,385,263,386,276,384,294,371,308,353,313,341,318,327,324,297,325,283,327,258,195,259,201,254,211,253,226,255,243,259,282,259,299,255,312,253,321,254,325,258,263,277,264,287,264,295,265,303,265,311,265,320,265,326,265,329,265,330,264,331,209,276,216,273,228,273,240,279,231,281,220,282,283,279,294,273,305,273,312,276,302,281,291,280,238,352,248,348,255,347,264,349,271,346,278,347,286,350,278,361,272,365,263,367,255,366,247,363,241,353,251,354,263,355,274,353,284,351,269,354,263,355,257,355,128.4,20.86,50.27,15.69,85.92,13.37,65.34,34.19
289,2026-02-11T16:59:54.907511,185,259,185,285,186,298,193,329,200,344,208,355,226,374,247,386,262,386,276,384,293,371,307,353,313,341,318,327,324,297,325,283,327,257,195,259,201,254,211,252,226,255,243,259,282,259,298,255,312,253,320,254,324,258,263,277,264,286,264,295,264,303,264,311,265,320,265,326,264,328,264,330,264,330,209,276,216,272,227,272,239,279,231,280,219,281,283,279,294,273,305,273,311,276,302,281,291,280,237,352,247,348,255,347,263,348,271,346,277,347,286,350,278,361,271,365,263,367,254,366,247,363,240,352,251,354,263,355,274,353,284,350,269,354,263,355,256,355,128.18,21.37,51.27,15.92,87.49,13.08,65.99,33.99
290,2026-02-11T16:59:54.936241,185,258,185,284,186,298,193,329,200,344,208,355,226,374,247,386,262,387,275,385,293,372,307,353,313,342,318,327,324,297,325,283,327,257,195,258,200,254,211,252,225,255,243,258,281,258,298,255,311,252,320,254,324,258,263,277,263,286,263,295,264,302,264,311,264,320,264,326,264,328,264,329,263,330,209,275,216,272,227,272,239,278,230,280,219,280,282,279,293,273,304,273,311,276,302,281,290,280,237,352,247,348,254,346,263,348,271,346,277,347,285,350,278,362,271,365,262,367,254,366,246,363,240,352,251,354,262,355,273,353,283,350,268,354,262,355,256,355,128.14,21.32,51.5,16.41,87.95,13.55,67.88,35.81
291,2026-02-11T16:59:54.963934,185,258,185,284,186,298,193,329,200,344,208,356,226,374,247,386,261,387,275,385,292,372,307,353,312,342,318,327,324,297,325,283,327,257,195,258,201,254,211,252,226,254,243,258,281,258,298,255,311,252,320,254,324,258,262,276,263,286,263,295,264,302,264,311,264,320,264,326,264,328,263,329,263,330,209,275,216,272,227,272,239,278,230,279,219,280,282,279,293,273,304,273,310,276,301,281,290,280,237,352,247,347,254,346,263,348,270,346,276,347,285,350,277,362,271,366,262,367,254,366,246,363,240,352,251,354,262,355,273,353,282,350,268,354,262,355,256,355,129.9,20.7,51.32,16.24,87.22,13.28,68.95,35.28
292,2026-02-11T16:59:55.006694,185,258,185,284,186,298,193,329,200,344,208,356,226,374,247,386,261,387,275,385,292,372,306,353,312,342,318,328,324,297,325,283,327,257,195,258,200,253,211,252,225,254,243,258,281,257,297,254,311,252,320,254,324,258,262,276,263,286,263,294,263,302,263,310,264,320,263,325,263,328,263,329,263,330,209,275,216,272,227,272,238,278,230,279,219,280,282,279,293,273,304,273,310,276,301,280,290,280,237,352,247,347,254,346,262,348,270,346,276,347,285,350,277,362,270,366,262,367,253,367,246,363,240,352,251,354,262,355,273,353,282,350,268,354,262,355,256,355,126.33,21.45,50.7,15.92,88.36,12.87,68.4,35.58
293,2026-02-11T16:59:55.060777,185,258,185,284,186,298,193,329,200,344,208,355,226,374,247,386,261,387,275,385,292,372,306,353,312,342,318,328,324,297,325,283,327,257,195,258,200,253,211,252,225,254,243,257,281,257,297,254,311,252,319,254,323,258,262,276,262,286,263,294,263,302,263,310,264,319,263,325,263,328,263,329,263,330,209,275,216,272,227,272,238,278,230,279,219,280,282,278,292,273,303,273,310,276,301,280,290,280,238,352,247,347,254,345,263,347,270,345,277,346,285,350,277,362,271,367,262,368,254,367,246,364,240,352,251,354,262,355,273,353,282,350,268,354,262,355,256,354,126.89,21.29,50.71,15.97,87.5,13.31,69.01,35.46
294,2026-02-11T16:59:55.089450,185,258,185,284,186,298,193,329,200,344,208,355,226,374,247,386,261,387,275,385,292,372,307,353,312,342,318,328,324,297,325,283,327,257,195,258,200,253,210,252,225,254,242,257,281,257,297,254,310,252,319,253,323,258,262,276,262,285,263,294,263,301,263,310,264,319,264,325,263,327,263,328,263,329,209,275,216,272,227,272,238,278,230,279,219,280,282,278,292,273,303,273,310,276,301,280,290,280,238,352,247,347,254,345,263,347,270,345,277,346,285,350,277,363,271,367,262,369,253,368,246,364,240,352,251,353,262,355,273,353,283,350,268,354,262,355,256,355,126.43,21.51,49.76,15.9,86.62,13.17,65.32,32.49
295,2026-02-11T16:59:55.131845,185,258,184,284,185,298,192,329,199,344,207,355,225,374,246,386,261,387,275,385,292,372,306,354,312,342,318,328,324,297,325,283,327,257,195,258,200,253,210,251,225,253,242,257,280,257,297,254,310,252,319,253,323,258,262,275,262,284,262,293,263,300,263,309,263,318,263,324,263,326,263,328,262,329,209,274,216,271,227,271,238,277,230,278,219,279,281,277,292,273,303,273,310,275,300,280,289,279,236,351,247,346,254,345,262,347,270,345,277,346,285,350,277,363,271,367,262,369,253,368,245,364,239,351,250,353,262,355,273,353,283,350,268,354,262,355,256,354,128.1,20.84,50.42,16.84,86.28,13.6,66.27,31.48
296,2026-02-11T16:59:55.157599,185,258,184,284,185,298,192,329,199,344,207,355,225,374,246,386,261,387,274,385,292,372,306,354,312,342,317,328,324,297,325,283,327,257,195,257,200,253,210,251,225,253,242,257,280,257,297,253,310,251,319,253,323,258,262,275,262,284,262,293,263,300,263,309,263,318,263,324,263,326,263,327,262,328,209,274,216,271,227,271,238,277,230,278,219,279,281,277,292,273,303,273,310,275,300,279,289,279,236,351,247,346,254,345,262,347,270,345,277,346,285,350,277,363,271,367,262,369,253,368,245,364,239,351,250,353,262,354,273,352,283,350,268,354,262,355,256,354,128.1,20.85,50.6,16.73,86.19,13.31,67.11,33.72
297,2026-02-11T16:59:55.183900,184,258,184,284,185,298,192,329,199,344,207,355,225,374,246,386,261,387,274,385,292,372,306,353,312,342,317,328,324,297,325,283,327,257,194,257,200,252,210,251,225,253,242,257,280,257,296,253,310,251,319,253,323,257,261,275,262,284,262,292,263,300,263,308,263,317,263,323,263,326,262,327,262,328,209,274,216,271,227,270,238,276,230,278,219,279,281,277,291,272,302,273,309,275,300,279,289,278,236,350,246,346,254,344,262,346,270,344,276,345,285,349,277,362,271,367,262,368,253,367,245,363,239,350,250,352,262,353,273,352,283,350,268,354,262,354,255,354,129.47,20.62,50.83,17.23,86.44,12.94,67.23,34.0
298,2026-02-11T16:59:55.214268,184,258,184,284,185,298,192,329,199,344,207,355,225,373,246,385,260,387,274,385,292,372,306,353,312,342,317,328,324,297,325,283,327,257,194,257,200,252,210,250,225,253,242,256,280,256,296,253,309,251,318,252,322,257,261,274,262,284,262,292,263,299,263,307,263,317,263,323,263,325,262,326,262,327,209,274,216,271,227,270,238,276,230,278,219,279,280,277,291,272,302,273,309,275,300,279,289,278,236,350,246,345,254,343,262,345,270,343,276,344,285,349,277,362,270,366,262,367,253,366,245,363,239,350,250,351,261,353,273,351,282,349,268,353,262,354,255,353,128.88,20.59,50.93,16.83,88.64,12.71,67.9,33.27
299,2026-02-11T16:59:55.257154,184,258,184,284,185,298,192,329,199,344,207,355,225,373,246,385,260,386,274,384,292,372,306,353,312,342,317,328,324,297,325,283,326,257,194,257,200,252,210,250,224,253,241,256,279,256,296,253,309,250,318,252,322,257,261,274,261,283,262,291,262,299,263,307,263,316,263,322,262,324,262,326,262,327,209,274,216,271,227,270,238,276,230,277,219,278,280,276,291,272,302,273,309,275,300,278,288,278,236,349,246,344,253,343,262,345,269,343,276,344,285,348,277,362,270,366,262,367,253,366,245,362,239,349,250,351,261,352,272,350,282,349,268,353,262,354,255,353,125.45,21.77,50.62,16.56,88.05,12.79,68.25,35.29
300,2026-02-11T16:59:55.282695,184,258,184,284,185,298,192,329,199,344,207,355,225,373,246,385,260,386,274,384,292,371,306,353,312,342,317,328,324,297,325,283,326,257,194,257,200,252,210,250,224,252,241,256,279,256,296,252,309,250,318,252,322,256,261,274,261,283,262,291,262,299,263,307,263,316,263,322,262,324,262,325,262,326,209,274,216,270,227,270,238,276,229,277,219,278,280,276,291,271,302,272,308,274,299,278,288,278,236,349,246,344,253,343,262,344,270,342,276,344,285,348,277,362,270,366,262,367,253,366,245,362,239,349,250,350,261,351,272,350,282,349,268,353,262,354,255,353,126.18,21.62,50.84,16.73,87.79,11.91,67.98,35.41
301,2026-02-11T16:59:55.307704,184,258,184,284,185,298,192,329,199,343,207,355,225,373,246,385,260,386,274,384,292,371,306,353,312,342,317,328,324,297,325,283,326,257,194,257,200,252,210,250,224,252,242,256,279,256,296,252,309,250,318,252,322,256,261,274,262,283,262,291,262,298,263,306,263,315,263,321,263,324,262,325,262,326,209,273,216,270,227,269,238,276,229,277,218,278,280,276,291,271,302,271,309,274,299,278,288,278,236,349,246,344,253,342,262,344,270,342,276,343,285,348,277,362,270,366,262,367,253,366,245,362,239,349,250,350,261,351,272,350,282,349,268,353,262,354,255,353,125.79,21.53,51.27,16.75,88.55,12.22,67.66,34.72
302,2026-02-11T16:59:55.350998,184,258,184,284,185,298,192,329,199,343,207,355,225,372,246,384,260,386,274,384,292,371,306,353,312,342,317,328,324,297,325,283,326,257,194,257,200,252,210,250,224,252,242,255,279,255,296,252,309,250,318,252,322,256,261,273,262,282,262,290,262,298,263,306,263,314,263,320,263,323,263,324,262,325,209,273,215,269,227,269,238,275,229,277,218,278,280,276,291,270,302,271,309,274,300,278,289,278,236,349,246,343,254,341,262,343,270,341,277,343,285,348,278,362,271,367,262,369,253,367,245,363,239,349,250,350,262,351,273,349,283,348,268,354,262,355,255,354,125.94,21.52,50.24,15.73,88.28,11.97,66.28,33.04
303,2026-02-11T16:59:55.374651,184,258,184,284,185,298,192,329,199,343,206,354,225,372,246,384,260,386,274,384,292,371,306,353,312,342,317,328,324,297,325,283,326,257,194,256,200,251,210,249,224,251,242,255,280,255,296,252,309,250,318,252,322,256,261,273,262,282,262,290,263,298,263,305,264,314,263,320,263,323,263,324,262,325,209,273,215,269,227,269,238,275,229,277,218,277,280,276,291,270,302,271,309,274,300,278,289,278,236,348,246,342,254,341,262,342,271,341,277,342,286,348,279,363,271,368,262,370,252,368,244,363,239,349,250,348,262,349,273,348,283,348,268,356,262,357,255,356,128.78,20.46,49.48,15.36,87.95,11.58,64.9,30.38
304,2026-02-11T16:59:55.402493,184,257,184,284,185,297,192,329,199,343,206,354,225,372,246,384,261,386,274,384,292,371,306,353,312,342,317,327,324,297,325,283,326,257,194,256,200,251,210,249,224,251,242,254,280,254,296,251,309,249,318,251,322,256,261,272,262,281,262,290,263,297,263,305,264,314,264,320,263,322,263,324,263,325,209,272,215,268,227,268,238,274,229,276,218,277,281,275,292,270,302,270,309,273,300,277,289,277,236,347,246,341,254,340,263,341,271,339,278,341,286,347,280,363,272,368,262,370,252,368,244,364,239,348,250,348,262,349,274,347,283,348,269,356,262,357,255,356,129.15,20.57,49.86,15.43,88.14,11.74,66.1,32.75
